922,9miao/Firefly
83,91yun/91yuntest
103,99designs/iamy
1983,91yun/serverspeeder
1983,91yun/serverspeeder
138,907th/vim-auto-save
153,91yun/shadowsocks_install
396,9fans/plan9port
1380,9magnets/iOS-Developer-and-Designer-Interview-Questions
39,944095635/DMSkin-for-WPF
41,9958/NEMBlog
133,94dreamer/webpack
79,937447974/YJCocoa
260,91yun/finalspeed
633,99designs/aws-vault
73,976431yang/YQImageTool
30,9b/pcap_tools
14,99xt/serverless-dynamodb-client
61,94fzb/zrlog
30,983430207/share
38,9ci/grails-quartz2
30,983430207/share
30,983430207/share
125,981213/openwrt
116,9IPHP/9IPHP
61,94fzb/zrlog
61,94fzb/zrlog
61,94fzb/zrlog
11,96qbhy/qrcode-scanner
81,900Seconds/900SecondsSDK
34,91yun/code
779,9miao/CrossApp
80,94cstyles/lottery
20,976431yang/YQPanoramaView
17,995270418L/koa2-blog
20,9466/daemon
36,96-problems/Offline-Time
36,96-problems/Offline-Time
195,937447974/Swift
195,937447974/Swift
29,976431yang/YQInAppPurchaseTool
128,937447974/Blog
195,937447974/Swift
15,900116/JsonToClass
28,976431yang/YQChartView
23,976431yang/YQImageCompressor
48,9magnets/HopePoint
15,937447974/LearningMaterials
43,976500133/TableView-Chat
112,99xt/serverless-dynamodb-local
343,9seconds/ah
343,9seconds/ah
