313,andrewkirillov/AForge.NET
116,antlr/antlrcs
3028,antlr/antlr4
210,anakic/Jot
2186,accord-net/framework
23504,ariya/phantomjs
2186,accord-net/framework
363,adakoda/android-screen-monitor
6444,aspnet/Home
6151,aksakalli/gtop
68,automayt/ICS-pcap
421,andrewjkerr/security-cheatsheets
4571,auduno/clmtrackr
283,aspnet/DotNetTools
701,aspnet/Announcements
2512,aspnet/JavaScriptServices
37,aspnet/templating
57,adatlaborhu/learnlanguages
297,amitmerchant1990/electron-markdownify
197,ayende/rhino-licensing
10174,aurelia/framework
3429,aspnetboilerplate/aspnetboilerplate
28819,angular/angular
735,anggrayudi/android-hidden-api
1079,apple/swift-corelibs-libdispatch
441,aptnotes/data
28256,adobe/brackets
6872,asciimoo/wuzz
40973,atom/atom
58,avast/sms-ticket
3248,alibaba/anyproxy
4833,altercation/vim-colors-solarized
2293,aquynh/capstone
360,aspnet/Logging
4686,aspnet/Mvc
1065,aspnet/SignalR
281,anderscui/jieba.NET
791,apache/lucenenet
25,anestisb/vdexExtractor
17,anestisb/dexRepair
157,apache/apr
153,adishavit/argh
21041,alvarotrigo/fullPage.js
25,anestisb/vdexExtractor
2387,aalhour/awesome-compilers
28638,axios/axios
84,aspose-words/Aspose.Words-for-.NET
6268,astuetz/PagerSlidingTabStrip
5626,apple/darwin-xnu
18,afourmy/pyEarth
1259,artoolkit/artoolkit5
399,artoolkit/arunity5
3023,abseil/abseil-cpp
104,adobe/brackets.io
529,apache/pdfbox
99,aws/aws-sdk-java-v2
2169,aws/aws-sdk-java
3264,ag-grid/ag-grid
13013,angular/angular-cli
13013,angular/angular-cli
1179,akxcv/vuera
140,alibaba/tamper
5688,andreis/interview
4362,alvarcarto/url-to-pdf-api
422,alexmoreno/ES6-para-humanos
15830,angular/material
57296,angular/angular.js
2090,agershun/alasql
2441,amitshekhariitbhu/Fast-Android-Networking
3032,anchorcms/anchor-cms
281,atmist/snazzy-info-window
5887,allinurl/goaccess
330,afterlogic/webmail-lite
8560,aFarkas/html5shiv
207,aichaos/rivescript-js
3318,ai/nanoid
3488,abraham/twitteroauth
6730,aframevr/aframe
4362,alvarcarto/url-to-pdf-api
59563,airbnb/javascript
6979,angular/protractor
120,ajwhite/render-if
22,angelomedeiros/apostila-git
23,alexanmtz/truppie
57296,angular/angular.js
4994,alexpate/awesome-design-systems
11334,angular/material2
3561,astorfi/TensorFlow-World
3109,alibaba/p3c
2488,airbnb/native-navigation
23,aguinet/usbtop
994,ankidroid/Anki-Android
971,aguinet/wannakey
283,altf4/SmashBot
26094,ansible/ansible
14657,apache/spark
12590,astaxie/beego
3318,ai/nanoid
1219,apex/gh-polls
8027,arasatasaygin/is.js
213,apex/static
11126,airbnb/enzyme
759,akrennmair/newsbeuter
3109,alibaba/p3c
60,anabastos/mozao
177,appleboy/gulp-compass
2916,atomiks/tippyjs
762,alibaba/weex-ui
3109,alibaba/p3c
2986,amueller/word_cloud
1882,ata4/disunity
694,acl-dev/acl
63,antoniocapelo/angular-typewrite
1718,alexaubry/BulletinBoard
757,apple/coremltools
26094,ansible/ansible
18316,ant-design/ant-design
2426,alexk111/SVG-Morpheus
25776,antirez/redis
3152,android-cn/android-discuss
576,alibaba/tair
639,alibaba/tfs
4123,alibaba/rocketmq
3178,alibaba/jstorm
6057,alibaba/tengine
12039,alibaba/dubbo
2377,alibaba/otter
8189,alibaba/druid
955,arvidn/libtorrent
275,abingham/emacs-ycmd
87,allenxuan/XuanImageView
23,allenz8512/AndroidAppLog
35,antoyo/vim-licenses
5490,andymccurdy/redis-py
4392,arangodb/arangodb
11601,apache/incubator-mxnet
4542,apache/storm
330,aws/lumberyard
6874,aosp-mirror/platform_frameworks_base
81,aisouard/libwebrtc
5119,apidoc/apidoc
202,amjuarez/bytecoin
67,akayn/demos
1497,akheron/jansson
2515,apache/rocketmq
2510,ansible/awx
2800,apache/flink
1955,antlr/grammars-v4
1302,apache/arrow
85,aborn/popkit-elpa
129,angularLovers/angularjs
51,anshengme/blog
44,angularLovers/angular2-demo
1431,alexvasilkov/GestureViews
64,artyom-beilis/cppcms
600,ant-design/ant-ux
6895,aria2/aria2
354,alanwangmodify/TableViewAnimationKit
1832,aisuhua/restful-api-design-references
205,arcticicestudio/nord-vim
289,apavlo/h-store
242,axgle/mahonia
119,ali-rantakari/peg-markdown-highlight
1989,android-cjj/BeautifulRefreshLayout
650,afollestad/sectioned-recyclerview
2428,aurelhubert/ahbottomnavigation
2630,apple/swift-corelibs-foundation
5181,alibaba/atlas
24235,avelino/awesome-go
19276,almasaeed2010/AdminLTE
302,ascoders/alipay
1426,arachnys/athenapdf
101,artiely/vue-admin-iview
2384,affinelayer/pix2pix-tensorflow
3282,ageron/handson-ml
16800,aosabook/500lines
3611,alexazhou/VeryNginx
369,auth0-blog/angular-token-auth
2603,asLody/VirtualApp
254,alibaba/spring-boot-starter-dubbo
60,automan000/Convolution_LSTM_pytorch
17149,aymericdamien/TensorFlow-Examples
483,aliyun-UED/aliyun-sdk-js
223,aliyun-UED/open5
3985,apache/hadoop
11039,alibaba/fastjson
14293,akullpp/awesome-java
393,abel533/ECharts
3190,apereo/cas
1200,apache/shiro
9727,abhishekbanthia/Public-APIs
14293,akullpp/awesome-java
1954,android-cn/android-jobs
142,apoelstra/rust-bitcoin
6867,acgotaku/BaiduExporter
6765,ageitgey/face_recognition
68,adafruit/Adafruit-PiTFT-Helper
713,adafruit/Fritzing-Library
7863,apple/swift-evolution
972,aosp-exchange-group/share
5766,apache/incubator-weex
16305,airbnb/lottie-android
10962,airbnb/lottie-ios
209,ashfurrow/UICollectionViewFlowLayoutExample
1677,alibaba/macaca
9686,airyland/vux
43,alibaba/torchcraft-py
1113,aNNiMON/Lightweight-Stream-API
11039,alibaba/fastjson
3373,apache/mesos
10552,ampproject/amphtml
3673,atlassian/react-beautiful-dnd
415,arguiot/DisplayJS
1287,agermanidis/livepython
16361,apache/incubator-superset
2842,alibaba/UltraViewPager
208,albinowax/ActiveScanPlusPlus
14464,angular-ui/bootstrap
33,ateliware/triplex
583,abouolia/sticky-sidebar
417,awkward/Alembic
369,aploium/shootback
674,abo-abo/hydra
495,abatchy17/WindowsExploits
1270,aboul3la/Sublist3r
143,alpha1e0/pentestdb
773,asciimoo/cssplot
130,anarcoder/google_explorer
209,az0ne/AZScanner
100,antoor/ant
1654,andresriancho/w3af
1270,aboul3la/Sublist3r
2845,ameizi/awesome-ios-animation
78,aemkei/katakana.js
479,arterli/CmsWing
833,alexfernandez/loadtest
759,antvis/g2
454,alsotang/async_demo
232,airingursb/canvas
1872,abpetkov/switchery
543,ant4g0nist/lisa.py
11630,adobe-fonts/source-code-pro
182,alexholmes/hadoop-book
2500,ashishb/android-security-awesome
24,aWeiMiaoMiao/db_security
37,angt/glorytun
577,ahonn/hexo-theme-even
1937,angr/angr
217,acquia/reservoir
352,arunoda/node-usage
125,acama/xrop
41,alexhude/LoadProcConfig
15,averagesecurityguy/searchscan
64,anshumanbh/kubebot
181,anshumanbh/git-all-secrets
28,az0ne/AZSpider
36,az0ne/simple_zoomeye
31,airdock-io/docker-oracle-jdk
433,adolfintel/speedtest
100,antoor/ant
209,az0ne/AZScanner
80,anhkgg/multi_wechat_pc
18462,astaxie/build-web-application-with-golang
5485,aws/aws-cli
23041,adam-p/markdown-here
232,andersondanilo/CnabPHP
816,ab77/netflix-proxy
190,adamwathan/laracon2017
13,alphagov/pay-frontend
2849,artemnovichkov/iOS-11-by-Examples
2500,ashishb/android-security-awesome
11630,adobe-fonts/source-code-pro
2509,aui/font-spider
145,ankane/swipeout
1263,apache/mahout
232,ares333/php-curlmulti
342,ashishb/osx-and-ios-security-awesome
203,abbshr/abbshr.github.io
206,aio-libs/yarl
2171,attentiveness/reading
3623,alibaba/rax
8247,akveo/ngx-admin
7737,akveo/blur-admin
3008,anmoljagetia/Flatabulous
313,archlinuxcn/repo
211,aperezdc/ngx-fancyindex
3185,anbox/anbox
37,andrewdodd/ccsniffpiper
28,andrewdodd/pyCCSniffer
161,adjust/android_sdk
608,antoor/antSword
840,airbnb/streamalert
1727,andelf/fuck12306
17,agustingianni/memrepl
181,anshumanbh/git-all-secrets
143,aliyun/aliyun-odps-python-sdk
767,aircrack-ng/aircrack-ng
256,aelassas/Wexflow
4069,apache/thrift
5863,amfe/lib-flexible
4953,angular-ui/ui-grid
1503,angular-ui/ui-utils
54,alexbruno/hexo-generator-json-content
202,alioth310/itt2zh
158,alexanderepstein/cryptowatch
368,astorfi/speechpy
251,abisee/pointer-generator
1550,ai/visibilityjs
172,ahfarmer/minimal-react-starter
19337,alex/what-happens-when
11,alexbirkett/kiwi-java
1610,alexdrone/Render
1610,alexdrone/Render
1727,andelf/fuck12306
494,ariok/TB_TwitterUI
1601,atConf/atswift-2016-resources
10434,alsotang/node-lessons
5512,adamwdraper/Numeral-js
3005,arielf/weight-loss
1311,actor-framework/actor-framework
335,aroth/react-native-uploader
324,ascoders/react-native-image-viewer
3185,anbox/anbox
989,andpor/react-native-sqlite-storage
4294,apollographql/apollo-client
2396,a8m/go-lang-cheat-sheet
110,azavea/django-queryset-csv
415,abseil/abseil-py
104,adrienverge/PhotoCollage
1401,ascribe/image-match
2580,austinzheng/swift-2048
7140,alexjc/neural-enhance
46,avlidienbrunn/bountydash
338,avege/avege
34,attackdebris/babel-sf
3018,ant-design/ant-design-mobile
84,aben1188/awesome-wepy
369,axel-download-accelerator/axel
97,arialdomartini/morris-worm
220,awslabs/aws-waf-sample
365,arismelachroinos/lscript
172,alim0x/Awesome-Linux-Software-zh_CN
5971,apiaryio/api-blueprint
1050,aigamedev/scikit-neuralnetwork
62,almarklein/visvis
947,ahupp/python-magic
42,arnaudsoullie/dyode
33,azmatt/windowsEnum
1110,andredumas/techan.js
11,aviraxp/ONEPLUS_MSM8994_KAWORI
11,aviraxp/NoMoreGooglePlayServices
585,abperiasamy/rtl8812AU_8821AU_linux
5606,airbnb/react-native-maps
697,andsel/moquette
956,awolfly9/IPProxyTool
207,alexhude/uEmu
306,airbus-seclab/bincat
2313,angrave/SystemProgramming
1476,apsdehal/awesome-ctf
17,angr/tracer
808,axboe/fio
473,advanced-threat-research/firmware-security-training
29,abdesslem/CTF
106,artkond/cisco-rce
1476,apsdehal/awesome-ctf
23041,adam-p/markdown-here
34,androidyue/Akoi-Translator
3623,alibaba/rax
326,antecedent/patchwork
272,akserg/ng2-slim-loading-bar
274,angular-ui/ui-leaflet
229,atom/flight-manual.atom.io
78,alx741/vim_cheat_ball
561,apache/httpcomponents-client
354,apache/cxf
700,agermanidis/autosub
67,aozhimin/iOS-Cracked-Apps
3320,alibaba/canal
63,albertchendao/demos
31,antvis/G2-demo
5563,arut/nginx-rtmp-module
573,androiddevelop/AlignTextView
2641,adobe-fonts/source-han-serif
10434,alsotang/node-lessons
187,andrejewski/himalaya
929,aweary/tinytime
7445,acdlite/recompose
1045,akopytov/sysbench
42,arnaudsoullie/dyode
17,anilyuk/punydomaincheck
216,adi0x90/attifyos
511,airbnb/binaryalert
19337,alex/what-happens-when
12,atomize/Gunfigurator
76,api0cradle/UltimateAppLockerByPassList
168,attackercan/regexp-security-cheatsheet
511,airbnb/binaryalert
76,api0cradle/UltimateAppLockerByPassList
427,apache/opennlp
659,arbox/nlp-with-ruby
14,apohllo/srx-english
47,atbaker/wikipedia-question-generator
328,arbox/data-science-with-ruby
62,altjx/ipwn
31,ankh2054/windows-pentest
325,althonos/InstaLooter
6050,appium/appium
418,appium/appium-desktop
41,angelsix/fasetto-word
289,aalansehaiyang/technology-talk
489,apache/mina
178,arnabc/simplelauncher
338,alibaba/ApsaraCache
1904,aikorea/awesome-rl
66,amueller/pydata-nyc-advanced-sklearn
11,anjishnu/Crackr
614,aoh/radamsa
51,anshumanbh/tko-subs
176,aancw/Belati
76,api0cradle/UltimateAppLockerByPassList
463,allmachinelearning/MachineLearning
2040,acani/Chats
753,amphp/aerys
24,awolfly9/jd_comment
197,awolfly9/jd_analysis
1249,alibaba/TProfiler
976,aleju/imgaug
2024,alibaba/f2etest
104,api-platform/admin
122,appsecco/bugcrowd-levelup-subdomain-enumeration
432,aws/aws-fpga
16,ayooby/react-native-calendar-heatmap
219,andrew-d/static-binaries
307,autocracy/python-ipy
3056,aemkei/jsfuck
705,ac-pm/Inspeckage
2569,andreamazz/BubbleTransition
176,aancw/Belati
46,adriangibbons/php-fit-file-analysis
2646,aws/aws-sdk-php
31,aws/aws-logging-dotnet
1553,aslanyanhaik/youtube-iOS
55,adinapoli/vim-markmultiple
1815,attractivechaos/klib
10520,alebcay/awesome-shell
2288,alibaba/AliSQL
3468,apache/zookeeper
6352,apache/kafka
906,apache/activemq
736,apache/struts
72,apache/commons-fileupload
474,apache/log4j
338,alibaba/ApsaraCache
1920,angulartics/angulartics
469,angular-ui/ui-tinymce
2977,angular/quickstart
661,albfan/miraclecast
10791,amix/vimrc
976,aleju/imgaug
124,askerlee/topicvec
25,ajinabraham/Node.Js-Security-Course
1102,abel533/MyBatis-Spring-Boot
5100,aspnet/EntityFrameworkCore
195,aspnet/EntityFramework.Docs
1973,andersao/l5-repository
114,andersao/laravel-validator
174,andersao/laravel-request-logger
697,aspnet/Security
138,appscode/kubed
86,appscode/stash
39,aiportal/wechat-proxy
1213,alterstep/dnscrypt-osxclient
212,ahhh/Reverse_DNS_Shell
55,akibsayyed/safeseven
10791,amix/vimrc
207,ant4g0nist/Susanoo
117,ant4g0nist/vegvisir
345,atizo/PyTagCloud
19,antichown/subdomain-takeover
2001,auth0/express-jwt
15949,ajaxorg/ace
117,ant4g0nist/vegvisir
207,ant4g0nist/Susanoo
12,akrikos/CSRF-Testing-Tools
717,afex/hystrix-go
195,abforce/xposed_art_n
9314,allenwong/30DaysofSwift
9921,android10/Android-CleanArchitecture
4996,amlcurran/ShowcaseView
3499,aa112901/remusic
4635,antoniolg/androidmvp
1101,alibaba/LazyScrollView
2140,artsy/eigen
4554,a1studmuffin/SpaceshipGenerator
36,andydbc/HologramShader
9314,allenwong/30DaysofSwift
4287,adrai/flowchart.js
78,auth0/repo-supervisor
744,agronholm/apscheduler
131,apanly/mooc
710,alanxz/rabbitmq-c
234,agragregra/wordpress-landing-page-lesson
1692,androguard/androguard
883,anjuke/zguide-cn
5817,audreyr/cookiecutter
13110,angular/angular-seed
9921,android10/Android-CleanArchitecture
430,anthonycr/Grant
13110,angular/angular-seed
15949,ajaxorg/ace
55,aaron-xichen/cnn-lstm-ctc
92,anshumanbh/brutesubs
122,appsecco/bugcrowd-levelup-subdomain-enumeration
11,arngarden/locker_room
229,acquia/blt
19,a2design-inc/hipster
124,awslabs/collectd-cloudwatch
1587,awesomeWM/awesome
2127,asaskevich/govalidator
92,anshumanbh/brutesubs
440,adamcaudill/EquationGroupLeak
51,arantius/greasemonkey-compiler
7096,airbnb/lottie-react-native
82,anvilabs/react-native-image-carousel
267,andrivet/ADVobfuscator
15,ashleymcnamara/Developer-Advocate-Bit
437,andrzejchm/RESTMock
10791,amix/vimrc
122,allfro/pymetasploit
182,abiosoft/caddy-docker
329,akof1314/Wiz.Editor.md
112,alexeyxo/swift-apns
16,amweiss/dark-sky-core
1140,apache/kylin
177,adikhosla/feature-extraction
15,adikhosla/mturkMatlab
73,apache/tomcat80
35,alek-sys/spring-functional-microframework
748,adamw/macwire
53,apache/commons-jcs
9314,allenwong/30DaysofSwift
242,agile6v/awesome-nginx
42,andresriancho/secure-ubuntu-desktop
1598,altair-viz/altair
1784,aschuch/StatefulViewController
5537,aksonov/react-native-router-flux
15,alfredhuang211/study-docker-doc
19,anrip/IpAreaRoute
474,apache/log4j
6170,alibaba/vlayout
7311,atech/postal
3064,amitshekhariitbhu/Android-Debug-Database
193,apache/incubator-netbeans
1391,alibaba/HandyJSON
4298,ashleymills/Reachability.swift
129,aarond10/https_dns_proxy
304,attaswift/BigInt
1391,alibaba/HandyJSON
38,akamajoris/php-extension-backdoor
173,abel533/guns
1102,abel533/MyBatis-Spring-Boot
117,atom/bracket-matcher
134,approach0/search-engine
2288,alibaba/AliSQL
65,alibaba/AliSQLBackup
5736,almende/vis
1043,adzap/validates_timeliness
8292,audreyr/favicon-cheat-sheet
5817,audreyr/cookiecutter
1172,audreyr/cookiecutter-pypackage
187,aliyun/aliyun-oss-python-sdk
161,asphalt-framework/asphalt
4853,ajenti/ajenti
197,ansible/tower-cli
1254,appbaseio/mirage
101,assertchris-tutorials/laravel-4-e-commerce
522,anhskohbo/no-captcha
910,alexanderzobnin/grafana-zabbix
273,armon/go-radix
2127,asaskevich/govalidator
5859,aui/art-template
56,aio-libs/aiohttp-security
64,aio-libs/aioodbc
1453,adchsm/Slidebars
2679,aui/artDialog
76,asyncio-docs/asyncio-doc
226,aio-libs/aiozmq
87,argaen/aiocache
5062,ansible/ansible-examples
959,allenai/allennlp
1342,alex-sherman/deco
14,aatarasoff/docker-nomad
2501,adamschwartz/log
3329,andyet/SimpleWebRTC
5859,aui/art-template
936,andyet/signalmaster
1011,auth0-blog/angular2-authentication-sample
659,aws/amazon-cognito-identity-js
18,awslabs/aws-mobile-ionic-sample
292,awslabs/aws-serverless-auth-reference-app
512,akveo/nebular
679,akveo/ng2-smart-table
50,amcharts/amcharts3-angular2
11,apigee/apigee-management-api-postman
1028,angular/angular2-seed
39,authlete/java-oauth-server
1130,a5hik/ng-sortable
2027,apache/incubator-openwhisk
412,akrawchyk/awesome-vim
10520,alebcay/awesome-shell
4492,andlabs/ui
1203,avwo/whistle
3468,apache/zookeeper
31,abei2017/lang-sc
1945,albertlauncher/albert
1587,awesomeWM/awesome
1945,albertlauncher/albert
2930,akveo/kittenTricks
1970,alecthomas/gometalinter
11729,altercation/solarized
1514,apache/hbase
2136,asciimoo/searx
6352,apache/kafka
8131,alexjc/neural-doodle
3027,anishathalye/neural-style
64,ashen-zhao/ReadChinese
527,applidium/PokemonGo_Android_RE
215,anatolikalysch/VMAttack
48,alexandreblin/python-can-monitor
142,android-notes/androidScreenShareAndControl
15949,ajaxorg/ace
169,ambionics/phpggc
25,anshumanbh/hodor
62,abarth/marquee
156,artkond/Invoke-Vnc
109,arvinddoraiswamy/mywebappscripts
44,averagesecurityguy/30DaysOfGo
417,agconti/kaggle-titanic
20,agentzh/lua-resty-multipart-parser
321,arturoherrero/command-line-one-liners
64,az0ne/Github_Nuggests
21,atnos-org/origami
78,auth0/repo-supervisor
1928,awslabs/git-secrets
282,atnos-org/eff
133,appium/sign
2646,aws/aws-sdk-php
123,austin-taylor/flare
1436,angular-ui/ui-calendar
358,abenzer/represent-map
203,angular-cn/ng-nice
710,angular-cn/ng-showcase
80,alcat2008/front-end-study-guide
198,azer/crud
41,arun-gupta/docker-jenkins-pipeline
9314,allenwong/30DaysofSwift
294,alexkaessner/macOS-UI-Kit
14,antchain/antchain.org
271,awesome-yii/list
142,armstrong/armstrong
65,april/cryptonom-icon
5624,alexanderepstein/Bash-Snippets
62,agusmakmun/CodeFights-1
149,alainiamburg/sniffROM
1505,alexei/sprintf.js
11,abatchy17/exploits
63,abhinavbom/Threat-Intelligence-Hunter
3543,arachnys/cabot
726,adamw/elasticmq
1323,ansistrano/deploy
210,ajinabraham/NodeJsScan
77,ajinabraham/WebAppSec
234,aquasecurity/kube-bench
440,adamcaudill/EquationGroupLeak
2450,airbnb/polyglot.js
961,adamcooke/staytus
152,amitjakhu/dripicons
12,amphp/byte-stream
43,alexdebril/feed-io
661,albfan/miraclecast
705,ac-pm/Inspeckage
69,attify/firmware-analysis-toolkit
443,alessiomaffeis/vue-picture-input
198,algolia/vue-instantsearch
711,antonioribeiro/firewall
353,appstract/laravel-blade-directives
1693,a11yproject/a11yproject.com
50,adamlc/address-format
37,anindya-dhruba/laravel-vue-spa
225,akaunting/akaunting
710,agarrharr/awesome-macos-screensavers
2274,ansible-semaphore/semaphore
153,aptible/supercronic
14,alexheretic/apart-gtk
110,andresriancho/race-condition-exploit
207,ant4g0nist/Susanoo
17,almandin/fuxploider
84,aipengjie/sensitivefilescan
93,asteris-llc/vaultfs
234,aquasecurity/kube-bench
434,averagesecurityguy/scripts
149,automatingosint/osint_public
3040,askmike/gekko
1918,apiaryio/dredd
1115,atomashpolskiy/bt
746,artesaos/seotools
2829,adonisjs/adonis-framework
869,apiato/apiato
4964,andreafabrizi/Dropbox-Uploader
23,alexpechkarev/geometry-library
3135,alvarotrigo/pagePiling.js
193,apache/incubator-netbeans
1742,ayojs/ayo
1221,angular-ui/ui-sortable
442,apigee-127/swagger-tools
9314,allenwong/30DaysofSwift
3135,alvarotrigo/pagePiling.js
149,algorhythms/LintCode
3177,anijs/anijs
13110,angular/angular-seed
212,ahhh/Reverse_DNS_Shell
182,aonez/Keka
31,a7vinx/swarm
896,adtac/autovpn
93,alaska/deadman
97,arslan2012/Lazy-Hackintosh-Image-Generator
368,alanrenouf/vCheck-vSphere
18,andytinycat/puppet-clientbucket-restore
2274,ansible-semaphore/semaphore
252,ayoungprogrammer/nlquery
5760,amfe/article
9776,androidannotations/androidannotations
5282,aritraroy/UltimateAndroidReference
5760,amfe/article
639,agnoster/agnoster-zsh-theme
200,argonjs/argon
519,alexeyten/qr-image
559,angular/angular-electron
15949,ajaxorg/ace
1480,anders94/blockchain-demo
1270,ashleydw/lightbox
597,asvd/dragscroll
6170,alibaba/vlayout
1554,athkalia/Just-Another-Android-App
324,androidthings/sample-tensorflow-imageclassifier
498,amitshekhariitbhu/awesome-android-things
146,anestisb/android-simg2img
232,alperakcan/fuse-ext2
16,appium/unlock_apk
498,asiosldh/BMDragCellCollectionView
1566,a0viedo/demystifying-js-engines
275,alphazero/jredis
1480,adonovan/gopl.io
5859,aui/art-template
5541,acdlite/react-fiber-architecture
957,alibaba/LVS
61,aalmiray/Json-lib
39,avenwu/cnblogs
54,anunez/one-dark-iterm
1115,atomashpolskiy/bt
879,adafruit/DHT-sensor-library
498,asiosldh/BMDragCellCollectionView
33,ashqal/PNGCompressForMac
3554,activerecord-hackery/ransack
1219,allegro/bigcache
1982,anaibol/awesome-serverless
412,akrawchyk/awesome-vim
1050,abel533/Mapper
655,algolia/github-awesome-autocomplete
436,arturgrigor/AGImagePickerController
304,ali-sdk/ali-oss
51,ali-sdk/ali-rds
1219,allegro/bigcache
2247,alohaeditor/Aloha-Editor
114,auduno/clmtools
3835,aio-libs/aiohttp
4158,amoffat/sh
198,awslabs/dynamodb-geo
1507,awslabs/aws-mobile-react-native-starter
3499,aa112901/remusic
4287,adrai/flowchart.js
2365,amitshekhariitbhu/RxJava2-Android-Samples
359,adamgruber/mochawesome
28,aurainfosec/burp-multi-browser-highlighting
16,amanthedorkknight/fifa18-all-player-statistics
676,apache/nifi
241,alessandrofrancesconi/gimp-plugin-bimp
2582,alibaba/DataX
739,alibaba/yugong
6550,amark/gun
18,abarker/pdfCropMargins
308,adaltas/node-csv-parse
2288,ai/browserslist
1782,apache/tomcat
5624,alexanderepstein/Bash-Snippets
17,ankushs92/Java-DB-IP
233,apache/activemq-artemis
152,actionjack/so-you-want-to-onboard-a-devops-engineer
179,allfro/sploitego
14,andrewelkins/Linux-Malware-Detect
80,alexandred/VoodooI2C
175,ansible/ansible-lockdown
7311,atech/postal
3587,aphyr/distsys-class
7311,atech/postal
195,ajinabraham/OWASP-Xenotix-XSS-Exploit-Framework
728,altercation/ethanschoonover.com
866,awslabs/amazon-redshift-utils
3800,agis/git-style-guide
1918,apiaryio/dredd
12,aboudou/SmartEverything_SigFox_GPS
1583,adamzap/landslide
185,albarqouni/Deep-Learning-for-Medical-Applications
683,a2888409/face2face
3894,apache/cassandra
2699,ardanlabs/gotraining
1182,achilleasa/gopher-os
1932,asciimoo/colly
279,alexcrichton/toml-rs
134,anotheria/moskito
1310,alexgorbatchev/jquery-textext
2348,aehlke/tag-it
10586,amazeui/amazeui
100,asiosldh/UITableView-BMTemplateLayoutCell
237,amule-project/amule
1674,angular/flex-layout
96,alexkey/cookiecutter-lux-python
3176,addyosmani/essential-js-design-patterns
30,andygrunwald/go-gerrit
97,angelozerr/tslint-language-service
1143,andyearnshaw/Intl.js
824,abh/geodns
40,adamcooke/bound
218,atomia/atomiadns
897,avelino/vim-bootstrap
294,andrewpage/programming-ebooks
704,azat-co/you-dont-know-node
23,anvilventures/dawgmon
22,azya52/seiko
248,ajbrock/SMASH
163,apache/openoffice
714,allegro/ralph
509,analogueorm/analogue
459,amranidev/scaffold-interface
1160,athityakumar/colorls
3215,airbnb/css
621,adrianlopezroche/fdupes
2920,arkency/reactjs_koans
14,adarshmammen/Home_integration
867,angular-redux/ng-redux
1932,asciimoo/colly
3901,ankane/searchkick
8624,apenwarr/sshuttle
52,aaron868/security-audit
95,ankane/s3tk
79,agl/extract-nss-root-certs
740,ankane/the-ultimate-guide-to-ruby-timeouts
611,apache/trafficserver
1932,asciimoo/colly
1050,abel533/Mapper
5282,aritraroy/UltimateAndroidReference
472,addappcn/android-pickers
3330,alibaba/ARouter
498,asiosldh/BMDragCellCollectionView
234,armcha/Ribble
74,allenai/pdffigures2
143,amir32002/3D_Street_View
116,arastu/iran
60,alexplaskett/QNXSecurity
12,altrive/PSCodeAnalyzer
60,alexplaskett/QNXSecurity
639,agnoster/agnoster-zsh-theme
619,aivarsk/scrapy-proxies
543,alcuadrado/hieroglyphy
42,allanbreyes/udacity-full-stack
664,atmanos/atmanos
29,atlas0fd00m/rfcat
862,aramk/crayon-syntax-highlighter
1643,alexcrichton/futures-rs
49,anchore/anchore-engine
697,alex/letsencrypt-aws
2288,alibaba/LuaViewSDK
212,alibaba/dawn
12,aMarCruz/rollup-plugin-cleanup
6250,apache/incubator-airflow
28,androiddevelop/jekyll-search
2941,angular/angular-phonecat
1244,acidb/mobiscroll
78,amirziai/sklearnflask
11,aditya-chaturvedi/spark-on-spring-boot
1306,ankane/blazer
1320,appleboy/gorush
60,assembla/cony
1476,alibaba/tsar
66,appsecco/defcon24-infra-monitoring-workshop
2399,astaxie/go-best-practice
590,ant-design/antd-init
47,arnozhang/phoenix-blog-framework
246,alfhen/vue-cookie
673,azat-co/cheatsheets
90,airingursb/ez
967,a-voyager/BluetoothHelper
590,ant-design/antd-init
176,amhoho/electron-cn-docs
845,aploium/zmirror
65,andyshinn/docker-dnsmasq
4006,atlemo/SubtlePatterns
22,ayyucedemirbas/linux-insides_Turkish
12,anilbaranyelken/webZafiyetTarama
237,ahmadawais/Gutenberg-Boilerplate
497,apache/cloudstack
522,aamirafridi/jQuery.Marquee
504,apache/pig
53,akira-cn/rpio2
2627,ajalt/fuckitpy
2498,airbnb/DeepLinkDispatch
2794,acdlite/flux-standard-action
278,alanzchen/rm-protection
5952,auchenberg/volkswagen
33,allanlw/dhtplay
120,andrecp/django-tutorial-docker-nginx-postgres
3493,airbnb/hypernova
131,allebb/netbeans-psr-formatting
104,abo-abo/oremacs
664,abo-abo/swiper
165,alvan/vim-closetag
583,artur-shaik/vim-javacomplete2
1064,apache/incubator-singa
7881,afaqurk/linux-dash
89,asingh33/SupervisedChromeTrex
819,asrivat1/DeepLearningVideoGames
1409,automl/auto-sklearn
162,abbypa/NNProject_DeepMask
276,adatao/tensorspark
25,avulanov/scalable-deeplearning
1376,amyhaber/cnki-downloader
463,aloctavodia/Doing_bayesian_data_analysis
1120,anfederico/Clairvoyant
1409,automl/auto-sklearn
105,awslabs/elastic-beanstalk-docs
3296,arsduo/koala
130,abhyudaynj/LSTM-CRF-models
878,angryip/ipscan
30,alfonsolink/tf_rfcn
4021,aymericdamien/TopDeepLearning
1770,amaas/stanford_dl_ex
523,aaron-xichen/pytorch-playground
265,abalabahaha/eris
3056,awentzonline/image-analogies
58,alexandrebarachant/kaggle-seizure-prediction-challenge-2016
810,awjuliani/DeepRL-Agents
810,awjuliani/DeepRL-Agents
167,awjuliani/Meta-RL
358,awjuliani/TF-Tutorials
131,awjuliani/oreilly-rl-tutorial
109,awjuliani/dfp
19,annatomka/ng-c3-export
43,alanjin/PlottingSymbol
259,aloisdg/awesome-regex
1029,ahangchen/GDLnotes
27,amcat/amcat
84,acado/acado
65,alberduris/SirajsCodingChallenges
11,anujdutt9/Handwritten-Digit-Recognition-using-Deep-Learning
1504,amitshekhariitbhu/awesome-android-complete-reference
15,anvk/google-stocks
5917,angular-fullstack/generator-angular-fullstack
701,anantdgoel/HackPrincetonF16
3256,andkulikov/Transitions-Everywhere
336,adambom/dictionary
87,a55509432/python-LDA
11,aprilypchen/depy2016
752,andrewssobral/bgslibrary
32,anfederico/Fact-Bot
103,ayush1997/YouTube-Like-predictor
1505,amueller/introduction_to_ml_with_python
13581,angular-ui/ui-router
12,ahmedelsayed-93/Serial-Lab
3905,amzn/amazon-dsstne
404,aarshayj/Analytics_Vidhya
1269,auth0/java-jwt
617,awangdev/LintCode
18,alank64/json-schema-filter
14,anoved/gpxtruder
228,apachecn/MachineLearning
356,aestheticinteractive/Hover-UI-Kit
162,alanbsmith/react-node-example
2726,aziz/PlainTasks
2256,alibaba/BeeHive
1211,apache/libcloud
12,ankitjain28may/pythonResources
32,a514514772/Real-Time-Facial-Expression-Recognition-with-DeepLearning
23,abhishekkrthakur/pysembler
154,amplab/datascience-sp14
368,areski/django-nvd3
234,awslabs/sockeye
60,algorithmica-repository/top20
1965,airbnb/ruby
228,apachecn/MachineLearning
37,apachecn/scikit-learn-doc-zh
51,allisonburtch/Critical-Theory-of-Technology
1753,aspnet/Docs
6094,angular-app/angular-app
31,auth0-samples/auth0-angularjs-sample
3269,apache/couchdb
147,andyshora/front-end-interview-questions
216,asarode/termflix
668,asapach/peerflix-server
4513,ankane/chartkick
3562,antirez/kilo
36,aichaos/rivescript-java
1961,aimacode/aima-python
20,ahmadabdolsaheb/minimaxarticle
13,accimeesterlin/Tab-Nabbers2
103,airbnb/babel-preset-airbnb
149,apache/incubator-samoa
5923,auth0/node-jsonwebtoken
2298,apollographql/apollo-server
16,avianey/mcts4j
177,aaronds/arduino-nrf24l01
1218,albertlatacz/java-repl
111,atConf/ios-whitelist
708,aosp-mirror/platform_system_core
421,androidstarters/android-starter
1217,acoomans/SimulatorRemoteNotifications
34,appcoda/NSOperation-Demo
53,acqcolor/bayareawomenintech
68,andyblueyo/apply-everywhere
88,aloysius-lim/bigrf
106,alinebastos/dev-practice
328,academicpages/academicpages.github.io
541,andrewgodwin/channels-examples
62,angular/protractor-accessibility-plugin
2248,ademilter/bricklayer
75,azer/developers-in-turkey
195,andreiapostoae/dota2-predictor
328,academicpages/academicpages.github.io
346,aaren/notedown
44,aldro61/pu-learning
136,atduskgreg/opencv-processing-book
553,alexgkendall/caffe-segnet
2325,airbnb/knowledge-repo
21,avalanche1/Meteor-Best-Practices
27,anttikantee/rumpkernel-book
2389,arimorty/floatingsearchview
2633,android-cn/android-dev-cn
2252,android-cn/android-dev-com
248,alyssaq/face_morpher
62,albertyang33/TADW
37,awjuliani/ML-Tools
551,armzilla/amazon-echo-ha-bridge
398,ai-tor/DeepGTAV
138,andrewgodwin/lastgraph
25,ardubs/goggles
14,avz/node-mkfifo
43,alno/kaggle-outbrain-click-prediction
1152,akexorcist/Android-BluetoothSPPLibrary
1118,agens-no/AGGeometryKit
105,aliles/begins
6243,attic-labs/noms
3447,alexflint/gallium
972,agraboso/redux-api-middleware
24,arunoda/learnnextjs-demo
1945,antirez/neural-redis
425,amzn/alexa-skills-kit-java
1080,amzn/alexa-skills-kit-js
1610,andrewt3000/DL4NLP
1356,anttiviljami/browser-autofill-phishing
18,apache/meecrowave
139,angular/devkit
22,arjunvekariyagithub/camelyon16-grand-challenge
15,altendky/pyqt5-tools
69,adrianmoisey/learn-python
1899,andersbll/neural_artistic_style
998,aistrate/AlgorithmsSedgewick
386,amueller/scipy-2016-sklearn
800,azzvx/gogotester
1808,alrojo/tensorflow-tutorial
3273,ai/easings.net
2567,angular/universal
35,ahmaurya/topics_over_time
13,akshar100/eyantra-firebird-resources
115,austin-taylor/code-vault
2244,apache/groovy
589,ariutta/svg-pan-zoom
19,adri-romsor/DietNetworks
1356,anttiviljami/browser-autofill-phishing
154,abstiles/deluminate
12,andy5995/mhwkb
213,andydavies/WPT-Bulk-Tester
271,andreia/awesome-symfony
2402,assimp/assimp
224,adblockplus/adblockpluschrome
228,advancedlogic/GoOse
86,aetros/aetros-cli
3476,aws/aws-sdk-go
467,abidrahmank/OpenCV2-Python-Tutorials
785,amazeui/amazeui-touch
41,adamwdennis/Go-Drawingboard
40,anilshanbhag/RobinhoodShell
399,auth0-blog/vue-jwt-authentication
599,auth0/jwt-decode
783,answershuto/learnVue
21,andreskrey/empleadoEstatalBot
7261,arduino/Arduino
217,andrewtian/whatcanidoforbitcoin.xyz
222,autolotto/mongoose-model-update
9714,addyosmani/backbone-fundamentals
16,anziem/django_reverse_admin
83,andrey-hohlov/psd-templates-requirements
76,afelix/csso
3110,andrew--r/channels
72,aratcliffe/Leaflet.print
1166,avjinder/Minimal-Todo
962,anthonycr/Lightning-Browser
132,algaworks/ebook-javaee
11354,afollestad/material-dialogs
1065,awslabs/aws-serverless-express
36,ashdavies/eternity
452,alexey-pelykh/webp-android-backport
13,akshar100/eyantra-firebird-resources
109,aleksandrshoshiashvili/AwesomeTextFieldSwift
4784,adambard/learnxinyminutes-docs
1754,appsthatmatter/GraphView
173,alvarosanchez/grails-spring-security-rest
776,alibaba/tb_tddl
537,amplab/SparkNet
230,adampresley/sublime-view-in-browser
303,aliyun/aliyun-oss-php-sdk
1164,andersbll/deeppy
12,adoreboard/aws-cloudformation-templates
196,alanyang/dhtspider
60,andrewliao11/CoGAN-tensorflow
355,amdegroot/ssd.pytorch
62,andrefaraujo/videosearch
888,angular-google-chart/angular-google-chart
98,angular/bower-angular-sanitize
1469,allenhwkim/angularjs-google-maps
931,angular-dashboard-framework/angular-dashboard-framework
3132,angular-ui/ui-select
2420,adam-s/js-interview-review
1349,angular/mobile-toolkit
1332,acacha/adminlte-laravel
2451,angular/batarang
2904,a8m/angular-filter
39,appmux/adhesive.js
69,acrosa/Scala-TwitterStreamer
1166,avjinder/Minimal-Todo
582,afollestad/photo-affix
39,anton-nikan/iOS-Game-Center-Cache
630,awslabs/machine-learning-samples
673,a16z/ai
169,antonydeepak/ResumeParser
61,acmeair/acmeair-nodejs
107,aws/aws-lambda-java-libs
565,asb2m10/dexed
1885,asdf-vm/asdf
23,achipa/outqross_blog
523,asvd/jailed
611,adafruit/Adafruit-Pi-Finder
63,aknuds1/chuckjs
88,agraef/purr-data
137,anandanand84/technicalindicators
19,awesome-fc/give-me-a-shell-web
1521,alecthomas/kingpin
79,anfederico/Stockeye
50,arangodb/arangodb-docker
59,appscode/chartify
100,angular/webdriver-manager
1275,avocode/nachos-ui
869,animatedjs/animated
315,alienblue/AlienBlue
165,adamlwgriffiths/amazon_scraper
455,appscode/voyager
43,appscode/guard
192,ahmetb/kubectx
2824,astoilkov/jsblocks
75,apioo/psx
3505,apex/up
824,aktau/github-release
452,abiosoft/ishell
107,ankeshanand/neural-cryptography-tensorflow
14,apptio/breakglass
419,alexmacarthur/typeit
7596,activeadmin/activeadmin
2348,angular/zone.js
1330,alexa/alexa-skills-kit-sdk-for-nodejs
30,alexa/skill-sample-node-device-address-api
3505,apex/up
19,aws-quickstart/quickstart-enterprise-accelerator-nist
169,atom/atom-languageclient
218,aarondo/Strength.js
861,adobe-webplatform/balance-text
501,auth0-blog/nodejs-jwt-authentication-sample
399,auth0-blog/vue-jwt-authentication
1090,apollographql/graphql-tools
113,apollographql/GitHunt-Angular
23,adnanrahic/nodejs-restful-api
3671,activemerchant/active_merchant
170,aubm/postmanerator
20,aoterodelaroza/imgui-goodies
105,azat-co/expressjsguide
22,atombender/ktail
4319,angular-translate/angular-translate
10482,apache/incubator-predictionio
18,anthony-ngu/nodejs-echoapi-sample
702,alexa-js/alexa-app
1043,angular-redux/store
2824,astoilkov/jsblocks
100,amejiarosario/meanshop
540,azat-co/expressworks
1983,aseprite/aseprite
15,akane2002/GMS_TUT
4267,adobe-fonts/source-han-sans
1612,alexrj/Slic3r
135,akloster/python-mindwave
31,abresler/forbesListR
291,ashfinal/awesome-hammerspoon
1300,apitrace/apitrace
107,aras-p/smol-v
429,android-ndk/ndk
242,artclarke/xuggle-xuggler
7596,activeadmin/activeadmin
44,andyyhope/Blog_NSNotificationCenterProtocol
732,adamsitnik/awesome-dot-net-performance
171,adrianaisemberg/CLAP
383,abdonkov/DSA
275,alphaleonis/AlphaFS
193,amibar/SmartThreadPool
98,aliyun/aliyun-openapi-net-sdk
2490,akkadotnet/akka.net
11,ashwanikumar04/retroclient
238,aptonic/dropzone3-actions
7718,akka/akka
422,asciidisco/plugin.video.netflix
1386,alongubkin/spider
34,adejoux/nmon2influxdb
299,awslabs/serverless-image-resizing
35,ahfarmer/tool-list
42,arilamstein/choroplethr
214,andosa/treeinterpreter
389,aditya-grover/node2vec
78,andreasveit/conditional-similarity-networks
115,austin-taylor/code-vault
29,annoyatron255/Game
603,airingursb/bilibili-user
336,akshay2211/MusicWave
12,arbenson/tensor-sc
287,andrewssobral/lrslibrary
11,awerries/online-svr
231,aliyun/ossfs
58,amueller/gco_python
32,amueller/segmentation
88,awjuliani/Pix2Pix-Film
39,analytics-pros/universal-analytics-php
88,analytics-pros/universal-analytics-python
699,azat-io/you-dont-know-js-ru
30,akretion/pywebdriver
26,antgerasim/NLayerAppV2
1690,autofac/Autofac
1353,aspnet/Identity
1808,alrojo/tensorflow-tutorial
777,astefanutti/decktape
17,alistaire47/passport
23,andrewheiss/fancy-minard
31,ardata-fr/mschart
2929,asciinema/asciinema
506,akkyie/AKPickerView-Swift
117,abhineet123/Deep-Learning-for-Tracking-and-Detection
17,alanlukezic/csr-dcf
52,awslabs/aws-ec2rescue-linux
1306,awslabs/serverless-application-model
198,awslabs/aws-security-benchmark
54,awslabs/aws-codebuild-jenkins-plugin
401,addthis/hydra
14,alistairewj/peak-detector
44,aaasen/kapok
265,anthonydugois/polynom
1406,ajaxorg/ace-builds
473,allanzelener/YAD2K
40,albertaparicio/tfg-voice-conversion
162,arkon/ng-sidebar
2588,angular/angularfire2
44,anchann/angularjs-typescript-e2e
249,apache/mynewt-core
487,antiufo/roslyn-linq-rewrite
230,andyfitz/logomono
1544,astrada/google-drive-ocamlfuse
47,andrewrk/malcheck
180,asofdate/hauth
11,alingse/verifycode
20,anyesu/websocket
168,arnofeng/ngx_google_deployment
293,afollestad/polar-dashboard
10482,apache/incubator-predictionio
4145,airbnb/aerosolve
23,aaldaber/Distributed-Multi-User-Scrapy-System-with-a-Web-UI
174,alecxe/scrapy-fake-useragent
1004,asadoughi/stat-learning
42,adrianocola/spyfall
377,alumae/kaldi-gstreamer-server
415,adobe-photoshop/generator-assets
60,adamrenklint/bap
15,altab-ch/Angular2-Parse
356,adorableio/avatars-api
185,anitagraser/QGIS-resources
127,alignedleft/strata-d3-tutorial
4784,adambard/learnxinyminutes-docs
1691,akveo/react-native-ui-kitten
63,ab-anand/Digital-Assistants
136,adeshpande3/Generative-Adversarial-Networks
616,adeshpande3/Tensorflow-Programs-and-Tutorials
719,arXivTimes/arXivTimes
789,adafruit/Adafruit-GFX-Library
699,ashqal/MD360Player4Android
721,android-notes/SwissArmyKnife
40,albertaparicio/tfg-voice-conversion
292,autokey-py3/autokey
413,ashtuchkin/vive-diy-position-sensor
20,ahoskins/Winston
6921,apl-devs/AppIntro
1454,airbnb/AirMapView
473,allanzelener/YAD2K
783,architv/soccer-cli
39,aroman/hackerchat
16,ashconnell/three-sixty
188,andreasmuller/NoiseWorkshop
188,andreasmuller/NoiseWorkshop
50,arduino-libraries/MIDIUSB
1255,ashima/webgl-noise
52,agoransson/JSON-processing
844,alanning/meteor-roles
449,allenai/XNOR-Net
45,alphapapa/org-web-tools
140,alphapapa/org-protocol-capture-html
4784,adambard/learnxinyminutes-docs
547,atomic14/VisionCoreMLSample
24,alfiehanssen/ThreeSixtyPlayer
77,amir-abdi/keras_to_tensorflow
190,aicodes/tf-bestpractice
1585,ajbrock/Neural-Photo-Editor
7718,akka/akka
14,amahdy/offline-first-app
249,apache-spark-on-k8s/spark
478,akka/akka-http
14,alvaroferran/BNO055
63,alvaroferran/MotioSuit
17,anastasia-tkach/hmodel-cpp-public
142,abhiskk/fast-neural-style
152,antononcube/MathematicaForPrediction
4648,andlabs/libui
12,awalgarg/aflit
13,albertferras/simplipy
4890,addyosmani/critical
11645,avajs/ava
369,atom/etch
250,antonioribeiro/health
551,aaberg/sql2o
479,allwefantasy/ServiceFramework
677,ai/size-limit
491,algolia/autocomplete.js
241,algolia/react-instantsearch
208,alibaba/node-hbase-client
12,ajafff/tsutils
167,andrei-markeev/ts2c
378,abbr/deasync
30,ahoiin/supershape.js
47,adafruit/Adafruit_VS1053_Library
835,adamsilver/maintainablecss.com
9122,airbnb/react-sketchapp
2000,adtac/commento
14,autocontracts/permissioned-blocks
1286,ansman/validate.js
126,amvtek/EventSource
293,angular/in-memory-web-api
106,aliostad/PerfIt
54,addyosmani/todomvc-angular-4
1245,angular-gantt/angular-gantt
21,agperson/zabbix-hipchat-alerts
4670,assaf/zombie
463,alunbestor/Boxer
496,adafruit/Adafruit_Python_DHT
26,archlinux/arch-security-tracker
611,adafruit/Adafruit-Pi-Finder
168,alpinelinux/aports
200,arirusso/unimidi
639,aubio/aubio
11,alexdrymonitis/modular_synthesizer
78,as-cii/terminal-emojify
12,amulware/awgraphics
63,anokland/dfa-torch
21,aethertap/probabilistic-robotics
1628,aaronsw/html2text
46,adobe-type-tools/opentype-svg
207,arrayfire/arrayfire-rust
41,alexpolt/luple
769,alanshaw/david
225,anseki/readline-sync
92,arduino/ArduinoCore-samd
1765,antirez/linenoise
219,andrewrk/libgroove
191,arkadianriver/spectral
15,apohllo/rod
88,agraef/purr-data
21,ade-ma/LibRedio
165,alessandro-zomparelli/tissue
107,ankeshanand/neural-cryptography-tensorflow
85,aaronbloomfield/pdr
191,adeshpande3/Machine-Learning-Links-And-Lessons-Learned
21,aedorado/CodeChef-Gitter
128,ascoders/gaea-editor
783,architv/soccer-cli
1879,arrayfire/arrayfire
120,armgong/rjulia
30,anj1/NeuralNets.jl
66,attobot/attobot
251,amanjeetsingh150/UberCarAnimation
910,appium/sample-code
177,ahoppen/introduction-to-compilers
363,azimin/AZTransitions
814,apollographql/apollo-ios
1322,arzzen/git-quick-stats
39,ahmetkgunay/AKGPushAnimator
1615,angelolloqui/SwiftKotlin
1357,apple/swift-protobuf
426,azheng51714/MACProject
364,anfederico/Flaskex
2801,azat-co/practicalnode
61,angular-programming/angular2-contacts-demo
77,angular-programming/angular2-questionnaire
176,ashtuchkin/ec2-fleet
292,aspnet/Hosting
1845,aspnet/KestrelHttpServer
1874,ashfurrow/C-41
1357,apple/swift-protobuf
566,alanshaw/david-www
3721,andrewngu/sound-redux
24,alvivar/TeaTime
16,angelcolmenares/pash
2490,akkadotnet/akka.net
2490,akkadotnet/akka.net
420,abishekaditya/DesignPatterns
49,amrish7/Dragon
469,aardappel/treesheets
1222,aframevr/awesome-aframe
3188,actorapp/actor-platform
32,amirjalilifard/FreeFilesProject
3525,amdjs/amdjs-api
200,akexorcist/Android-LocalizationActivity
51,android-database-best-practices/device-database
34,azhon/CollapsingToolbarLayout
1217,aosp-mirror/platform_frameworks_support
129,amitshekhariitbhu/Android-MVP-Sample-Application
69,aliumujib/Nibo
75,androidsx/rate-me
220,alexjlockwood/material-submission-status-animation
459,alexjlockwood/adp-activity-transitions
1356,akexorcist/Android-RoundCornerProgressBar
430,apache/cordova-plugin-splashscreen
94,aosp-mirror/platform_packages_apps_phone
6017,android-cn/android-open-project-analysis
378,android10/arrow
274,aosp-mirror/platform_packages_apps_contacts
395,auraphp/Aura.Sql
6921,apl-devs/AppIntro
265,alphamu/PinEntryEditText
4097,alibaba/freeline
267,anzaizai/EasyRefreshLayout
120,aadnk/ProtocolLib
44,aikar/commands
115,ashishbhandari/AndroidTabbedDialog
60,ashish1294/code-now
1825,anacrolix/torrent
783,architv/soccer-cli
46,abhay1/django-facebook-messenger-bot-tutorial
352,atomantic/dotfiles
781,aimacode/aima-java
564,atlassian/commonmark-java
4784,adambard/learnxinyminutes-docs
6921,apl-devs/AppIntro
658,aarondfrancis/vue-model
494,ademilter/chrome-css-grid-highlighter
547,ahkscript/awesome-AutoHotkey
28,ahkcn/ahkcn.github.io
9714,addyosmani/backbone-fundamentals
286,architv/harvey
12,akkana/pho
18,abresler/markovifyR
201,astrofrog/mpl-scatter-density
1164,andersbll/deeppy
46,amaurymartiny/react-redux-auth0-kit
50,albburtsev/jquery.lookingfor
1070,awesome-lists/awesome-bash
255,awt2542/textLayer-for-Framer
2629,alfajango/jquery-dynatable
30,aboutjax/framer-equally-rotate-images
3675,adamwulf/app-launch-guide
2018,adapta-project/adapta-gtk-theme
27,airingursb/AiringGo
106,ahfarmer/calculator
719,arXivTimes/arXivTimes
526,akrizhevsky/cuda-convnet2
960,alecthomas/voluptuous
13,analyticsvidhya/The_Ultimate_Student_Hunt
2957,alexandru/scala-best-practices
73,awslabs/aws-sdk-net-samples
3721,andrewngu/sound-redux
6890,alexa/alexa-avs-sample-app
117,abhineet123/Deep-Learning-for-Tracking-and-Detection
282,asaini/Apriori
46,alexattia/SimpsonRecognition
189,aurora95/Keras-FCN
176,aploium/zmirror-onekey
112,aosokin/cnn_head_detection
194,abewley/sort
130,ajbouh/tfi
618,aoapc-book/aoapc-bac2nd
76,activitynet/ActivityNet
296,awesome-spark/awesome-spark
75,alvations/awesome-community-curated-nlp
253,abhishekkrthakur/is_that_a_duplicate_quora_question
473,allanzelener/YAD2K
78,andreasveit/conditional-similarity-networks
44,afrog33k/SharpNative
3423,aws/chalice
77,amir-abdi/keras_to_tensorflow
781,adafruit/Adafruit-Eagle-Library
50,anabranch/data_analysis_with_python_and_pandas
129,ajlkn/baseline
2091,ajlkn/skel
2163,angular/material-start
144,amancevice/superset
1399,auth0/angular2-jwt
190,auduno/deepdraw
76,activitynet/ActivityNet
619,aleju/papers
46,antingshen/resnet-protofiles
257,argman/EAST
1070,awesome-lists/awesome-bash
20,arbabenko/Spoc
45,asher-stern/CRF
87,alibaba/mpich2-yarn
1281,aalhour/C-Sharp-Algorithms
542,andrea-cuttone/geoplotlib
58,alirezasmr/awesome-phd
1692,antonycourtney/tad
36,andela-ysanni/numer.ai
529,amueller/scipy_2015_sklearn_tutorial
727,ariya/kinetic
54,angular/projects
1469,allenhwkim/angularjs-google-maps
642,aol/cyclops-react
21,archanamahajan/ChatApplication
40,anakiou/multitenancy
372,awslabs/aws-cognito-angular2-quickstart
27,abuyun/proxy-demo
630,awslabs/machine-learning-samples
542,andrea-cuttone/geoplotlib
77,amir-abdi/keras_to_tensorflow
255,aparapi/aparapi
6017,android-cn/android-open-project-analysis
266,abhshkdz/ai-deadlines
130,ajbouh/tfi
55,arielephrat/vid2speech
189,aurora95/Keras-FCN
170,asingh33/CNNGestureRecognizer
41,avolkov1/keras_experiments
591,adrianhurt/play-bootstrap
443,awslabs/lambda-refarch-webapp
82,anantzoid/VQA-Keras-Visual-Question-Answering
583,alexprengere/FormalSystems
11,arayabrain/SimplestGANBlogpostCode
1164,andersbll/deeppy
44,artvandelay/Deep_Inside_Convolutional_Networks
117,abhineet123/Deep-Learning-for-Tracking-and-Detection
10482,apache/incubator-predictionio
208,antontarasenko/awesome-economics
1080,antonmks/Alenka
76,agonzalezro/python-opensubtitles
526,akrizhevsky/cuda-convnet2
2957,alexandru/scala-best-practices
42,andreasvc/roaringbitmap
114,apache/incubator-trafodion
168,apache/parquet-cpp
153,amol-/dukpy
389,aditya-grover/node2vec
4300,aporter/coursera-android
220,auth0-blog/angularjs-jwt-authentication-tutorial
159,andyfen/react-native-uikit
120,aquametalabs/aquameta
320,axic/mango
789,aol/micro-server
30,alonsodomin/quckoo
4319,angular-translate/angular-translate
36,alexxiyang/jdbctemplatetool
984,antirez/redis-doc
2986,amir20/phantomjs-node
30,aliyun/alicloud-ams-demo
1365,antontarasenko/smq
19,auth0-blog/sails-jwt-authentication-tutorial
2904,a8m/angular-filter
242,adampash/texter
2467,andywer/webpack-blocks
897,assisrafael/angular-input-masks
377,angular-ui/ui-mask
203,apache/cordova-plugin-dialogs
628,apiaryio/mson
2957,alexandru/scala-best-practices
57,azu/ui-event-observer
6890,alexa/alexa-avs-sample-app
233,adblockplus/adblockplus
2801,azat-co/practicalnode
1576,anvaka/ngraph.path
293,austinv11/Discord4J
144,alamaison/swish
687,afollestad/ason
1434,angular/universal-starter
2857,alfredxing/brick
6397,antirez/disque
1349,angular/mobile-toolkit
25,angular/protractor-console-plugin
948,archiverjs/node-archiver
859,axemclion/browser-perf
2163,angular/material-start
245,arielfaur/ionic-audio
377,angular-ui/ui-mask
11,aoles/shinypass
46,adornes/spark_python_ml_examples
406,aitjcize/cppman
51,angrybacon/dotemacs
29,akabe/ocaml-jupyter
32,akabe/docker-iocaml-datascience
11,alphapapa/pocket-reader.el
1043,angular-redux/store
1118,alols/xcape
381,arq5x/bedtools2
289,allwefantasy/my-life
2957,alexandru/scala-best-practices
37,alno/batch-learn
49,akashgit/autoencoding_vi_for_topic_models
61,atreichel/NumerAPI
1677,addthis/stream-lib
65,arogozhnikov/hep_ml
67,ajtulloch/adpredictor
81,axiak/fuzzyset
251,apache/eagle
69,achille-roussel/nanomsgxx
3671,activemerchant/active_merchant
7596,activeadmin/activeadmin
71,andrewgbruce/statistics-for-data-scientists
67,abhi-kumar/CAR-DETECTION
45,alpbak/BoxedVerticalSeekBar
61,aosokin/biogans
33,aman-roy/StalkHub
38,andrewcmyers/civs
88,agraef/purr-data
46,adobe-type-tools/opentype-svg
1628,aaronsw/html2text
39,aantono/gradle-plugin-protobuf
23,adnanrahic/nodejs-restful-api
1983,aseprite/aseprite
2467,andywer/webpack-blocks
11645,avajs/ava
20,andyHa/scireumOpen
24,arsduo/elm-elixir-starter
44,ankane/anomaly
229,adafruit/circuitpython
21,asonge/erlaudio
318,automat/controlkit.js
144,ahmedrizwan/RxRecyclerAdapter
273,ankurhanda/gvnn
98,arobenko/embxx
27,arobenko/embxx_on_rpi
167,auriamg/macdylibbundler
27,arabiaweather/athena
292,aqibsaeed/Multilabel-timeseries-classification-with-LSTM
1576,anvaka/ngraph.path
3175,apprenticeharper/DeDRM_tools
582,appbaseio/reactivesearch
108,anse1/sqlsmith
1879,arrayfire/arrayfire
587,abo-abo/avy
165,arq5x/poretools
152,amplab/snap
1155,archriss/react-native-snap-carousel
1790,atom/vim-mode
18,anoved/phstl
316,aweber/rabbitmq-autocluster
1112,aftertheflood/spark
9122,airbnb/react-sketchapp
304,axibase/atsd-use-cases
15,aldebaran/naoqi_navigation_samples
21,ade-ma/LibRedio
165,alessandro-zomparelli/tissue
366,allenai/bi-att-flow
1576,anvaka/ngraph.path
1983,aseprite/aseprite
1633,andrewfiorillo/sketch-palettes
15,atbrask/CMS50Dplus
2390,anvaka/VivaGraphJS
303,alexa-js/alexa-app-server
54,avct/uasurfer
130,azavea/raster-vision
1300,apitrace/apitrace
3210,agenda/agenda
186,appleple/lookforward
65,adventuresinML/adventures-in-ml-code
206,adeshpande3/LSTM-Sentiment-Analysis
582,appbaseio/reactivesearch
491,achillean/shodan-python
90,altercation/dotfiles-tilingwm
880,airbnb/react-with-styles
82,awkward/sketch-palette-generator
5433,airbnb/react-dates
1106,antoniolg/Kotlin-for-Android-Developers
1083,antoniolg/Bandhook-Kotlin
1844,amirzaidi/Launcher3
11645,avajs/ava
6890,alexa/alexa-avs-sample-app
2512,artf/grapesjs
672,arbox/machine-learning-with-ruby
1094,arialdomartini/Back-End-Developer-Interview-Questions
5433,airbnb/react-dates
525,adriantoine/enzyme-to-json
725,alexkaratarakis/gitattributes
66,amelierosser/medium
207,arei/npmbox
46,alf/ob-restclient.el
96,alexanderkiel/phrase
209,avdi/ppwm
26,alphapapa/emacs-package-dev-handbook
207,arrayfire/arrayfire-rust
41,alexpolt/luple
23,armadillu/ofxSimpleHttp
52,alan-luo/planetprocedural
328,alexa/interactive-adventure-game-tool
344,aleph7/BrainCore
105,attwad/python-osc
28,alwynallan/redoubler
6215,apex/apex
25,abhisuri97/auto-alt-text-lambda-api
2163,angular/material-start
69,alphaleonis/AlphaVSS
581,aspnet/benchmarks
24,adamwiggins/lua-pong
1155,archriss/react-native-snap-carousel
394,asamiller/den
1691,akveo/react-native-ui-kitten
171,anchan828/property-drawer-collection
7188,aFarkas/lazysizes
789,aol/micro-server
637,attardi/wikiextractor
21,azeckoski/reflectutils
940,attaswift/BTree
273,andoma/vmir
89,adamhaile/S
1335,alwsl/alwsl
88,agraef/purr-data
215,agoda-com/Kakao
197,appleboy/react-recaptcha
1126,acassen/keepalived
721,afonsopacifer/awesome-flexbox
31,awjuliani/sound-cnn
1779,alm-tools/alm
1690,autofac/Autofac
2588,angular/angularfire2
2345,amireh/happypack
35,angular/material-tools
739,assetgraph/assetgraph
4890,addyosmani/critical
2957,alexandru/scala-best-practices
1399,auth0/angular2-jwt
880,airbnb/react-with-styles
975,airbnb/rheostat
126,aackerman/circular-dependency-plugin
86,ay13/webpack-angular-oclazyload
106,autocompletejs/autocomplete.js
333,angular/vscode-ng-language-service
176,atteo/evo-inflector
897,assisrafael/angular-input-masks
377,angular-ui/ui-mask
203,apache/cordova-plugin-dialogs
67,arsenm/sanitizers-cmake
196,alibaba/nginx-tfs
2344,aol/moloch
115,angr/pyvex
39,alixander/Ceruleum
70,apache/qpid-proton
182,alexcrichton/cc-rs
198,atom/ide-typescript
65,arangodb/go-driver
1127,apertureless/vue-chartjs
53,artistas/laravel-pagseguro
65,asottile/add-trailing-comma
789,adafruit/Adafruit-GFX-Library
2801,azat-co/practicalnode
108,arduino/arduino-create-agent
1669,aelsabbahy/goss
11645,avajs/ava
17,av500/vcvrackplugins_av500
15,antoniograzioli/Autodafe
246,astorfi/lip-reading-deeplearning
1099,atoum/atoum
1126,acassen/keepalived
1112,aftertheflood/spark
138,aliyun/aliyun-oss-ios-sdk
949,alvises/FPPopover
1155,archriss/react-native-snap-carousel
314,acmacalister/jetfire
1317,apache/jmeter
4097,alibaba/freeline
948,archiverjs/node-archiver
37,apexskier/SKLinearAlgebra
3525,amdjs/amdjs-api
166,allending/Kiwi
177,aartikov/Alligator
412,alskipp/ASScreenRecorder
1582,alibaba/wax
1357,apple/swift-protobuf
30,agra-uni-bremen/metaSMT
593,alexfru/SmallerC
55,achariam/elyxel
693,akira/exq
548,alco/porcelain
236,antonmedv/console
71,agco/harvesterjs
138,arjunsk/ionic-firebase-shopping-cart
31,ajwhite/ReactNative-Redux-Todo-List
986,amperka/ino
12,aljc/MomentsApp
105,azat-co/expressjsguide
895,adtile/fixed-nav
38,am-MongoDB/MongoDB-Mongopop
36,arvindr21/ng2do-mean-app
1691,akveo/react-native-ui-kitten
1425,atinfo/awesome-test-automation
17,achmadns/kaazing-amqp-angular
25,abreits/amqp-ts
18,axilirator/firewind
345,anvaka/npmgraph.an
547,adamhathcock/sharpcompress
1845,aspnet/KestrelHttpServer
22,aspnet/MetaPackages
2490,akkadotnet/akka.net
19,adolfintel/wined3d4win
6921,apl-devs/AppIntro
700,aspnet/Razor
388,aloisdeniel/Microcharts
291,ariacom/Seal-Report
104,ahmedeltaher/MVP-RX-Android-Sample
16,aaron-tay/social.ui
92,aspnet/Blazor-Hackathon
23,aliostad/RandomGen
502,akshay2211/Oblique
291,ariacom/Seal-Report
359,asadsahi/AspNetCoreSpa
1500,alexjlockwood/ShapeShifter
1584,artem-zinnatullin/qualitymatters
605,antonyt/InfiniteViewPager
99,ashaffer/redux-multi
58,alpertuna/react-metismenu
129,amitshekhariitbhu/Android-MVP-Sample-Application
29,alexandre-garrec/react-swipe-card
129,amitshekhariitbhu/Android-MVP-Sample-Application
217,alpcanaydin/github-stats-for-turkey
175,audreyt/trust-zh-TW
178,apptik/MultiSlider
3164,airbnb/epoxy
305,airbnb/okreplay
5433,airbnb/react-dates
4145,airbnb/aerosolve
305,airbnb/okreplay
670,asfktz/autodll-webpack-plugin
138,andstatus/andstatus
1083,antoniolg/Bandhook-Kotlin
584,arturbosch/detekt
658,aarondfrancis/vue-model
744,androidmalin/RengwuxianRxjava
10482,apache/incubator-predictionio
1828,antitypical/Result
345,aakashns/react-native-dialogs
658,aarondfrancis/vue-model
113,adamhartford/SwiftR
33,apachecn/storm-doc-zh
857,apache/drill
1412,azkaban/azkaban
389,atomicobject/heatshrink
11,anvaka/ngraph.pagerank
678,anvaka/ngraph
70,ashkonf/PageRank
32,alixaxel/pagerank
2395,alexmingoia/koa-router
120,apache/fineract
4300,aporter/coursera-android
488,andyb129/FlipsideCamera
9122,airbnb/react-sketchapp
1141,alecthomas/chroma
6215,apex/apex
41,anaseto/boohu
97,android-pay/androidpay-quickstart
18,adonisjs/adonis-ally
234,adonisjs/adonis-app
224,alberanid/imdbpy
189,axept/prejss
68,amowu/hello-ci-workflow
1576,anvaka/ngraph.path
1487,apocas/dockerode
127,acekyd/made-in-nigeria
460,autozimu/LanguageClient-neovim
589,allegro/php-protobuf
1217,adtac/climate
1576,anvaka/ngraph.path
1079,alexgibson/notify.js
1306,awslabs/serverless-application-model
871,alongubkin/phonertc
126,amvtek/EventSource
171,adeperio/base
41,apotonick/tyrant
115,apotonick/gemgem-trbrb
91,ahlechandre/mdl-stepper
18,arunr/sabrelab
266,abhshkdz/ai-deadlines
1306,awslabs/serverless-application-model
54,aws/amazon-cognito-auth-js
951,awslabs/aws-sam-local
33,atom/ide-csharp
127,atom/ide-php
1845,aspnet/KestrelHttpServer
724,adereth/dactyl-keyboard
11,akosiorek/attend_infer_repeat
590,apollographql/apollo-android
14,alonsoir/awesome-recommendation-engine
25,alexduf/gnome-github-notifications
48,azakordonets/fabricator
296,awesome-spark/awesome-spark
122,awesome-spark/spark-gotchas
546,alco/gostart
616,adeshpande3/Tensorflow-Programs-and-Tutorials
191,adeshpande3/Machine-Learning-Links-And-Lessons-Learned
206,adeshpande3/LSTM-Sentiment-Analysis
173,adeshpande3/Facebook-Messenger-Bot
136,adeshpande3/Generative-Adversarial-Networks
3309,awslabs/aws-shell
194,abewley/sort
100,amejiarosario/meanshop
2163,airbnb/airpal
13,atweiden/dotfiles
177,abishekvashok/cmatrix
1576,anvaka/ngraph.path
118,ajmwagar/vim-deus
3175,apprenticeharper/DeDRM_tools
2266,appcelerator/titanium_mobile
564,ambrop72/badvpn
40,adambullmer/sublime_docblockr_python
1095,anmonteiro/lumo
1692,antonycourtney/tad
305,alfredfrancis/ai-chatbot-framework
19,auth0-blog/spring-boot-jwts
61,awslabs/eb-node-express-signup
137,abhiomkar/flask-react
813,avh4/elm-format
552,awslabs/aws-sdk-react-native
192,amekkawi/excel4node
2395,alexmingoia/koa-router
151,activewidgets/getlibs
282,ant-design/antd-mobile-samples
49,andykamath/Jarvis-Kamath
397,awesome-br/awesome-br.github.io
668,adamschwartz/chrome-tabs
3502,addyosmani/es6-tools
285,alexkuz/flask-react-boilerplate
1043,angular-redux/store
28,andyhqtran/Divi-100-Login-Page
143,avadhbsd/IconFlower
1232,artursapek/mondrian
49,aurbano/nuophoto
658,aarondfrancis/vue-model
415,aviabird/angularspree
2344,aol/moloch
194,alemangui/web-audio-resources
2440,agentejo/cockpit
10446,adobe-webplatform/Snap.svg
2801,azat-co/practicalnode
1640,arscan/encom-boardroom
1576,anvaka/ngraph.path
34,appstract/dd.js
20,adambcomer/Tensorflow-Seq2Seq-Dialogs
637,attardi/wikiextractor
56,alexminnaar/AkkaDistBelief
179,ameizi/ELK
34,autopilotpattern/elk
31,ameizi/elasticsearch
190,angular/preboot
293,angular/in-memory-web-api
282,asaini/Apriori
1157,andyxialm/SmoothCheckBox
2344,aol/moloch
183,alantrrs/OpenTLD
30,amueller/talks_odt
1544,apache/hive
1098,alanshaw/markdown-pdf
58,aizvorski/video-quality
526,alexellis/docker-arm
158,authentic-pixels/ex-shop
34,a-atalla/tuxcut
32,azatoth/scons
48,azakordonets/fabricator
122,awesome-spark/spark-gotchas
296,awesome-spark/awesome-spark
546,alco/gostart
420,awslabs/aws-serverless-workshops
11645,avajs/ava
70,andygibson/datafactory
37,avocode/react-tabguard
559,atpaino/deep-text-corrector
107,amueller/scipy-2017-sklearn
1330,alexa/alexa-skills-kit-sdk-for-nodejs
177,anmolkoul/node-dc-mongo
1423,alignedleft/d3-book
319,adilmoujahid/DonorsChoose_Visualization
89,artem-zinnatullin/droidcon-nyc-2017-puzzlers
19,antlerros/tensorflow-fast-neuralstyle
32,armcha/PlayTabLayout
301,akumuli/Akumuli
96,antoine77340/Youtube-8M-WILLOW
29,ausdruck/linxphp
257,argman/EAST
206,ardila/paintingReorganize
10482,apache/incubator-predictionio
13,adamkusey/securitai-lstm-model
348,achillesrasquinha/bulbea
197,allenai/openie-standalone
1249,apache/ignite
1089,apache/incubator-gobblin
25,ayoshiaki/tops
616,adeshpande3/Tensorflow-Programs-and-Tutorials
191,adeshpande3/Machine-Learning-Links-And-Lessons-Learned
246,astorfi/lip-reading-deeplearning
257,albertoruiz/hmatrix
350,andrewprock/pokerstove
3309,awslabs/aws-shell
3423,aws/chalice
144,amancevice/superset
11,adamwattis/elasticsearch-example
658,aarondfrancis/vue-model
104,andersonba/yve-bot
658,aarondfrancis/vue-model
16,agawronski/pandas_redshift
184,andrewbanchich/forty-jekyll-theme
777,astefanutti/decktape
338,agda/agda
63,aparrish/phonetic-similarity-vectors
97,appstract/laravel-bootstrap-components
19,arvindr21/mediaPlayerApp
639,aubio/aubio
9122,airbnb/react-sketchapp
14,anthonyyuan/SRGAN
294,aleron75/mageres
661,apache/incubator-guacamole-server
224,alberanid/imdbpy
203,awslabs/eb-py-flask-signup
88,andrewgiessel/basketballcrawler
141,aqibsaeed/Human-Activity-Recognition-using-CNN
74,allegro/embedded-elasticsearch
91,amten/NeuralNetwork
25,ampervue/docker-python27-opencv
813,avh4/elm-format
26,appticles/wordpress-mobile-pack
86,alflennik/au7
79,awslabs/amazon-polly-sample
699,azat-io/you-dont-know-js-ru
231,antlr/codebuff
1585,ajbrock/Neural-Photo-Editor
107,albertomontesg/keras-model-zoo
234,awslabs/data-pipeline-samples
41,adlerhsieh/interview
214,aloctavodia/Statistical-Rethinking-with-Python-and-PyMC3
1885,asdf-vm/asdf
978,asLody/legend
27,alpernebbi/git-annex-metadata-gui
320,android10/Android-AOPExample
337,androidstarters/kotlin-android-starter
1106,antoniolg/Kotlin-for-Android-Developers
333,algorhythms/LeetCode
108,aklomp/base64
1215,arcadefire/nice-spinner
1615,angelolloqui/SwiftKotlin
1037,aluzzardi/wssh
320,abbot/go-http-auth
1141,alecthomas/chroma
17,adafruit/Adafruit_nRF51822_Flasher
257,argman/EAST
95,andreasveit/densenet-pytorch
741,andreafrancia/trash-cli
75,airalcorn2/Recurrent-Convolutional-Neural-Network-Text-Classifier
65,anch3or/ml
38,andersjo/pyrouge
61,awni/speech
61,awni/speech
51,anuragmishracse/caption_generator
1400,awesto/django-shop
15,anujshah1003/convolution-layer-visualization-VGG-16
151,anjuke/coding-style
420,apache/kudu
61,awni/speech
180,andersbll/autoencoding_beyond_pixels
116,aleju/self-driving-truck
237,allenai/deep_qa
58,aizvorski/video-quality
919,alanwangmodify/WXSTransition
1393,amazeui/amazeui-react
3435,aws/aws-sdk-js
130,awfssv/pytorch-cn
1576,anvaka/ngraph.path
564,apache/systemml
1482,angular-ui/AngularJS-sublime-package
153,ayooay/glbproxy
710,arskom/spyne
161,ah-/rdkafka-dotnet
32,abajwa-hw/solr-stack
7718,akka/akka
1089,apache/incubator-gobblin
1412,azkaban/azkaban
60,awslabs/aws-gamelift-sample
16,akorotkov/pgsphere
162,analyticalmonk/awesome-neuroscience
12,agile-geoscience/xlines
777,astefanutti/decktape
1576,anvaka/ngraph.path
53,awslabs/aws-refarch-wordpress
52,awslabs/aws-ec2rescue-linux
48,awslabs/ami-builder-packer
177,aws/aws-week-in-review
56,awslabs/ecs-blue-green-deployment
23,awslabs/ecs-nginx-reverse-proxy
111,arogozhnikov/infiniteboost
25,ayoshiaki/tops
102,aichaos/rivescript-python
332,auraphp/Aura.Router
267,auraphp/Aura.Di
395,auraphp/Aura.Sql
26,auraphp/auraphp.github.com
4233,acaudwell/Gource
1112,aftertheflood/spark
65,aparsons/bag-of-holding
50,arastu/likelo
11,amirasaran/request_validator
31,arjun024/systemd-example-startup
222,andrewoma/reakt
6017,android-cn/android-open-project-analysis
1084,android-notes/Cockroach
634,akalongman/sublimetext-codeformatter
15,ajermakovics/crdts
14,abohomol/cookietray
118,apachecn/spark-doc-zh
984,antirez/redis-doc
618,ammmir/node-oauth2-provider
32,amancevice/caravel
289,allwefantasy/my-life
616,adeshpande3/Tensorflow-Programs-and-Tutorials
644,amplab-extras/SparkR-pkg
352,apache/jena
242,aimacode/aima-pseudocode
521,alanjds/drf-nested-routers
209,aykut/django-bulk-update
159,analogdevicesinc/hdl
287,andrewssobral/lrslibrary
2100,adnanh/webhook
130,ajbouh/tfi
289,asciimoo/ListOfGithubLists
38,arielsanchezmora/vDocumentation
130,ajbouh/tfi
282,asaini/Apriori
597,aurapm/aura
130,ajbouh/tfi
39,andreaazzini/segnet.tf
42,aimxhaisse/docker-mailz
151,arongdari/python-topic-model
69,averrin/mapgen
119,ars-ashuha/variational-dropout-sparsifies-dnn
11,angular-redux/tassign
214,andosa/treeinterpreter
21,apache/incubator-annotator
76,akusok/hpelm
32,algofairness/BlackBoxAuditing
139,ashwin711/proximityhash
114,automl/RoBO
19,awesome-fc/give-me-a-shell-web
934,alecthomas/entityx
289,allwefantasy/my-life
616,adeshpande3/Tensorflow-Programs-and-Tutorials
13,adrianco/slides
30,alexhagiopol/cracking-the-coding-interview
294,abo-abo/ace-window
31,antonkulaga/akka-http-extensions
31,ardata-fr/mschart
23,ajantis/scala-crdt
46,aishfenton/Argus
1106,antoniolg/Kotlin-for-Android-Developers
61,awni/speech
129,awslabs/serverless-photo-recognition
12,anabranch/Apache-Spark-Scala-Project-Template
63,aaronpk/Overland-iOS
50,alekhurst/react-native-elevated-view
1936,api-platform/api-platform
45,abh/pgeodns
278,appcomponents/material-components
1576,anvaka/ngraph.path
241,algolia/react-instantsearch
282,aadsm/jschardet
763,asciinema/asciinema-player
4233,acaudwell/Gource
329,antonioribeiro/ci
256,ai/nanoevents
18,ashelly/PET
23,ashelly/ACE_eval
48,archlinux/arch-boxes
16,appleboy/drone-on-kubernetes
1412,ant-design/ant-motion
436,avgjs/avg-core
1070,awesome-lists/awesome-bash
473,allanzelener/YAD2K
41,ai-guild/r-net
25,argv0/nbds
54,aspnetboilerplate/module-zero-core-template
28,ajoberstar/ike.cljj
1003,aras-p/glsl-optimizer
187,acoustid/chromaprint
85,aaparmeggiani/pg_tail
115,arangodb/arangodb-php
1483,apollographql/react-apollo
117,atotic/event-loop
113,awslabs/dynamodb-continuous-backup
230,adams-sarah/test2doc
25,al1b/KTOP
110,alibaba/terraform-provider
11,andrewmclagan/aws-lambda-ec2-start-stop
1691,akveo/react-native-ui-kitten
15,angular/router-builds
4648,andlabs/libui
285,alexkuz/flask-react-boilerplate
3502,addyosmani/es6-tools
1043,angular-redux/store
3609,akiran/react-slick
78,ant-design/intl-example
80,abdennour/react-csv
1731,arturadib/strapdown
417,angularLovers/Angular2
98,andrefarzat/ng-jcrop
11645,avajs/ava
196,ahmadalibaloch/Angular-AdminLTE
5433,airbnb/react-dates
34,aboutsecurity/Bro-samples
2344,aol/moloch
93,asciidoctor/asciidoctor-fopub
108,alibaba/cooma
445,alexgheorghiu/diagramo
13,altoxml/schema
1079,alexgibson/notify.js
378,achingbrain/pm2-web
10482,apache/incubator-predictionio
986,amperka/ino
74,alanhoff/node-pagseguro
198,avenirer/CodeIgniter-MY_Model
359,asadsahi/AspNetCoreSpa
54,alphacloud/Autofac.Extras.Quartz
31,arnoldasgudas/Hangfire.MySqlStorage
55,albertobeta/PodcastGenerator
1362,ameizi/DevArticles
2512,artf/grapesjs
92,atk4/ui
371,anantzoid/Conditional-PixelCNN-decoder
116,astamuse/asta4js
2225,acdlite/redux-router
756,adoxa/ansicon
32,asika32764/joomla-bootstrap3-isis-template
143,aliyun/aliyun-openapi-python-sdk
89,akshaypai/tfClassifier
103,almino/semantic-ui-vue2
19,andrecastelo/example-api
547,axiomhq/hyperloglog
2801,azat-co/practicalnode
1043,angular-redux/store
20,ahwayakchih/openshift-nodebb
2923,ant0ine/go-json-rest
398,artoolkit/jsartoolkit5
164,ant0ine/go-json-rest-examples
1399,auth0/angular2-jwt
484,avibrazil/RDM
234,arboleya/electrify
59,audio-lab/gl-spectrum
337,allegro/node-worker-nodes
678,anvaka/ngraph
90,alixander/Stanchion
2588,angular/angularfire2
69,anihalaney/rwa-trivia
1107,apache/commons-lang
1569,arthepsy/ssh-audit
100,angular/webdriver-manager
89,alibaba/top
4890,addyosmani/critical
699,azat-io/you-dont-know-js-ru
172,aburch/simutrans
22,aws/aws-eb-glassfish-dockerfiles
15,asm-products/villeme
563,apache/cordova-cli
530,ahmadawais/WPGulp
138,arjunsk/ionic-firebase-shopping-cart
476,awslabs/aws-big-data-blog
349,awslabs/aws-lambda-redshift-loader
17,ahmadajmi/underscore-wordpress-with-gulp
83,amandaghassaei/OrigamiSimulator
897,assisrafael/angular-input-masks
2474,ariok/BWWalkthrough
16,askholme/packer-builder-vultr
397,appium/python-client
48,aweary/critical-reasonmling-slides
2217,adamschwartz/magic-of-css
135,ampproject/ampstart
13,abelnation/sequelize-migration-hello
63,avatsaev/angular-ngrx-socket-frontend
90,antonybudianto/angular-webpack-starter
1628,aaronsw/html2text
1437,ashtuchkin/iconv-lite
256,ai/nanoevents
484,avibrazil/RDM
291,ashfinal/awesome-hammerspoon
302,alongubkin/angular-datepicker
357,axiomatic-systems/Bento4
39,andresth/Kandroid
4454,aheckmann/gm
921,amphp/amp
13,algolia/laravel-scout-algolia-macros
614,apache/cordova-plugin-camera
144,apache/cordova-plugin-contacts
649,apache/cordova-plugin-inappbrowser
412,apache/cordova-plugin-file-transfer
213,apache/cordova-plugin-device
433,apache/cordova-plugin-geolocation
430,apache/cordova-plugin-splashscreen
366,apache/cordova-plugin-whitelist
452,apache/cordova-plugin-file
247,apache/cordova-plugin-media
4486,airblade/vim-gitgutter
2018,adapta-project/adapta-gtk-theme
1127,apertureless/vue-chartjs
947,audacity/audacity
23,avignat/Check-Server-Status
204,akka/akka-samples
36,ajmalbabu/distributed-computing
608,atipugin/telegram-bot-ruby
7718,akka/akka
11,abevoelker/how-long-since-google-said-a-google-drive-linux-client-is-coming
1112,aftertheflood/spark
7188,aFarkas/lazysizes
4454,aheckmann/gm
388,aloisdeniel/Microcharts
1215,adobe-fonts/source-serif-pro
1079,arendst/Sonoff-Tasmota
491,algolia/autocomplete.js
83,amandaghassaei/OrigamiSimulator
11645,avajs/ava
67,albinekb/favicon-emoji
1576,anvaka/ngraph.path
3505,apex/up
582,appbaseio/reactivesearch
1043,angular-redux/store
2588,angular/angularfire2
153,axelheer/nein-linq
81,ag-grid/ag-grid-enterprise
1318,apache/cordova-ios
458,arnesson/cordova-plugin-firebase
101,aggarwalankush/ionic-push-base
320,apache/cordova-plugman
594,acss-io/atomizer
172,asfktz/devtools-playground
223,aviabird/yatrum
17,alexander-gaidukov/RESTClient
1146,addyosmani/a11y
207,arei/npmbox
539,auchenberg/devtools-remote
24,apparentlymart/node-angularcontext
12,amaembo/screenshoter
212,aleen42/PersonalWiki
222,allegro/grunt-maven-plugin
46,alexbihary/knockout-router
24,andrewimm/parse-lite
1399,auth0/angular2-jwt
3502,addyosmani/es6-tools
17,axe312ger/metalsmith-webpack-suite
34,apertureless/vue-breakpoints
27,adbario/php-dot-notation
173,alexnm/re-ducks
452,ahomu/Talkie
3609,akiran/react-slick
984,atom-community/sync-settings
201,astrofrog/mpl-scatter-density
61,atreichel/NumerAPI
33,agentmodels/agentmodels.org
3175,apprenticeharper/DeDRM_tools
32,alexspring123/NG-ZORRO-TEMPLATE
41,aalto-speech/speaker-diarization
261,agconti/cookiecutter-django-rest
98,audreyr/complexity
19,azbshiri/gigsib
2624,arialdomartini/oh-my-git
5433,airbnb/react-dates
253,apollographql/apollo-client-devtools
1483,apollographql/react-apollo
389,apollographql/subscriptions-transport-ws
1426,apache/beam
593,alexfru/SmallerC
273,amplab/spark-ec2
54,alirezamika/evostra
13,akorobka/quickfix
20,aboulch/snapnet
629,abdelhai/devblogs
319,abdelhai/awesome-bots
2148,anishathalye/git-remote-dropbox
64,andrewnakas/ARKit-Cardboard-VR
2100,adnanh/webhook
61,awni/speech
79,aviaviavi/cryptocompare
658,aarondfrancis/vue-model
33,aterkik/jquery-tweet-highlighted
30,ahoiin/supershape.js
47,adafruit/Adafruit_VS1053_Library
307,anupcowkur/here-be-dragons
502,akshay2211/Oblique
1217,aosp-mirror/platform_frameworks_support
569,aarsy/GoogleMapsAnimations
119,azuqua/clusterluck
426,arnaud-lb/php-rdkafka
59,ae-scripting/scripting-snippets
3175,apprenticeharper/DeDRM_tools
2986,amir20/phantomjs-node
11,alecjacobson/geometry-processing
1425,atinfo/awesome-test-automation
2996,aurajs/aura
79,aranm/scalable-javascript-architecture
78,alindsay55661/Kernel.js
45,azproduction/scalable-js-app
140,addyosmani/largescale-demo
1199,amokjs/amok
310,aurelia/cli
3175,apprenticeharper/DeDRM_tools
155,aizenbit/Scribbler
1399,auth0/angular2-jwt
31,ajwhite/ReactNative-Redux-Todo-List
35,ajsoriar/angular-avatar
1399,auth0/angular2-jwt
58,alpertuna/react-metismenu
616,americanexpress/jest-image-snapshot
368,antwarjs/antwar
496,alexjoverm/typescript-library-starter
11645,avajs/ava
496,alexjoverm/typescript-library-starter
128,alexjoverm/tslint-config-prettier
58,alpertuna/react-metismenu
1043,angular-redux/store
38,aspnetzero/documents
54,aspnetboilerplate/module-zero-core-template
3182,anthonyshort/deku
1841,acdlite/redux-promise
920,acdlite/redux-rx
1702,algolia/instantsearch.js
27,alecxe/eslint-plugin-protractor
18,awslabs/mturk-code-samples
24,awslabs/cfncluster-cookbook
931,angular/angular.io
1042,artofrawr/profoundgrid
108,alibaba/cooma
93,asciidoctor/asciidoctor-fopub
870,anthonynsimon/parrot
210,almin/almin
1143,auth0/angular-jwt
2624,arialdomartini/oh-my-git
20,ardalis/AspNetCoreRouteDebugger
11,aurelia/ux-components
96,apigee-127/swagger-test-templates
2490,akkadotnet/akka.net
2395,alexmingoia/koa-router
406,almonk/SketchGit
415,aviabird/angularspree
452,ahomu/Talkie
496,alexjoverm/typescript-library-starter
1399,auth0/angular2-jwt
42,axaq/traviso.js
252,aerokube/selenoid
41,aerokube/selenoid-ui
1425,atinfo/awesome-test-automation
1136,alexk111/ngImgCrop
73,awslabs/logstash-input-dynamodb
16,aveferrum/angular-material-demo
75,auth0/node-odata-parser
21,arithmetric/lambda-stash
880,airbnb/react-with-styles
9122,airbnb/react-sketchapp
116,airbnb/optica
186,airbnb/prop-types
647,airbnb/RxGroups
31,airbnb/sssp
14,ainzzorl/soccer-team-adjectives
125,airbnb/hypernova-react
93,airbnb/sparsam
61,airbnb/bossbat
305,airbnb/okreplay
31,airbnb/omniduct
679,algorhythms/Algo-Quicksheet
2573,angular-ui/angular-google-maps
415,aviabird/angularspree
223,aviabird/yatrum
31,aviabird/angularhunt
269,amaembo/huntbugs
1107,apache/commons-lang
1569,arthepsy/ssh-audit
449,apollographql/apollo-codegen
413,a-jie/Agile
152,adamalbrecht/ngOnboarding
143,agebrock/tunnel-ssh
28,artpaul/clickhouse-cpp
21,actor-framework/benchmarks
7188,aFarkas/lazysizes
91,aquint/ion-alpha-scroll
1399,auth0/angular2-jwt
45,auth0-samples/auth0-angular-samples
337,allegro/node-worker-nodes
1569,asciidoctor/asciidoctor
30,anttiviljami/woocommerce-facebook-conversion-pixel
1335,alwsl/alwsl
10068,alcatraz/Alcatraz
823,alexsosn/iOS_ML
64,andrewnakas/ARKit-Cardboard-VR
129,ajlkn/baseline
65,acdlite/json-sass
16,awkward/Ocarina
65,arangodb/go-driver
1432,astropy/astropy
233,antirez/rax
123,applegrain/creact
837,alssndro/sandros-sketch-plugins
5433,airbnb/react-dates
55,achariam/elyxel
1432,astropy/astropy
3741,ankurp/Dollar
145,aozhimin/iOS-Debug-Hacks
77,akerl/githubchart
2364,agilebits/onepassword-app-extension
3054,addyosmani/basket.js
971,aweary/react-perimeter
259,akiran/react-highlight
337,antoinejaussoin/retro-board
271,anthonyjgrove/react-google-login
91,adarshpastakia/aurelia-ui-framework
32,alexspring123/NG-ZORRO-TEMPLATE
667,axitkhurana/buster
1222,aframevr/awesome-aframe
224,andyb129/AndroidStudioPluginsNPlay
1703,aritraroy/PatternLockView
1766,ansible/ansible-container
648,autoNumeric/autoNumeric
137,axaluss/power-mode-intellij-plugin
41,alexurquhart/hugo-geo
431,austinschwartz/ctci_v6
16,ajinkya007/FOSSCompetitions
253,afollestad/inquiry
526,afollestad/bridge
55,architjn/SharePanel
1158,amaneureka/AtomOS
206,aviaryan/learnxinyminutes-pdf
2054,apache/cordova-android
213,apache/cordova-plugin-device
502,akshay2211/Oblique
4454,aheckmann/gm
38,amitness/cutcode
191,adeshpande3/Machine-Learning-Links-And-Lessons-Learned
2986,amir20/phantomjs-node
1460,angus-c/just
110,appcues/gen_retry
12,alexisheloir/slsi-nui-interaction-scripts
348,alibaba/gym-starcraft
362,alvations/pywsd
92,atk4/ui
3175,apprenticeharper/DeDRM_tools
1141,alecthomas/chroma
713,atom-material/atom-material-ui
185,asok/projectile-rails
79,api-stack/api-stack
222,addywaddy/jquery.tagcloud.js
1155,archriss/react-native-snap-carousel
4648,andlabs/libui
1141,alecthomas/chroma
319,abdelhai/awesome-bots
629,abdelhai/devblogs
1029,andialbrecht/sqlparse
48,adamv/dotfiles
19,aresch/rencode
1432,astropy/astropy
5671,alibaba/AndFix
910,appium/sample-code
280,aozhimin/iOS-Monitor-Platform
12,alexisheloir/slsi-nui-interaction-scripts
348,alibaba/gym-starcraft
36,angineering/FullStackTemplate
417,angularLovers/Angular2
38,aurotripathy/ssd-spacenet
13,assafelovic/facebook_messenger_bot
119,ars-ashuha/variational-dropout-sparsifies-dnn
192,asrp/tkui
542,andrea-cuttone/geoplotlib
492,andev-software/graphql-ide
449,apollographql/apollo-codegen
16,agawronski/pandas_redshift
1112,aftertheflood/spark
73,anoek/webrtc-group-chat-example
104,andersonba/yve-bot
1576,anvaka/ngraph.path
83,alphasp/pxview
53,apache/chukwa
642,aol/cyclops-react
111,artefactual/archivematica
24,abo-abo/lpy
69,averrin/mapgen
302,aliyun/aliyun-openapi-java-sdk
159,alibaba/iOSSecAudit
2255,appsquickly/Typhoon
234,actframework/actframework
1538,atomicobject/objection
1089,apache/incubator-gobblin
547,adyliu/jafka
118,apachecn/spark-doc-zh
1425,atinfo/awesome-test-automation
181,ajtulloch/Elements-of-Statistical-Learning
82,aidiary/PRML
128,arunpatala/captcha
1412,azkaban/azkaban
1249,apache/ignite
793,atemerev/skynet
1307,anishathalye/dotbot
277,akrennmair/gopcap
30,ancor-dev/sublime-sql-snippets
1544,apache/hive
56,astroML/sklearn_tutorial
781,aimacode/aima-java
319,abdelhai/awesome-bots
629,abdelhai/devblogs
89,achiku/planter
26,asimjalis/apache-toree-quickstart
1459,audreyt/node-webworker-threads
1357,apple/swift-protobuf
45,angstwad/elemental
57,a8m/ng-pipes
356,agiliq/django-graphos
1569,asciidoctor/asciidoctor
21,ahmadazizi/iran-cities
101,aspnet/Localization
30,ancor-dev/sublime-sql-snippets
1544,apache/hive
1141,alecthomas/chroma
1112,aftertheflood/spark
366,allenai/bi-att-flow
1089,apache/incubator-gobblin
1425,atinfo/awesome-test-automation
52,antalsz/hs-to-coq
3346,auduno/headtrackr
286,angr/angr-doc
26,arulrajnet/attila
3423,aws/chalice
71,arkypita/LaserGRBL
98,andrewhodel/grblweb
265,akavel/rsrc
78,afiedler/sketch-node-parser
6890,alexa/alexa-avs-sample-app
109,adafruit/Adafruit_FONA
74,andrewiankidd/rcloneExplorer
1206,antonym/netboot.xyz
24,amcjen/node-udt
250,askn/crystal-by-example
4648,andlabs/libui
682,azerupi/mdBook
1603,andreruffert/rangeslider.js
658,aarondfrancis/vue-model
293,angular/in-memory-web-api
381,automategreen/dynamoose
128,amalgam8/amalgam8
20,amilstead/unity3d-thrift-twisted
54,ansible/ansible-container-examples
71,angular-redux/example-app
18,a289459798/react-native-umshare
148,automata/osc-web
1294,agarrharr/awesome-cli-apps
492,andev-software/graphql-ide
385,apache/commons-io
62,apache/commons-validator
62,apache/commons-net
494,ademilter/chrome-css-grid-highlighter
73,acbarbosa1964/acb-bootstrap-snippets
38,abagshaw/brackets-minifier
2345,amireh/happypack
14,anywhichway/iMemoized
1303,absinthe-graphql/absinthe
1730,amilajack/eslint-plugin-compat
357,axiomatic-systems/Bento4
593,alexfru/SmallerC
637,attardi/wikiextractor
452,azu/awesome-commit-english
210,almin/almin
263,ankane/hightop
84,akrabat/slim-bookshelf
63,andrewwutw/build-djgpp
292,autokey-py3/autokey
48,ajwhite/angular-translate-once
539,auchenberg/devtools-remote
178,angular-pakistan/ng-conf-2017
256,ai/nanoevents
354,andersoonweb/learning-devtools
460,autozimu/LanguageClient-neovim
75,amintimany/Categories
56,alexlarsson/spotify-app
54,alirezamika/evostra
47,andreapaiola/P2P-CDN
1585,ajbrock/Neural-Photo-Editor
18,adfinis-sygroup/ember-validated-form
2073,adobe-fonts/source-sans-pro
18,adobe-fonts/kenten-generic
17,adobe-fonts/adobe-blank-2
26,adobe-fonts/source-han-super-otc
42,adobe-fonts/adobe-variable-font-prototype
1215,adobe-fonts/source-serif-pro
32,aaroniker/framy-css
919,alanwangmodify/WXSTransition
45,andreaiacono/MapReduce
246,arkhipov/temporal_tables
1645,arc90/git-sweep
23,asya999/bits-n-pieces
687,amaboura/panama-papers-dataset-2016
195,alavrik/piqi
87,apache/spamassassin
32,adriweb/EEPro-for-Nspire
405,atomix/copycat
1185,apache/lucene-solr
358,aarzilli/golua
226,alex/rply
16,aisaac-lab/datakit
17,ayemos/akagi
12,anteriovieira/vue-swal
411,aio-libs/aioredis
30,ao5357/development_favicon
16,aanari/pg-materialize
732,aleksandar-todorovic/awesome-c
823,arschles/go-in-5-minutes
587,aritter/twitter_nlp
83,asmith26/wide_resnets_keras
107,abcfy2/getComic
172,alanfgates/programmingpig
171,adamjshook/mapreducepatterns
48,alafr/SVG-to-PDFKit
91,asxinyu/awesome-R
120,astropy/astroquery
98,ankushshah89/python-docx2txt
24,aloysius-pgast/crypto-exchanges-gateway
457,aphyr/meangirls
327,apache/oozie
453,amplab/keystone
46,alexvanboxel/airflow-gcp-examples
431,alimanfoo/petl
781,apache/avro
39,amueller/odscon-2015
286,akveo/polymer-admin
55,autoliuweijie/DeepLearning
31,awslabs/ecs-canary-blue-green-deployment
92,aarongarrett/inspyred
31,awslabs/ecs-canary-blue-green-deployment
78,authman/DAT210x
68,alzmcr/allstate
510,adambrenecki/virtualfish
469,awslabs/emr-bootstrap-actions
37,aliyun/aliyun-oss-c-sdk
98,aliyun/rds_dbsync
231,amplab/spark-indexedrdd
29,alexeygrigorev/datascience-recruitment-challenges
40,atelierbram/vim-colors_duotones
685,alexa-pi/AlexaPi
284,alexander-rakhlin/CNN-for-Sentence-Classification-in-Keras
7108,amsul/pickadate.js
26,alex-miller-0/Tor_Crawler
18,asaumierdemers/WurstSchreiber
4436,alrra/browser-logos
66,algernon/ergodox-layout
137,abhishekkrthakur/clickbaits_revisited
24,albert-feng/blade-fury
63,apache/hadoop-hdfs
350,andrewberls/regularity
3177,apache/zeppelin
622,armbian/build
1108,apache/flume
82,apache/crunch
135,alvan/luokr.com
11,adafruit/rpi-fb-matrix
441,ashinkarov/i3-extras
522,alexcrack/angular-ui-notification
120,astropy/astroquery
32,arahuja/generative-tf
224,adblockplus/backup-adblockpluschrome
670,agentzh/code2ebook
507,alexandres/lexvec
225,aminroosta/sqlite_modern_cpp
171,avivt/VIN
61,amarshah/complex_RNN
34,andre-martins/AD3
340,att/rcloud
34,allenai/science-parse
56,amrisi/amr-guidelines
118,askme765cs/Wine-QQ
28,acantril/aCloudGuru-AdvancedCloudFormation
52,alvaroloes/enumer
158,albanie/SIGBOVIK17-GUNs
136,andykamath/student-free-stuff
28,akyrola/shotgun
255,astorfi/TensorFlow-World-Resources
72,andabi/music-source-separation
34,alchemyst/Skogestad-Python
121,alphatica/genotick
26,alpheus55/Finance
12,ankurp/C-Algorithms
21,arkokoley/saavn
136,andykamath/student-free-stuff
21,alexpate/alexpate.uk
26,anapaulagomes/dashboard
1759,alex/django-taggit
205,ayushoriginal/Sentiment-Analysis-Twitter
21,alexhorn/defendjs
50,avatsaev/kawachat2-client
65,axelbrando/Mixture-Density-Networks-for-distribution-and-uncertainty-estimation
21,alexpate/alexpate.uk
26,anapaulagomes/dashboard
61,awslabs/aws-php-sample
130,asduk/Flight-Fight-In-Swift
531,adafruit/Adafruit_SSD1306
365,alexzielenski/ThemeEngine
156,arbonagw/HeliumRain
86,asavihay/TrafficLights-DeepLearning-iOS
86,asavihay/PBROrbs-iOS10-SceneKit
765,aosabook/aosabook
39,aldengolab/fake-news-detection
533,akhikhl/gretty
52,abcnews/odyssey
304,akiran/react-foundation-apps
830,alibaba/Tangram-Android
485,adametry/gulp-eslint
89,akirafukui/vqa-mcb
382,alixaxel/ArrestDB
33,adrianmo/go-nmea
149,axiantheme/ghostion
663,aappleby/smhasher
653,advancedlogic/go-freeling
162,abenassi/Google-Search-API
473,arjun024/mkernel
20,asit-dhal/stringify
225,aminroosta/sqlite_modern_cpp
115,abourget/slick
26,alco/elixir-datetime
640,awnumar/memguard
150,arnobl/latexdraw
42,ab24v07/HFTrader
203,aiyodk/Alfred-Extensions
31,abajwa-hw/hdp-datascience-demo
31,aqibsaeed/Anomaly-Detection
33,andreas-h/pyloess
203,ayeowch/bitnodes
31,amonapp/amonagent
45,arahusky/Tensorflow-Segmentation
228,aiyaapp/AiyaEffectsIOS
21,autosquid/Clean-SmS-Forwarding
61,alexeygrigorev/outbrain-click-prediction-kaggle
474,antoniogarrote/rdfstore-js
121,alphatica/genotick
56,amrisi/amr-guidelines
94,alexa/skill-sample-nodejs-city-guide
330,afc163/fanyi
25,abisee/attn_vis
395,amd/OpenCL-caffe
822,askerov/DynamicGrid
70,addthis/metrics-reporter-config
1108,apache/flume
4436,alrra/browser-logos
86,axiaoxin/vim-settings
1318,apache/incubator-pulsar
197,apache/bookkeeper
870,aldeed/meteor-simple-schema
69,albertbup/deep-belief-network
1193,amonapp/amon
5101,autumnai/leaf
47,alexa/skill-sample-nodejs-hello-world
101,apache/apex-malhar
227,alexminnaar/time-series-classification-and-clustering
386,appfuse/appfuse
18,askedrelic/bash-history-punchcard
236,aexmachina/ember-cli-sass
76,awslabs/aws-lex-web-ui
30,andrewssobral/mtt
14,antonio-m/FDIVP
590,axiak/pybloomfiltermmap
27,andreimuntean/A3C
99,aereal/dotfiles
145,androidthings/weatherstation
370,ahmetaa/zemberek-nlp
735,adamhajari/spyre
76,amueller/odscon-sf-2015
13,amaneureka/Stylus
235,aerospike/aerospike-client-go
12,aculich/clausie
258,abhinavsingh/proxy.py
18,anthonygarvan/MinHash
1036,appbaseio/dejavu
18,anibali/infogan
293,adtac/exterminate
41,apcode/tensorflow_fasttext
80,alfredessa/pdacookbook
49,audreyr/binaryornot
15,aleju/LossAccPlotter
320,all-umass/metric-learn
344,arneb/django-messages
1565,ageitgey/node-unfluff
96,ageitgey/node-pullquoter
30,ageitgey/face_recognition_models
1738,ageitgey/amplify
37,ageitgey/all-podcasts-dataset
1205,ageitgey/show-facebook-computer-vision-tags
41,awaisathar/dependensee
336,attardi/deepnl
251,ajstarks/openvg
346,ananthakumaran/webify
46,abhinavdahiya/go-messenger-bot
332,anishathalye/seashells
38,aficnar/slackpolice
477,aneesha/RAKE
44,amitkaps/full-stack-data-science
18,anujgupta82/Representation-Learning-for-NLP
382,avisingh599/visual-qa
41,alexarchambault/plotly-scala
327,adafruit/adafruit-beaglebone-io-python
33,arnim/HDP
630,appleple/SmartPhoto
466,ajdamico/asdfree
45,altova/sec-xbrl
239,antimattr/GoogleBundle
68,automl/autoweka
18,automl/HPOlib2
142,ashishb/android-malware
1727,afragen/github-updater
105,aluzzardi/pam_usb
139,aiyanbo/spark-programming-guide-zh-cn
56,asoroa/ukb
168,andrerpena/chatjs
76,artlebedev/expromptum
1557,apache/httpd
126,ajcr/100-pandas-puzzles
1153,apenwarr/git-subtree
34,alvinj/AkkaRemoteActorsHelloWorld
77,alberduris/The_Math_of_Intelligence
444,ajacksified/song-of-github
50,avplayer/deCAPTCHA
2062,antirez/sds
368,alliswell/Less
88,anujshah1003/own_data_cnn_implementation_keras
25,awslabs/amazon-kinesis-client-net
69,awslabs/aws-sdk-unity-samples
13,awslabs/aws-auto-scaling-console-sample
15,awslabs/elasticache-cluster-config-net
13,alanderex/pandas-pydata-2017
268,alaouy/Youtube
1280,anjlab/android-inapp-billing-v3
24,andersontr15/Resources-To-Master-Software-Engineering-Interview-for-Non-CS-Majors
17,artetxem/vecmap
179,atgambardella/pytorch-es
15,amlinger/homebridge-telldus-tdtool
14,aebrahim/pidgin-wincred
1431,artpolikarpov/fotorama
534,areski/python-nvd3
17,artetxem/vecmap
87,andrewsuzuki/elm-todo-rest-api
17,artetxem/vecmap
73,arxsys/dff
11,activityMonitoring/biobankAccelerometerAnalysis
137,apache/bahir
246,andrewliao11/Deep-Reinforcement-Learning-Survey
21,aa65535/openwrt-simple-obfs
92,aimacode/aima-data
16,arpesenti/peopleTracker
42,awesomebitrix/awesome-bitrix
275,akexorcist/Android-GoogleDirectionLibrary
27,angeladai/cnncomplete
14,arron2003/rgbd2full3d
160,asweigart/my_first_tic_tac_toe
323,asterisk/asterisk
22,alfredessa/pandas-cookbook
122,aymericdamien/Machine-Learning-Tutorials
125,arc42/arc42-template
821,authomatic/authomatic
18,alexmos/sbgc-api-examples
20,autoreject/autoreject
69,atp-team/Gustav
723,amaembo/streamex
68,abajwa-hw/security-workshops
246,andrewliao11/Deep-Reinforcement-Learning-Survey
2647,alamkanak/Android-Week-View
3185,awesome-print/awesome_print
14,alongyin/ScrapyWeiboByAPI
64,ausminternet/blogprint
28,aelvan/Similar-Craft
244,aelvan/Imager-Craft
12,andreapavoni/plug_ets_cache
22,alexstocker/sensorlogger
14,ahyswang/actionscript-publisher
34,andr68rus/miwifiradio
109,annexare/Countries
35,anarayanan86/MITx-6.00.1x
173,akurtovic/InstaRaider
111,andrewebdev/django-video
29,alexeygrigorev/libffm-python
24,argilo/secplus
88,anilallewar/microservices-basics-spring-boot
17,angelsix/solidworks-api
15,ahojnnes/local-feature-evaluation
75,ajzawawi/js-interview-prep
143,adafruit/Adafruit-WS2801-Library
37,amueller/advanced_git_nyu_2016
121,artcg/BEGAN
20,albahnsen/ML_SecurityInformatics
138,archivesspace/archivesspace
29,alexeygrigorev/libffm-python
196,airalcorn2/Deep-Semantic-Similarity-Model
196,anki/cozmo-python-sdk
13,abelcarreras/DynaPhoPy
12,asolis/vivaVideo
24,alculquicondor/psqlparse
186,alexyoung/dailyjs-backbone-tutorial
114,apollographql/graphql-tutorial
49,aruntk/polymer-apollo
150,adpushup/woodlot
77,alberduris/The_Math_of_Intelligence
328,apereo/java-cas-client
150,adius/awesome-sheet-music
53,alexandraj777/machine-learning-samples
122,aymericdamien/Machine-Learning-Tutorials
145,altosaar/variational-autoencoder
655,ashedryden/freelance-contract
27,atenpas/gpd
37,arzynik/cheryl
60,adaptives/python-examples
647,aljosa/django-tinymce
14,alex7575/Talos3D
62,akeranen/the-one
47,arteam/100-Java-Concurrency-questions
1011,angular-wizard/angular-wizard
22,alfredessa/pandas-cookbook
42,acpigeon/austinlp
466,amygdala/tensorflow-workshop
24,awslabs/ecs-mxnet-example
28,alfredessa/awesomedata.science
49,andrewpuch/aws-sqs-node-js-examples
126,ajcr/100-pandas-puzzles
20,alvations/Quotables
17,alrojo/CB513
697,apache/ambari
18,ahawker/machine-learning-coursera
413,altmany/export_fig
287,adnantopal/slimmenu
24,alexyak/motiondetector
44,aprescott/tenuki
42,ashchan/ftpsync
413,altmany/export_fig
16,agentzh/lua-php-utils
146,aio-libs/aiobotocore
251,awslabs/ecs-refarch-continuous-deployment
61,agoldst/dfr-browser
125,andriusvelykis/reflow-maven-skin
227,asciimoo/exrex
23,adamhajari/Introduction-to-Data-Science
32,arcage/crystal-email
32,arcage/crystal-email
209,alexgkendall/caffe-posenet
79,ai-tor/VPilot
828,achiku/jungle
370,andrebts/login-basics
587,advantageous/qbit
360,appnexus/pyrobuf
42,aistodorescu/carpc-controller
13,achilikin/RdSpi
23,akshay2000/XBMCRemoteRT
828,achiku/jungle
27,adafruit/Adafruit_Trellis_Library
21,adafruit/Adafruit_Trellis
20,albahnsen/ML_RiskManagement
11,aluo-x/tensorflow_windows
14,alexandrekow/svmtutorial
254,amzn/web-app-starter-kit-for-fire-tv
481,archlinuxfr/yaourt
494,aeroxis/sultan
154,albertbellonch/piet
16,alefragnani/atom-language-pascal
16,appuio/techlab
196,airalcorn2/Deep-Semantic-Similarity-Model
65,abhishekkrthakur/greedyFeatureSelection
64,aclements/commuter
371,alizahid/slinky
77,alberduris/The_Math_of_Intelligence
327,ableev/Zabbix-in-Telegram
62,ahodesuka/4chan-Style-Script
187,ahodesuka/ahoviewer
60,aeosynth/4chan-x
59,abc612008/bilibili_blacklist
564,adamlu/javascript-style-guide
2456,aws/aws-sdk-ruby
118,angal/arcadia
129,alanxz/SimpleAmqpClient
17,alfathdirk/LIN3-TCR
17,artetxem/vecmap
87,andrewsuzuki/elm-todo-rest-api
23,agateau/pyqt-webkit-tutorial
108,anthonynsimon/java-ds-algorithms
73,abcnews/odyssey-scrollyteller
1843,aosp-mirror/platform_development
21,ait-vgl/OpenCCTV
17,artetxem/vecmap
87,andrewsuzuki/elm-todo-rest-api
95,aldostools/webMAN-MOD
1280,anjlab/android-inapp-billing-v3
238,andrewssobral/simple_vehicle_counting
46,arcusys/Valamis
59,agronholm/typeguard
17,artetxem/vecmap
87,andrewsuzuki/elm-todo-rest-api
381,aviaryan/awesome-no-login-web-apps
400,avehtari/BDA_py_demos
608,avin2/SensorKinect
11,abhyudaynj/birnn-bionlp
47,aharley/segaware
909,afonsof/jenkins-material-theme
80,andrewkittredge/financial_fundamentals
29,assylias/jBloomberg
114,aruseni/django-qrauth
80,andrewkittredge/financial_fundamentals
752,aaronduino/asciidots
134,alexellis/docker-blinkt-workshop
613,appbaseio/gem
22,abraidwood/minilzo-js
781,azu/promises-book
54,adafruit/Adafruit_Python_PN532
148,anewell/pose-hg-train
141,anewell/pose-hg-demo
418,auchenberg/dependo
79,ariseff/overcoming-catastrophic
957,arcadia-unity/Arcadia
182,awalker89/openxlsx
2491,amontalenti/elements-of-python-style
297,alexandrevicenzi/Flex
340,arnaud-lb/MtHaml
257,ankush-me/SynthText
15,adunStudio/AdunDocs
13,ayhanyildiz/gitting
146,aseveryn/deep-qa
1764,adad184/MMPopupView
14,apache/incubator-openwhisk-wskdeploy
479,alexanderepstein/Sandman
2688,antimatter15/ocrad.js
59,airbnb/hypernova-ruby
18,animalize/tz2txt
107,auth0-samples/auth0-angularjs2-systemjs-sample
11,arhangeldim/messenger
2416,angular-ui-tree/angular-ui-tree
155,ahonn/weapp-one
62,anilbaranyelken/tulpar
85,anitagraser/TimeManager
240,azexo/Azexo-Composer-WYSIWYG
329,acgotaku/YAAW-for-Chrome
37,anshumanv/ongaku
1644,arslanbilal/git-cheat-sheet
1663,answer-huang/dSYMTools
22,alexcavender/Automatic-Export-to-CSV-for-Gravity-Forms
62,acogoluegnes/Spring-Batch-Workshop
231,aritchie/acr-xamarin-forms
95,aidin36/tocc
40,aliva/SubtitleFixer
197,abunsen/Paython
118,afiedler/tstables
181,aristidb/aws
136,anzhihun/OpenLayers3Primer
678,arank/marauders-map
172,aratcliffe/Leaflet.contextmenu
55,angular/closure-demo
152,atom/welcome
261,alibaba/react-intl-universal
58,azuqua/jwt-redis-session
79,acoustep/entrust-gui
100,automatak/dnp3
35,ameizi/solrj-example
54,aeosynth/draft
26,anilbaranyelken/siberguvenlik
11,ahmetgurel/PythonForSecurity
2689,andremion/Music-Player
664,aliab/circular-music-progressbar
1227,admc/wd
12,andy-5/wslgit
180,atom/find-and-replace
16,akafugu/ds_rtc_lib
11,ab2017-linuxpython/akademikbilisim
16,air01a/raspadmin
282,alembic/alembic
25,amirsanni/Mini-Inventory-and-Sales-Management-System
18,amandajshao/crowd_group_profile
25,amandajshao/www_deep_crowd
99,adamcharnock/django-tz-detect
12,accre/Python
3051,aasm/aasm
60,ababo/toy
629,arashmanteghi/simptip
12,andrebaltieri/ng-demos
1493,andris9/jStorage
38,andrewkiluk/RSA-Library
108,afritz1/OpenTESArena
228,agoncal/agoncal-book-javaee7
19,aimacode/aima-julia
103,arximboldi/ewig
522,agdsdl/DLSlideView
519,antennaio/jquery-bar-rating
401,aws/aws-health-tools
22,aws/Trusted-Advisor-Tools
39,alyssafrazee/RSkittleBrewer
12,alex2wong/Jqmap2
11,aristotle9/mukioplayer
942,amitkaps/hackermath
607,alehander42/pseudo
531,aaubry/YamlDotNet
705,andismith/grunt-responsive-images
20,alexchen16/echo_site
47,appium-boneyard/appium-dot-exe
15,aavegmit/p2p
44,auxten/gingko
22,avplayer/avhtml
19,a70838697/winSocketSample
1077,amitburst/HackerNews
19,amaiasalvador/imcap_keras
941,awaitility/awaitility
86,alexandernst/yii2-device-detect
189,artwl/Lottery
20,ajtowf/OfficeCacheCleaner
23,allentsing/ATijkplayeriOS
184,apicollective/apibuilder
745,adamtornhill/code-maat
320,auth0/go-jwt-middleware
22,ahodesuka/dotfiles
35,alireza-amirsamimi/pdmt
51,atomiks/reddit-user-analyser
98,adrianmcli/react-reveal-text
58,al3x/emacs
172,aaronbieber/dotfiles
29,alexnoob/BasketBall-GM-Rosters
26,audax/pypo
52,appleton/aqua-theme
36,agentzh/amazon-polly-batch
56,atarallo/TECMINT_MONITOR
15,andreicristianpetcu/dotfiles
549,adamfairhead/webicons
18,alxnik/py8583
101,airingursb/bilibili-report
2342,ankane/groupdate
2305,aroc/side-comments
106,allure-framework/allure-pytest
11,ahmadjavedse/sqlalchemy-paginator
3636,alibaba/dexposed
1184,adafruit/Adafruit-Raspberry-Pi-Python-Code
188,adafruit/Bluefruit_LE_Connect
172,aratcliffe/Leaflet.contextmenu
47,adeptoas/sweet-modal
260,adeptoas/sweet-modal-vue
16,albhasan/docker_scidb
15,azampagl/ai-ml-clustering
26,aviel08/unity_presentation_template
17,aleixmorgadas/nem-library-examples
28,alex2/django_logtail
11,andykamath/TrickleDownML
176,ayush1997/Xvision
44,airingursb/miemie
794,alexadam/save-as-ebook
75,alex-phillips/node-clouddrive
91,arcticicestudio/nord-iterm2
40,akorb/SteamShutdown
99,arno-di-loreto/openapi-specification-visual-documentation
503,amitu/importd
69,aio-libs/aiosmtpd
80,alumbra/alumbra
43,alex520biao/Learning-OpenGL-ES-for-iOS
135,axclogo/AxcUIKit-Sample
94,afishhhhh/YUSegment
130,apadalko/RadialTransition_objC
375,angelolloqui/AGi18n
377,algolia/instantsearch-ios
1719,alskipp/ASValueTrackingSlider
389,anyunzhong/DFTimelineView
519,acerbetti/ACEExpandableTextCell
763,alibaba/Tangram-iOS
763,alibaba/Tangram-iOS
168,agilie/AGImageControls
498,apple/swift-llbuild
460,afrous/Cynthia
