3598,ButchersBoy/MaterialDesignInXamlToolkit
25,Bunny83/SimpleJSON
13570,Blankj/AndroidUtilCode
2059,Bitmessage/PyBitmessage
15753,Bilibili/ijkplayer
2210,Binaryify/NeteaseCloudMusicApi
2346,BYVoid/OpenCC
5555,BabylonJS/Babylon.js
92,BabylonJS/Website
45,BabylonJS/Editor
6232,BurntSushi/ripgrep
188,BeardedManStudios/ForgeNetworkingRemastered
4289,BoostIO/Boostnote
2674,Bogdan-Lyashenko/Under-the-hood-ReactJS
1250,BrainJS/brain.js
10289,Bilibili/flv.js
1021,Blizzard/s2client-api
85,Bo0oM/fuzz.txt
6270,Bearded-Hen/Android-Bootstrap
20715,BVLC/caffe
29,Bodmer/TFT_ILI9341
176,Bodmer/TFT_eSPI
16451,BradLarson/GPUImage
1095,BakerJQ/Android-InfiniteCards
159,BugScanTeam/hackhttp
2096,BruceDone/awesome-crawler
203,BugScanTeam/DNSLog
60,BruceDone/tensorflow-demos
128,BeetleChunks/redsails
15,BDLeet/public-shell
1419,BloodHoundAD/BloodHound
603,BaiduHiDeviOS/iOS-Tech-Weekly
19,BuffaloWill/gumbler
90,BorjaMerino/Pazuzu
166,Ben0xA/nps
942,Baidu-Music-FE/muplayer
29,Bo0oM/CVE-2017-7089
77,Ben0xA/PowerShellDefense
1419,BloodHoundAD/BloodHound
22,Bluekezhou/binaryWaf
79,BloodHoundAD/SharpHound
1419,BloodHoundAD/BloodHound
472,BigShow1949/BigShow1949
2290,BorisMoore/jsrender
756,BorisMoore/jsviews
293,Baqend/Orestes-Bloomfilter
79,BloodHoundAD/SharpHound
688,BitBotFactory/poloniexlendingbot
22,BornToBeRoot/PowerShell_IPv4PortScanner
216,BuffaloWill/oxml_xxe
271,BSVino/MathForGameDevelopers
208,BinBear/breadtrip-ReactiveCocoa-MVVM-
212,BoletoNet/boletonet
1269,BlackrockDigital/startbootstrap-sb-admin
70,BIGBALLON/cifar-10-cnn
13,BIGBALLON/Deep-learning-and-practices
2793,BigZaphod/Chameleon
39,BayatGames/RedRunner
37,Bombaba/BlenderPythonScripts
208,Bromeon/Thor
5427,Bigkoo/Android-PickerView
173,BR903/ELFkickers
1885,Boris-Em/BEMCheckBox
422,Borye/machine-learning-coursera-1
32,BlueSimle/RestfulApi
22,BlueSimle/wxshop
312,BYVoid/continuation
21,Blender3D/torrent
71,Bensge/NativeDisplayBrightness
22,Blizzard/premake-core
1958,Blizzard/s2client-proto
137,BeaEngine/beaengine
3731,BafS/Gutenberg
456,Beep6581/RawTherapee
1491,BoxFactura/pulltorefresh.js
6853,Bash-it/bash-it
26,Binaryify/amrToMp3
12,BlueBrain/CoreNeuron
32,BroncoTc/PySocketCoolQ
308,Bioruebe/UniExtract2
60,BrandonPotter/GoogleAuthenticator
277,Bacon/BaconQrCode
27,BlackHole1/Fecm
63,Brightcookie/lxHive
134,BuddhaLabs/PacketStorm-Exploits
2251,Block8/PHPCI
639,Bottelet/Flarepoint-crm
387,Boostport/kubernetes-vault
229,BitcoinUnlimited/BitcoinUnlimited
19,BarbaraPalvin/IntelGraphicsDVMTFixup
424,BinaryDefense/artillery
6346,BlocksKit/BlocksKit
4717,Bttstrp/bootstrap-switch
5427,Bigkoo/Android-PickerView
1636,B-Sides/ELCImagePickerController
229,BitcoinUnlimited/BitcoinUnlimited
1416,Benjamin-Dobell/Heimdall
63,BugScanTeam/GitHack
297,Brightify/Reactant
105,BriData/DBus
201,BenjiKCF/Neural-Network-with-Financial-Time-Series-Data
30,BazingaLyn/laopopo-rpc
13,Bestoa/shadowsocks-vertx
54,Babywolf1992/WFSignatureView
1958,Blizzard/s2client-proto
263,Bobris/Bobril
392,BlackrockDigital/startbootstrap-scrolling-nav
977,BlackrockDigital/startbootstrap-creative
1014,BlackrockDigital/startbootstrap-agency
324,Blankj/awesome-comment
136,BetterTuring/turingWeChatGroups
743,Blizzard-liu/AndroidUtils
270,Blockstream/satellite
437,B-Con/crypto-algorithms
743,Blizzard-liu/AndroidUtils
758,BitFunnel/NativeJIT
25,BenPollock/AndroidRTPVideoStreamer
108,BrentAureli/Youtube-Tutorials
76,BlackHole1/WebRtcXSS
23,BruceZhang1993/wechat_web_devtools
383,BetterJS/badjs-report
99,BadTudou/RubyUsersGuide-zh
3026,BuckleScript/bucklescript
20,Burton2000/CS231n-2017
103,BallAerospace/COSMOS
26,Banno/druid-docker
250,BlueRaja/High-Speed-Priority-Queue-for-C-Sharp
60,BracketCove/Profiler
366,Blizzard/s2protocol
80,BladeCoda/Tencent2017_Final_Coda_Allegro
218,BlinkTagInc/node-gtfs
313,Blizzard/heroprotocol
1030,BonzaiThePenguin/WikiSort
149,BosNaufal/vue-mini-shop
174,BetterJS/doc
4906,BlackrockDigital/startbootstrap-sb-admin-2
43,BuzzFeedNews/2017-08-spy-plane-finder
493,BlokDust/BlokDust
529,BlackrockDigital/startbootstrap-landing-page
162,BuildingXwithJS/building-products-with-js
16,BBC-News-Labs/Text_Analytics
4906,BlackrockDigital/startbootstrap-sb-admin-2
4906,BlackrockDigital/startbootstrap-sb-admin-2
1032,BlackrockDigital/startbootstrap-simple-sidebar
1063,BurntSushi/nflgame
222,B00merang-Project/macOS-Sierra
238,BoD/android-dip-ruler
37,BasileDuPlessis/scala-for-the-impatient
55,Brain-Day/brain-freeze
447,BoyCook/TwitterJSClient
77,BigstickCarpet/postman-bdd
992,BroadleafCommerce/BroadleafCommerce
49,BlinkTagInc/gtfs-to-html
30,Bihaqo/t3f
37,BasileDuPlessis/scala-for-the-impatient
78,BenWhetton/keras-surgeon
265,BrunoDeBarros/git-deploy-php
303,BCN3D/BCN3D-Moveo
637,BlackrockDigital/startbootstrap-grayscale
86,Broxxar/NoMansScanner
115,BelaPlatform/Bela
1525,BinaryAnalysisPlatform/qira
742,Babylonpartners/fastText_multilingual
20,Bdot42/mfakto
1617,BendingSpoons/katana-swift
30,BlinkUX/sequelize-mock
2894,BloombergMedia/whatiscode
56,BusterLabs/Partyshare
22,BtoBastian/sdcf4j
53,Bigous/ng2-highcharts
23,Boldewyn/jQuery.exdent
37,BelkinAndrey/OPENTadpole
493,BlokDust/BlokDust
37,BAHome/BATextView
763,BrikerMan/BMPlayer
77,BeyondTrust/pbis-open
741,ButchersBoy/Dragablz
992,BroadleafCommerce/BroadleafCommerce
100,BolexLiu/ReciteWords
70,BillPetti/baseballr
23,BigRoomStudios/strangeluv
349,BichenWuUCB/squeezeDet
12,Breakend/gym-extensions
237,Breakthrough/PySceneDetect
226,BuckyMaler/global
20,BenjaK/scanstatistics
237,Breakthrough/PySceneDetect
30,Breakend/DeepReinforcementLearningThatMatters
3105,BinRoot/TensorFlow-Book
115,BUPTLdy/Caffe_Code_Analysis
17,BUPTLdy/Land_Use_CNN
25,BranislavLazic/akka-cqrs-activator
562,Blosc/bcolz
83,Bartzi/stn-ocr
44,BatzoglouLabSU/SIMLR
115,BUPTLdy/Caffe_Code_Analysis
78,BenWhetton/keras-surgeon
73,ByteWelder/Spork
81,BennyHallett/anubis
15,Breakend/echo
160,BugiDev/react-native-calendar-strip
133,BusPirate/Bus_Pirate
13,Bloomca/equalizer
542,BrowserSync/recipes
858,BookStackApp/BookStack
33,BildPeter/ofxCMake
59,Brackeys/RPG-Tutorial
3362,BradLarson/GPUImage2
43,BurstProject/burstcoin
112,BiglySoftware/BiglyBT
209,Bilibili/FFmpeg
5979,Bilibili/DanmakuFlameMaster
69,B-3PO/angular-material-expansion-panel
101,BigZaphod/AStar
78,BlackDice/Cinema4D-Threejs-Exporter
811,BKcore/HexGL
5190,BoltsFramework/Bolts-ObjC
127,BosNaufal/vue-simple-pwa
78,BeauNouvelle/SimpleCheckbox
12,BigKeeper/big-stash
344,BlackrockDigital/startbootstrap-new-age
637,BlackrockDigital/startbootstrap-grayscale
474,Blizzard/api-wow-docs
169,BCGDV-ASIA/android-widget-ticktock
17,BCGDV-ASIA/android-widget-dotsprogressindicator
125,BCGDV-ASIA/android-widget-connectpattern
392,BelinChung/react-native-hiapp
1957,BelooS/ChipsLayoutManager
210,Bit-Wasp/bitcoin-php
65,BeatPlay/BetterAmphetaminPlugin
68,BernardoGiordano/Checkpoint
47,ButterCMS/buttercms-js
562,Blosc/bcolz
205,BretFisher/node-docker-good-defaults
809,BlackrockDigital/startbootstrap-clean-blog
809,BlackrockDigital/startbootstrap-clean-blog
55,BertrandBordage/django-super-inlines
19,Bhide/Low-Pass-Filter-To-Android-Sensors
3105,BinRoot/TensorFlow-Book
350,BadChoice/handesk
3105,BinRoot/TensorFlow-Book
24,BenKowalski/yotilo
83,Bartzi/stn-ocr
57,Bkmz21/CompactCNNCascade
3105,BinRoot/TensorFlow-Book
3105,BinRoot/TensorFlow-Book
98,BaiGang/spark_multiboost
532,BinRoot/Haskell-Data-Analysis-Cookbook
63,Bouke/docx-mailmerge
100,BolexLiu/ReciteWords
3105,BinRoot/TensorFlow-Book
350,BadChoice/handesk
15,Bit-Nation/Pangea-Docs
3105,BinRoot/TensorFlow-Book
231,BradNeuberg/cloudless
3105,BinRoot/TensorFlow-Book
742,Babylonpartners/fastText_multilingual
75,Binary-Hackers/42_Subjects
1957,BelooS/ChipsLayoutManager
15,BenLauwens/ResumableFunctions.jl
19,BMDSoftware/neji
194,Bahlaouane-Hamza/I-Miss-You
314,Brainfock/Brainfock
248,BelledonneCommunications/linphone-android
105,BeeTech-global/bee-stylish
459,Birdback/manage.py
303,BCN3D/BCN3D-Moveo
12,Bin-Huang/NodeSpider
16,BerlinMeshnet/visp
81,BayesianLogic/blog
67,BrewCenter/OpenBrews
340,BKWLD/croppa
84,ButTaiwan/genyo-font
66,ButTaiwan/genryu-font
71,ButTaiwan/genwan-font
16,BackupGGCode/voiceid
542,BrowserSync/recipes
12,BerkeleyAutomation/yumipy
53,BerkeleyAutomation/gqcnn
28,Breinify/brein-time-utilities
17,Breakend/OptionGAN
69,B-3PO/angular-material-expansion-panel
4132,BBC-News/wraith
95,BrascoJS/delorean
1838,Bukkit/Bukkit
134,BrockReece/vue-kanban
12,BigKeeper/big-stash
58,BrianGenisio/learnharmony
18,Book-Store/book-store.github.io
237,BCsl/UcMainPagerDemo
1957,BelooS/ChipsLayoutManager
1789,BlueSpire/Durandal
306,BretFisher/udemy-docker-mastery
148,BrotherMa/layuiCMS
849,Bottr-js/Bottr
5979,Bilibili/DanmakuFlameMaster
55,BananaBobby/react-awesome-scroll
143,BinbinBian/Awesome-Code
15,BNYMellon/CodeKatas
66,Brbb/graphql-rover
149,BohemianCoding/SketchAPI
973,BotCube/awesome-bots
13,Bloomca/equalizer
31,Brackets-Themes/Monokai
14,Breakend/DialogDatasets
38,ByteArena/box2d
66,Brbb/graphql-rover
1952,BearishSun/BansheeEngine
34,Borisvl/Pdf4Eclipse
63,Bijnagte/spock-genesis
130,BHOSC/BUAAthesis
136,BlackrockDigital/startbootstrap-business-casual
83,BEETL/BEETL
934,BlackrockDigital/startbootstrap-clean-blog-jekyll
24,BUAAQingYuan/relation2vec
34,BenoitDuffez/ScriptRunner
164,BillBillBillBill/Tickeys-linux
103,BlueMercury/BMCarouselView
681,Bloomberg-Beta/Manual
493,Blazemeter/taurus
318,BuzzFeedNews/everything
20,BenLangmead/seq-frontiers-class
475,BOINC/boinc
27,BardurArantsson/cqrs
77,BreezeDust/AlgorithmsLab
427,BrandonJoffe/home_surveillance
23,BetterWorks/defaulter
19,BookmanHan/Embedding
733,Bridgewater/scala-notebook
29,BSData/bsdata
83,Bartinger/phantom
2988,BorisMoore/jquery-tmpl
18,Babylonpartners/tf-bridge
16,BerkeleyAutomation/dex-net
53,Britefury/batchup
57,BruceDone/scrapy_demo
339,BaiduQA/Cafe
61,Beeblerox/MinimalCompsHX
555,BastilleResearch/mousejack
1362,BlackrockDigital/startbootstrap-freelancer
12,BBVA/ODSC
19,BestiVictory/ILGnet
29,BYVoid/ytenx
3412,BYVoid/Batsh
130,Bukkit/mc-dev
19,BestiVictory/ILGnet
16,BitTiger-MP/DS502-AI-Engineer
33,Bulat-Ziganshin/FA
60,BenLangmead/ads1-slides
133,Barnacules/Codegasm
492,BolexLiu/DevNote
92,Blankj/doge-expression
303,BLAKE2/BLAKE2
348,BottegaIT/ddd-leaven-v2
19,BestiVictory/ILGnet
32,BlazingForests/realsense_camera
11,BackofenLab/IntaRNA
32,BlazingForests/realsense_camera
24,Bilibili/bbip
393,BernardoGiordano/PKSM
22,BigFav/n-grams
555,BastilleResearch/mousejack
58,BastilleResearch/nrf-research-firmware
78,BlackrockDigital/startbootstrap-one-page-wonder
70,Bill-Gray/PDCurses
40,BaReinhard/Hacktoberfest-Data-Structure-and-Algorithms
71,BitMEX/api-connectors
207,Bitcoin-ABC/bitcoin-abc
34,BaReinhard/Hacktoberfest-Mathematics
112,Blood-Asp/GT5-Unofficial
48,Beau-zihan/WebDesktop
143,BenFradet/RiotSharp
2270,Bilibili/MagicaSakura
77,BosNaufal/vue2-scrollbar
121,BillWang139967/Vim
66,BalazsJako/ImGuiColorTextEdit
104,BrockCSC/acm-icpc
55,B3nszy/The-Math-Group
106,BoizZ/hexo-theme-laughing
34,BaReinhard/Hacktoberfest-Mathematics
46,BuildmLearn/BuildmLearn-Toolkit-Android
85,Binaryify/vue-qr
158,Borisvl/bigbash
2208,BootstrapCMS/CMS
51,BtbN/vlc-htsp-plugin
473,BreakingMalwareResearch/atom-bombing
60,BlueSky-07/Shuang
314,Blankj/ALog
114,BigKuCha/yii2-ueditor-widget
2853,BonsaiDen/JavaScript-Garden
105,Backelite/sonar-objective-c
36,BrooksWon/ocr_savingCard
536,Brimizer/Slidden
121,BenEmdon/CenteredCollectionView
20,BulletWu/HLJNavigationBar
11,BigAppLink/BigApp_Discuz_iOS
1299,BaronZ88/MinimalistWeather
73,BalestraPatrick/ClangFormatter
51,BelinChung/cordova-plugin-weibo
2041,Bilibili/boxing
23,Blackloser/vue-iview_Black
9306,BrowserSync/browser-sync
63,BornToBeRoot/PowerShell_IPv4NetworkScanner
74,BryanYang/freechat
35,BillWang139967/zabbix_manager
11,Baqend/docker-storm
70,Beau-zihan/Lottery
2633,Boris-Em/BEMSimpleLineGraph
143,BuglyDevTeam/Bugly-Android-Demo
21,BigCarrey/KDD-2017
1038,Binaryify/vue-tetris
22,BraintagsGmbH/vertx-pojo-mapper
1038,Binaryify/vue-tetris
100,BigDataDevs/kafka-elasticsearch-consumer
708,BurntSushi/nfldb
109,BaiduFE/Magic
36,BioPhoton/Ionic-Angular-Headless-Drupal-Demo
97,BtoBastian/Javacord
16,BigNoid/script.skinshortcuts
14,BASSCOM-Programmer/Education-Programme
285,Beh01der/EasyFlow
15,BeijiYang/citySelector
111,BetterCloud/vault-java-driver
273,Baeldung/spring-security-registration
234,BCsl/GalleryLayoutManager
13,Breeze/breeze.server.java
18,BlueHerons/StatTracker
205,Brooooooklyn/learning-rxjs
358,BennyWang/KBinding
361,BelkaLab/Android-Toggle-Switch
45,BetaRavener/uPyLoader
23,B00merang-Project/Chrome-OS
155,B00merang-Project/Windows-10
39,B00merang-Project/macOS-Sierra-Dark
137,BrandonShar/stack-overflow-buddy
2277,Behat/Behat
93,BoostIO/boost-releases
189,Busta117/SQLiteUnityKit
20,BVLC/DPD
55,Barrior/DDSort
80,Bytom/bytom
310,BaseXdb/basex
49,Bresiu/KalmanFilter
459,BurntSushi/erd
17,Blackyukun/Simpleblog
19,Broham/PassGen
24,BrOrlandi/StrangerThingsIntroCreator
12,BrashEndeavours/bro-elk-IDS
361,Baeldung/spring-security-oauth
125,BranchMetrics/cordova-ionic-phonegap-branch-deep-linking
89,Blount/LBCAlerte
268,Buglife/Buglife-iOS
13,BillWang139967/zatree
108,BTCGPU/BTCGPU
62,BurntSushi/clibs
61,BanManagement/BanManager
391,BD2KGenomics/toil
104,Broltes/react-touch-loader
484,Bouke/django-two-factor-auth
72,BruceEckel/OnJava8-Examples
86,BosNaufal/vue-scrollbar
28,BaiduAppEngine/bae-php-sdk
165,BeeFramework/BeeFancy
52,Baidu-Music-FE/fe-weekly
454,BoundInCode/AutoFileName
24,BroadleafCommerce/DemoSite
30,BranislavLazic/spring-thymeleaf-pagination
385,BaaSBeginner/ticket-app
42,Beau-zihan/Html5Video
23,Berkeley-CS162/group0
137,BerndGabriel/HtmlViewer
59,BotMill/fb-botmill
264,BUPT-HJM/vue-blog
11,BeYkeRYkt/LightAPI
37,BestSonny/materials
59,BotMill/fb-botmill
134,BroadleafCommerce/LegacyDemoSite
28,Blackmamba-xuan/QtQQ
100,BearD01001/front-end-QA-to-interview
165,BeeFramework/BeeFancy
165,BeeFramework/BeeFancy
136,Brobin/hacker-bootstrap
254,BotoX/ServerStatus
40,BabeStudio/BabeLua
23,Brightspace/node-jwk-to-pem
89,BetaNYC/Bike-Share-Data-Best-Practices
187,Bungie-net/api
106,Borderliner/Meshki
72,BigPeng/JavaCNN
24,BroadleafCommerce/DemoSite
11,Bigcheese/L2PackageTools
137,BerndGabriel/HtmlViewer
28,Berkeley-CS61B/lectureCode-sp16
43,Baekalfen/PyBoy
21,BijanVan/Spring-Boot-Websocket-Sample
1382,BurntSushi/xsv
17,Bananattack/verge3
153,BearRan/FlowMenuAnimation
59,Bluebie/homebridge-miio
89,BlogoText/blogotext
75,BaiduQA/ITEST
162,BenjaminBrandmeier/angular2-image-gallery
78,BenBBear/cordova-plugin-leanpush
130,BeyondTeam/BDReborn
28,BurntSushi/graphics-go
38,BYChoo/record
11,BigETI/SAMPLauncherNET
91,Brioal/LibManager
1207,BlazeCSS/blaze
18,Bilibili/bilitw
63,Bilibili/mtr
694,BohuTANG/nessDB
230,BitFunnel/BitFunnel
347,BaiduFE/Tangram-base
428,BonzaiThePenguin/Loading
208,Bilibili/NativeBitmapFactory
522,Bilibili/BiliShare
22,Bilibili/adaptation
597,Bilibili/drawee-text-view
316,Bakumon/UGank
604,BohdanOrlov/BouncyPageViewController
146,BrettRToomey/Jobs
15,Baichenghui/BCHAlertView
117,BaronZ88/Router
42,Benjol/SE-AutoReviewComments
40,BazingaLyn/netty-study
38,BYChoo/record
42,Benjol/SE-AutoReviewComments
40,BabeStudio/BabeLua
566,Brioal/SwipeMenuDemo
89,BurntSushi/rust-snappy
3305,BoltsFramework/Bolts-Android
56,BrownCN023/CTTextDisplayView
545,BSVino/JaiPrimer
66,BaiduQA/terminator
29,BaiduQA/logcover
102,Bitmoe/PortableHexo
40,BazingaLyn/netty-study
16,BrianOdisho/SimpleNewsReader
295,BlackBoxVision/material-calendar-view
1622,BurntSushi/toml
781,Blankj/AndroidStandardDevelop
40,BazingaLyn/netty-study
131,BenLangmead/bowtie2
11,BitReign/CensoredUE4
54,Breefield/whatthefuckisethereum.com
230,BitFunnel/BitFunnel
160,Beau-zihan/WebIM
604,BetterCrypto/Applied-Crypto-Hardening
40,Barbosik/MultiOgar
26,Berkeley-CS162/ta
41,BryanSchuetz/vue-jekyll
177,Backblaze/B2_Command_Line_Tool
600,Brightify/Cuckoo
63,BelinChung/weapp-hiapp
66,BaiduQA/terminator
61,BenWhitehead/bootstrap-big-grid
162,BBasile/Coedit
162,BBasile/Coedit
493,BinaryAnalysisPlatform/bap
30,Blitzker/assfiltermod
102,Bitmoe/PortableHexo
40,Berico-Technologies/CMF-AMQP-Configuration
40,BazingaLyn/netty-study
56,Brown-University-Library/django-shibboleth-remoteuser
22,Bronsa/tools.decompiler
34,Belolme/RxBLE
41,BiteBit/koa-oai-router
73,BuglyDevTeam/Bugly-iOS
34,BoBoMEe/AutoScrollLoopViewPager
11,BAHome/BAPrivacyManager
160,Ben02/hexo-theme-Anatole
634,BoilerplateMVC/Backbone-Require-Boilerplate
20,BobDickinson/corona-s3
54,BAHome/BATouchID
40,BazingaLyn/netty-study
63,Bilibili/mtr
392,Blizzard/node-rdkafka
62,BenFradet/spark-kafka-writer
49,BlackHole1/autoFindXssAndCsrf
13,BendingSpoons/searchads-api
266,Big-Data-Manning/big-data-code
126,BeSimple/BeSimpleSsoAuthBundle
130,Bertrand31/Monitaure
13,BlockchainTranslator/EOS
266,Big-Data-Manning/big-data-code
56,BelledonneCommunications/linphone-desktop
248,BelledonneCommunications/linphone-iphone
20,BelledonneCommunications/belle-sip
20,BigHeartC/IPTV_plus
431,BasqueVoIPMafia/cordova-plugin-iosrtc
45,BestJason/AjaxCart
43,Borf/browedit
66,Becavalier/Zoomage.js
45,BestJason/AjaxCart
60,Blizzard/api-sc2-docs
45,BestJason/AjaxCart
45,Blankj/HelloKotlin
597,BrainBoxLabs/brain-socket
53,BigAppOS/BigApp_Discuz_Android
39,BlackrockDigital/startbootstrap-full
45,BestJason/AjaxCart
55,Banane9/notepadplusplus-twig
304,Banbury/UnitySpritesAndBones
93,BBB/dropzone-redux-form-example
713,Boerworz/Gagat
30,Badcow/DNS
51,Borales/yii2-phone-input
429,Brunty/awesome-checker-services
56,BelledonneCommunications/linphone-desktop
597,BrainBoxLabs/brain-socket
390,BioDesignRealWorld/LaravelDatabaseDesigner
54,BenGriffiths/jquery-save-as-you-type
241,BitOne/php-meminfo
597,BrainBoxLabs/brain-socket
597,BrainBoxLabs/brain-socket
14,Berach/BERACHS_COMPLETE_PIDGIN
51,Borales/yii2-phone-input
11,BetterBrief/silverstripe-pdf
107,Bit-Nation/BITNATION-Constitution
59,Blocss/blocss
96,BenMenking/routeros-api
25,Bulandent/hexo-theme-bubuzou
3819,BBC-News/Imager.js
539,Boris-Em/ARCharts
35,BharatKalluri/moviescore
76,BruTile/BruTile
27,Benoth/ansible-ubuntu
356,BigBadaboom/androidsvg
88,Bogdaan/viber-bot-php
3819,BBC-News/Imager.js
98,BoogeeDoo/hua
186,BonsaiDen/NodeGame-Shooter
25,Bulandent/hexo-theme-bubuzou
190,BlzFans/wke
19,BruceEckel/ConcurrentPython
47,BoiteAWeb/SecuPress-Backdoor-User
88,Bogdaan/viber-bot-php
27,BorisMoore/jsviews.com
87,Brando1235703/32-bit-only-iOS-9.3.5-Jailbreak
25,Bulandent/hexo-theme-bubuzou
123,BaseSecrete/redis_dashboard
12,Bigotry/OneBase
285,Bambooir/TeleSeed
19,BeyondTeam/BDHelper
48,BevisGoh/7ghost
24,Barry215/Gobang
597,BrainBoxLabs/brain-socket
151,BartVandewoestyne/Effective-Modern-Cpp
12,BlacksSky/QQDrawer_swift
48,BevisGoh/7ghost
76,BYR-Navi/BYR-Navi
48,BevisGoh/7ghost
23,BB9z/iOS-Project-Template
52,BetterJS/badjs-web
252,BedquiltDB/bedquilt-core
123,BaseSecrete/redis_dashboard
33,BBC-News/alephant
254,BotLibre/BotLibre
429,Brunty/awesome-checker-services
72,BenjaminKim/awesome-blogs
207,Bogardo/Mailgun
170,BitMEX/sample-market-maker
16,BioPhoton/angular1-star-rating
27,BlackScorp/astar
47,BoiteAWeb/SecuPress-Backdoor-User
22,BootstrapCMS/Contact
2096,BeauNouvelle/FaceAware
68,BrigJS/brig
135,Burtsev-Alexey/net-object-deep-copy
539,Boris-Em/ARCharts
27,Benoth/ansible-ubuntu
192,Bowery/prompt
80,Bin4ry/deejayeye-modder
15,BuildItNow/BIN_LuaBind
138,BrainMaestro/composer-git-hooks
535,BCsl/CursorWheelLayout
14,Belobobr/react-native-drop-down-calendar-view
88,Banbury/UnityPsdImporter
207,Bogardo/Mailgun
19,BuildingXwithJS/building-electron-apps-with-js
161,Binaryify/OneDark-Pro
86,Barro/compiler-warnings
88,Bogdaan/viber-bot-php
317,BrightstarDB/BrightstarDB
190,Batix/rundeck-ansible-plugin
51,Borales/yii2-phone-input
263,BKcore/Shdr
21,BlackFan/WEB-INF-dict
253,Billy-Ellis/Exploit-Challenges
11,BLumia/BLumiaOJ
256,Barrior/JParticles
3819,BBC-News/Imager.js
44,Brooooooklyn/ts-import-plugin
25,Bulandent/hexo-theme-bubuzou
395,BrowserSync/gulp-browser-sync
11,Beaten-Sect0r/yii2-flatpickr
103,BIRD/bird
539,Boris-Em/ARCharts
12,BRACKETS-by-TRIAD/craftable
170,Brain-WP/Cortex
116,BladeMight/Mahou
167,BosNaufal/vue2-loading-bar
13,Binpress/learn-objective-c-in-24-Days
126,Bolandish/PHP-Instagram-Grabber
12,BootstrapDash/StarAdmin-Free-Bootstrap-Admin-Template
381,Bilibili/join-us
29,BukkitAPI-Translation-Group/Chinese_BukkitAPI
60,BigAppOS/BigApp_Discuz_iOS
20,Blastman/webpack-gradle
73,Brain-WP/BrainMonkey
36,BoboTiG/pombo
15,Belphemur/laravel-gettext
66,BAHome/BAButton
62,BenHuGZX/DZKeyBoard
599,ByoxCode/DrawView
34,BigBagFind/TggStarEvaluationView
56,Barnold1953/GraphicsTutorials
71,BaiduLBS/BaiduMapKit
642,BelinChung/HiApp
100,BAHome/BAWKWebView
45,Bruce-7/HDAlertView
45,Bruce-7/HDAlertView
29,BossKing/BKContacts
34,BlackGeekTutorial/Beehind
354,Bupterambition/AwesomeIntroGuideView
350,BeamApp/MusicPlayerViewController
333,BluSunrize/ImmersiveEngineering
79,BlueLightJapan/BlueLight
24,BAHome/BANetManager
44,BossLee1220/LTSCalendar
249,BlastarIndia/msdos
100,BAHome/BAWKWebView
49,BijoySingh/AndroidBasicsLibrary
102,BlinkID/blinkid-ios
46,Binglin/MappingAce
249,BasheerSience/BROptionsButton
44,Building42/Telegraph
354,Bupterambition/AwesomeIntroGuideView
249,BasheerSience/BROptionsButton
12,BearRan/MenuBallAnimation
205,BalestraPatrick/ValueStepper
15,BakhtarSobat/aac
768,BalestraPatrick/ParticlesLoadingView
768,BalestraPatrick/ParticlesLoadingView
72,Babylonpartners/iOS-Interview-Demo
109,BoostIO/boostnote-mobile
444,BolexLiu/PressScanCode
768,BalestraPatrick/ParticlesLoadingView
34,Bhoos/react-native-theming
57,BlueCocoa/class-dump
45,BAHome/BAPickView
28,BAHome/BAGridView
14,BAHome/BATextField
36,BAHome/BAAlert
392,Backelite/MaryPopin
20,BruceBuckland/SignIn-awsmhh
89,Benny-/Yahoo-ticker-symbol-downloader
29,BrianCorbin/SwiftRangeSlider
225,Backelite/sonar-swift
198,BillCarsonFr/twitterprofilepage
15,BestKora/GCD-Swift3
582,Ben-G/Validated
147,BalestraPatrick/CleanClosureXcode
414,BranchMetrics/ios-branch-deep-linking
134,BernardGatt/iOSPullDownMenu
87,Bizzaro/x230-osx
66,Blueteak/Unity-Neural-Network
87,Bizzaro/x230-osx
82,Blazeice/ScreenAndAudioRecordDemoScreenAndAudioRecordDemo
88,BenchR267/Get-Schwifty
225,Backelite/sonar-swift
66,Benimatic/twilightforest
516,Bouke/SwiftInitializerGenerator
516,Bouke/SwiftInitializerGenerator
367,BalestraPatrick/HapticButton
209,BjRo/apex
36,B1naryStudio/Xamarin.LocalNotifications
12,Bhaavik/BDXmlParser
30,BurntCaramel/Lantern
88,Briles/gruvbox
367,BalestraPatrick/HapticButton
516,Bouke/SwiftInitializerGenerator
367,BalestraPatrick/HapticButton
358,BloodAxe/OpenCV-Tutorial
367,BalestraPatrick/HapticButton
197,Beniamiiin/BSErrorMessageView
30,Buza/CVOCV--iOS-
450,BrOrlandi/StarWarsIntroCreator
1016,BoltsFramework/Bolts-Swift
38,BiAtoms/SQLite.viewer
52,BadChoice/RVCalendarWeekView
45,Blackjacx/SHSearchBar
1016,BoltsFramework/Bolts-Swift
28,BalestraPatrick/HomeKitty
21,Bikeman868/UrlRewrite.Net
516,Bouke/SwiftInitializerGenerator
22,Bigsby/Xamarin.Forms.OAuth
52,BadChoice/RVCalendarWeekView
46,BelkaLab/GaugeView
516,Bouke/SwiftInitializerGenerator
18,BlueCocoa/dumpdecrypted-lldb
166,BenjaminPrieur/IOStickyHeader
24,BiAtoms/LinearProgressView
516,Bouke/SwiftInitializerGenerator
19,BalestraPatrick/WWDC-2017-Scholarship
1016,BoltsFramework/Bolts-Swift
15,BruceFight/BaiSi-Project
354,BalestraPatrick/SquishButton
322,BalestraPatrick/RealmVideo
1016,BoltsFramework/Bolts-Swift
168,BalestraPatrick/VideoToGIF
45,Blackjacx/SHSearchBar
38,BiAtoms/SQLite.viewer
134,Brewtarget/brewtarget
36,BrammanandSoni/BRCircularProgressBar
354,BalestraPatrick/SquishButton
46,BelkaLab/GaugeView
354,BalestraPatrick/SquishButton
11,BenBE/nginx-ct
894,Bumblebee-Project/Bumblebee
31,BatuhanUsluel/ArbitrageBot
21,Bunkerbewohner/tidal-music-linux
46,Bragegs/DropDownMenu
292,Backblaze/JavaReedSolomon
26,Backblaze-B2-Samples/encryption
46,Bersaelor/KDTree
46,Bersaelor/KDTree
358,BloodAxe/OpenCV-Tutorial
367,BalestraPatrick/HapticButton
28,BalestraPatrick/HomeKitty
73,BLEduino/bleduino-hardware
40,Boxue/swift-api-design-guidelines
29,BestJoker/FJSBubbleImageView
40,Boxue/swift-api-design-guidelines
367,BalestraPatrick/HapticButton
480,Bee-Lab/bowerphp
64,Bitcoin-UAHF/spec
109,Boxue/episode-samples
40,Boxue/swift-api-design-guidelines
41,BearRan/CRAnimation
1016,BoltsFramework/Bolts-Swift
15,Boteium/bashbullet
124,BibleJS/BibleApp
19,BalestraPatrick/WWDC-2017-Scholarship
217,BestSwift/JSUStockChat
102,BourneWeng/MagicMove
190,BranchMetrics/react-native-branch-deep-linking
15,BruceFight/BaiSi-Project
39,BarakRL/Do.this
166,BenjaminPrieur/IOStickyHeader
46,BelkaLab/GaugeView
86,BigZaphod/CLLocation-SunriseSunset
21,BigZaphod/IndexedTable
17,BYU-ODH/apeworm
73,Bluefinch/microglark
173,Behat/MinkExtension
36,Block8/b8framework
135,BenConstable/phpspec-laravel
75,Bren2010/ecc
20,BrentAureli/BrentAureli.com
165,Brotzka/laravel-dotenv-editor
27,Ben-Barron/PS3BluMote
831,BrentOzarULTD/SQL-Server-First-Responder-Kit
35,BeginMan/BookNotes
131,Bachmann1234/diff-cover
66,BoryaMogila/clean-code-javascript-ru
88,BestBuy/api-playground
31,BlackrockDigital/startbootstrap-2-col-portfolio
180,BosNaufal/vue-autocomplete
46,BTCMarkets/API
557,BenExile/Dropbox
257,BIOSTALL/CodeIgniter-Google-Maps-V3-API-Library
90,BlackrockDigital/startbootstrap-bare
62,BlackrockDigital/startbootstrap-3-col-portfolio
378,BlackrockDigital/startbootstrap-modern-business
67,BlackrockDigital/startbootstrap-the-big-picture
66,BlackrockDigital/startbootstrap-heroic-features
39,BlackrockDigital/startbootstrap-small-business
27,BlackrockDigital/startbootstrap-half-slider
186,BeSimple/BeSimpleI18nRoutingBundle
15,Beskhue/CookieTokenAuth
34,BojanJ/MaterialFuse
213,BryanSharp/hibeaver
157,BeatSwitch/lock-laravel
931,BeatSwitch/lock
105,BosNaufal/vue2-autocomplete
13,BugginhoDeveloper/mini-projeto-5-javascript
40,BahKoo/ChocolateStore
81,Brackets-PHP/Brackets-PHP-SmartHints
57,BuddyMeme/Meme.js
436,BrowserSync/grunt-browser-sync
168,BlueMountainCapital/FSharpRProvider
80,BlackrockDigital/startbootstrap-blog-post
30,BinomialLLC/template_contracts
15,BastienL/GPSDetector
15,BerkeleyBlockchain/BlockChange
99,BeSimple/BeSimpleSoap
25,BeAPI/simple-tags
31,Bitcoin-com/Wallet
53,BigWigsMods/BigWigs
265,BrowserSync/UI
96,BIDS/colormap
193,BastilleResearch/gr-lora
30,BinomialLLC/template_contracts
21,Borzik/labelholder
44,Breeze/breeze.server.net
505,Breeze/breeze.js
53,BitMiracle/libtiff.net
12,BradNeuberg/hyperscope
20,BlackScorp/guestbook
13,BlackBoxVision/typescript-hapi-starter
410,Belphemur/SoundSwitch
16,BioPhoton/css-star-rating
52,BigstickCarpet/swagger-suite
137,BigstickCarpet/swagger-server
16,BrianAllred/NYoutubeDL
237,BigstickCarpet/swagger-parser
17,BrentOzarULTD/soddi
27,BioPhoton/angular-formatter-parser
679,BrighterCommand/Brighter
37,BeardDesign1/Material-design-theme
48,BioPhoton/angular-star-rating
48,BioPhoton/angular-star-rating
54,BradNeuberg/hinton-coursera
48,BioPhoton/angular-star-rating
289,BTMorton/angular2-grid
60,BeyondTeam/Self-BotV1
54,BradNeuberg/hinton-coursera
278,Bionus/imgbrd-grabber
53,Bogdan1975/ng2-slider-component
49,BowlerHatLLC/vscode-nextgenas
14,BillinTeam/code-challenge
14,BillinTeam/code-challenge
50,Bearle/django-private-chat
74,BoD/android-activitylifecyclecallbacks-compat
14,BillinTeam/code-challenge
618,BeepBoopHQ/slapp
27,Briles/gruvbox-atom
103,Brobin/drf-generators
658,BurntSushi/quickcheck
47,Beaten-Sect0r/yii2-core
53,Bernardo-Castilho/dragdroptouch
237,BrianSidebotham/arm-tutorial-rpi
74,BoD/android-activitylifecyclecallbacks-compat
212,BuzzFeedNews/2016-01-tennis-betting-analysis
12,Beffyman/SocketIo.Core
76,BerndK/SvgToXaml
15,Berico-Technologies/aqueduct
605,BoD/android-contentprovider-generator
20,Beh01der/docker-api-gateway-example
16,Beh01der/node-docker-monitor
24,BigPino67/Tesseract-MICR-OCR
83,BasLeijdekkers/MetricsReloaded
16,Bee-Lab/BeelabTagBundle
87,BePsvPT/secure-headers
72,BlessCSS/grunt-bless
21,Blackcomb/nxt
41,Bodmer/TFT_HX8357
20,BrewCenter/BrewCenterAPI
62,BornaIz/Lalezar
19,BHSPitMonkey/ninjam-js
309,BryanDonovan/node-cache-manager
128,BishopFox/deephack
13,BROUDING/BlockButton
27,BullyBoo/Encryption
28,BeRo1985/pasvulkan
24,BPing/aliyun-live-go-sdk
182,BabylonJS/Spector.js
36,BTBurke/caddy-jwt
137,BlackrockDigital/startbootstrap-full-slider
71,BartyzalRadek/Multi-label-Inception-net
54,BoyuanJiang/context_encoder_pytorch
116,BosNaufal/react-simple-pwa
15,BosNaufal/react-starter
145,BlueOakJS/blueoak-server
66,BoboTiG/python-mss
17,BeyondScheme/angular2-discussion-portal
59,BenjiLee/PoloniexAnalyzer
39,BarrelfishOS/barrelfish
29,Bombanauts/Bombanauts
164,Bajoja/indicator-kdeconnect
29,Balasys/zorp
20,BradJonesLLC/docker-haproxy-letsencrypt
120,BrianLima/UWPHook
125,Blizzard/passport-bnet
66,BZFlag-Dev/bzflag
58,Bahmni/openmrs-module-bahmniapps
367,BlakeWilliams/Elixir-Slack
146,BadrIT/translation_center
89,BogdanDIA/gr-dvbt
139,BaReinhard/Super-Simple-Raspberry-Pi-Audio-Receiver-Install
120,Bl4ckb0ne/delaunay-triangulation
53,BenjaminRH/jquery-ticker
20,BigPeng/Apriori
150,Bacon2D/Bacon2D
167,BlueHatbRit/mdpdf
245,BohemianCoding/sketch-image-compressor
48,Brunomm/br_nfe
27,Banus/caffe-yolo
43,Bernie-2016/Connect-iOS
25,Bartvanderkruys/utility-ai
24,BerkeleyTrue/react-redux-epic
1696,BinaryMuse/fluxxor
898,BlackArch/blackarch
13,BurstProject/pocminer
32,Blagodarenko/miner-burst
46,BrandonPotter/SimpleTCP
137,Bisa/factorio-init
47,BuzzFeedNews/2016-10-facebook-fact-check
73,BerndWessels/preact-redux-isomorphic
86,Ban3/python-evic
15,BenWoodford/SteamVR-Webkit
24,BeDjango/bedjango-starter
17,BrianMacIntosh/alexa-skill-test-framework
15,Baze985/GwtPolymer
367,BlakeWilliams/Elixir-Slack
333,BenjaminVanRyseghem/numbro
152,Bretley/how2exploit_binary
24,BLavery/virtual-GPIO
12,Bernardo-MG/docs-maven-skin
29,BoostIO/ever2boost
26,Bougakov/Micromake-D1-3D-printer
254,BonsaiDen/Maple.js
58,Bahmni/openmrs-module-bahmniapps
31,Bunn/macOSToPendrive
83,BosNaufal/vuex-saga
116,BinaryMuse/imgsible
29,BrianMMcClain/artnet-node
127,BennyQBD/ModernOpenGLTutorial
52,BPteach/CM310-Exercise-Files
14,ByzantineFailure/BPM-for-Discord
19,BacioiuC/Mutant_Gangland
33,Blank101/js2hx
67,Bancha/Bancha
985,BuildCraft/BuildCraft
22,BrokoliMobile/CollectionViewPageFlowLayout
27,BeatBots/MyKeepon
12,BrightcoveOS/videojs-ga-videocloud
140,BenBBear/ionic-cache-src
143,BeAPI/ACF-PHP-Recovery
22,BAHome/BAWeChat
21,BAHome/BAAlertController
26,Benjamin-Dobell/react-native-markdown-view
121,BeniYukiMai/MaiDumpTool
13,BolexLiu/AndroidHomeKeyListen
13,BolexLiu/SuPerApp
111,BLPoonia/BLMultiColorLoader
60,Bkmz21/FD-Evaluation
30,Bodmer/JPEGDecoder
47,Benjamin3992/OpenWeatherDuino
722,BohemianCoding/svgo-compressor
34,BUPT-HJM/fun-photo-combine
17,BlackBoxCenter/blackbox
153,BahamutDragon/pcgen
54,B9Creations/B9Creator
54,B9Creations/B9Creator
33,BoschSensortec/BME680_driver
143,Blue-Rocket/BRFullTextSearch
11,BlueSimle/sendEmail
12,Brimizer/AlarmKit
18,BeipengMu/objectSLAM
19,BloodBlight/ImageToSTLConverter
40,BranchMetrics/Branch-iOS-Invite-SDK
51,Baymax0/BMChineseSort
21,Ben-G/Twitter-Swift-Flux
47,BenGriffiths/pdo-mysqli-pagination
38,BlokasLabs/pisound
127,Barthelemy/CppProjectTemplate
80,BrianPeek/legoev3
36,BlackrockDigital/startbootstrap-business-frontpage
16,BVNK/bank-react
175,BioJulia/Bio.jl
37,BigMcLargeHuge/opensources
37,BasioMeusPuga/twitchy
53,BayanGroup/nutch-custom-search
16,BUS-Team/bus
21,BTCTrader/broker-api-docs
76,Bo0oM/Safiler
486,BrianEstrada/PokeScanner
41,BenGoBlue05/UdacityAlumni
46,Biuni/PokemonGO-Pokedex
69,BurntSushi/nflvid
76,BSVino/DoubleAction
298,BinaryMuse/chrome-fast-tab-switcher
26,Braunson/laravel-coreui-vue
11,Blizzard/qtbase
44,BeppiMenozzi/ArcPageIndicator
252,BKWLD/decoy
18,BE-Webdesign/wp-graphql
17,BMische/eth.sh
68,BraadMartin/components
15,Bjorling/LIFX-Sharp
65,BoondoggleLabs/Android-Translator
13,BigRoy/pather
119,BubuAnabelas/awesome-markdown
20,Bottelet/ticket-conductor
85,BlankOn/manokwari
39,BottleRocketStudios/Android-Vault
58,BartVandewoestyne/Design-Patterns-GoF
47,BitchX/BitchX
31,BelkaLab/Swiperoo
163,BreadMaker/semantic-ui-daterangepicker
61,BR0kEN-/jTap
24,BrunoMoreno/CmderRemaster
75,BolexLiu/AndroidHookStartActivity
379,BaymaxTong/SwitchButton
93,BridgeNetworking/Bridge
37,BakerJQ/Android-BackgroundDarkPopupWindow
104,Bloggerschmidt/Blank
48,Bloggerschmidt/Blank-Bootstrap-Edition
28,BigFootprint/AndroidViewGenerator
75,BrandroidTools/OpenExplorer
110,Blogcat/Android-ExpandableTextView
224,Brunel-Visualization/Brunel
75,BetterVoice/freeswitch-container
65,BaronZ88/WebViewSample
196,BlitzKraig/AndroidResizer
75,BrandroidTools/OpenExplorer
196,BlitzKraig/AndroidResizer
198,BranchMetrics/android-branch-deep-linking
422,Blosc/c-blosc
73,Bemmu/PyNamecheap
40,Belelros/jqueryTranslator
16,BenoitZugmeyer/preact-motion
41,BorisChumichev/everpolate
217,BotBotMe/botbot-bot
356,Blizzard/d3-api-docs
68,Blogestudio/Fix-Serialization
120,BirdAPI/Google-Search-API
47,BuggleInc/PLM
37,Bioconductor/GenomicDataCommons
34,Baeldung/reddit-app
76,BoGoEngine/ibus-bogo
64,BoredEngineer/MMT_Content
50,BoredEngineer/UE4_Tracked_Vehicles
147,BenjaminAdams/wp-redis-cache
89,BlameTheNetwork/NetPi
19,BigRoomStudios/schwifty
41,BitcoinPHP/BitcoinECDSA.php
101,Braunson/dreamhost-composer-install
267,BlueDragonX/xf86-input-mtrack
14,BWITS/terraform-best-practices
840,BraveUX/for-the-badge
21,Bee-Lab/BeelabRecaptcha2Bundle
14,BBVA/mirrorgate
12,BobVul/GrowlToToast
26,BradJonesLLC/docker-drupal
61,BabyWrassler/MissionControl
11,Baedda/floating-form-labels
31,BeAPI/acf-options-for-polylang
13,Byron/open-rs
44,BrianDMG/conv2mp4-ps
583,Baremetrics/calendar
39,BcryptNet/bcrypt.net
21,BelgianBiodiversityPlatform/python-dwca-reader
193,BrianSharpe/GPU-Noise-Lib
160,BZCoding/SkelEktron
97,BlackrockDigital/startbootstrap-shop-homepage
173,Bloc/swiftris
170,Bulat-Ziganshin/FastECC
50,Blosc/c-blosc2
62,BoschSensortec/BME280_driver
19,BernardoGiordano/pp2d
173,BlackArch/webshells
26,Borewit/music-metadata
17,Brian151/OpenShockwave
29,BurntSushi/rust-stats
14,BlissRoms/platform_manifest
85,BradLarson/HealthKitHeartRateExporter
12,BUseclab/paybreak
36,BjornFJohansson/pydna
87,BreeeZe/rpos
85,BradLarson/HealthKitHeartRateExporter
144,BUSEC/TumbleBit
19,BernardoGiordano/pp2d
104,BranchMetrics/branch-deep-linking-public-api
29,BuycraftPlugin/BuycraftX
18,Bitproof-Inc/bitproof-node
27,Bforartists/Bforartists
35,BlackBrane/destroid
87,BlackGlory/Gloria
39,BlakeGardner/php-mac-address
22,BlinkTagInc/realtime-transit-display
173,BlackArch/webshells
19,BenjaminSoelberg/ReflectivePELoader
16,BowlingX/play-webpack
12,BeatSwitch/distil
18,BCcampus/pressbooks-textbook
508,BenjaminAdams/RedditJS
231,BinomialLLC/crunch
46,BlueSkyDefender/Depth3D
24,Bixie/pagekit-formmaker
12,Brisbane-React-JS/meetups
12,Brisbane-React-JS/meetups
170,Brackeys/MultiplayerFPS-Tutorial
443,BorisMoore/jquery-datalink
14,BlissRoms/platform_manifest
55,BenjaminBini/barmaid
21,BeanMr/apache-kafka-documentation-cn
24,Bixie/pagekit-formmaker
12,Bleez/Magento2-PT-BR
433,BlueM/cliclick
1797,Bukkit/CraftBukkit
65,Bernie-2016/ground-control
46,BrandNewCongress/welcome
30,Beau-zihan/Logistics-Query
12,BatuhanUsluel/BuyBot-for-Bittrex-and-poloniex
21,BlackMathIT/Esteemaudit-Metasploit
21,Bless-L/img-clipping
112,BrewPi/brewpi-script
27,BrewPi/brewpi-tools
20,BeIntrepid/Trello-Card-Dependencies
37,BidhanRoy/Algorithm-Code-Library
17,BuildFire/sdk
14,BernardXiong/rtthread-esp
18,BernardXiong/rtthread-esp-idf
42,Bntdumas/SamsungIPRemote
30,BirdAPI/yamaha-network-receivers
15,Bekwnn/UnityJsonHelper
70,BYVoid/microblog
35,BrunoReX/jmkvpropedit
92,BinaryDefense/auto-ossec
16,Borales/yii2-elasticsearch-behavior
42,Burgov/RRM
42,BibApp/BibApp
88,BeRo1985/besen
207,BaiduFE/Tangram2
25,Berkeley-CS61B/skeleton-sp17
53,Banno/getsentry-ldap-auth
41,BlackEdder/ggplotd
33,BurntSushi/nflfan
25,BurntSushi/nflcmd
17,BoilWP/WooCommerce-Payment-Gateway-Boilerplate
88,BrianGladman/aes
57,Becksteinlab/GromacsWrapper
24,BotoX/Dahua-Firmware-Mod-Kit
57,BEEmod/BEE2.4
38,BastilleResearch/keysniffer
23,Beewe/ORB_SLAM2_Windows
21,BoevaLab/FREEC
21,BYU-NLP-Lab/topicalguide
36,BouncyNudibranch/bean-counter
29,Berkeley-CS61B/skeleton-sp16
98,Blue9/AudioJack-GUI
22,Bigdatascholar/ORB-SLAM-Android-app
40,BoltzmannBrain/self-driving
24,Bihaqo/tf-memonger
80,BenLangmead/ads1-notebooks
18,BytemarkHosting/pi-init2
13,BridgeTheGap/KRWalkThrough
26,Breakend/RLSSContinuousControlTutorial
201,BradWBeer/clinch
807,BIDData/BIDMach
54,BrynCooke/cdi-unit
384,BlueMountainCapital/Deedle
93,BloodAxe/OpenCV-Features-Comparison
34,BobRyan530/mp_select_mini
18,BYVoid/Dlist
14,BeepBoopHQ/slack-message-builder
117,BigstickCarpet/json-schema-ref-parser
384,BlueMountainCapital/Deedle
27,B-Reel/vr-weight
38,Backup08/webapps
135,BRML/climin
41,BoredEngineer/MMT_Plugin
37,BlakeBrown/HackerRank-Solutions
19,BinaryAnalysisPlatform/bap-tutorial
47,BlockedServers/tracker
47,BlockedServers/tracker
13,BlendingJake/JARCH-Vis
79,BlenderAid/Asset-Flinger
13,BlendingJake/JARCH-Vis
68,Broxxar/GlowingObjectOutlines
167,BennyQBD/3DGameEngine
49,BennyQBD/3DSoftwareRenderer
16,BrainsGarden/keras-yolo
29,ByronMayne/UnityIO
34,BuildFarBox/doc.farbox.com
19,BichengLUO/ImageProcessing
39,BennyQBD/Wolfenstein3DClone
77,BentleyBlanks/TattyUI
189,BVLC/caffe-tutorial
12,BearRan/CheckBtnAnimation
957,BlueMor/DragLayout
19,BruceShankle/AltusMappingEngineiOS
16,BalestraPatrick/iTunesConnectReports-Extension
16,Brawl345/Image-Reverse-Search-WebExtension
90,Belphemur/node-json-db
15,Baozisoftware/luzhibo
562,BTLibrary/BTGlassScrollView
19,BruceShankle/AltusMappingEngineiOS
57,BlueCocoa/HookMeIfYouCan
37,BourneWeng/CardAnimation
37,BourneWeng/CardAnimation
37,BourneWeng/CardAnimation
37,BourneWeng/CardAnimation
37,BourneWeng/CardAnimation
19,BruceShankle/AltusMappingEngineiOS
11,Beven91/react-native-on-web
44,BeginMan/pytool
268,BishopFox/theos-jailed
65,Blincheng/AddressSelector
28,Blocklevel/vue-howler
58,BOT-Man-JL/ORM-Lite
391,BaaSBeginner/leanchat-ios
14,BlueWonders/iMenu
43,Beau-zihan/Markdown
45,BHughes3388/BAHYouTubeOAuth
55,BelongsH/AnimationExample
391,BaaSBeginner/leanchat-ios
163,Bupterambition/kZMoonCommand
21,BaseBBHuang/BAHKeyboard
127,Bilibili/apk-channelization
24,BareFeetWare/BFWDrawView
33,BlueCocoa/choose
11,ButTaiwan/genyog-font
45,BHughes3388/BAHYouTubeOAuth
38,BrammanandSoni/BRImagePicker
122,BlueMercury/BMMutexAudioManager
44,Bilibili/libyuv
21,BaseBBHuang/BAHKeyboard
18,Bogdan-Stasjuk/BSNetworkTraffic
122,BlueMercury/BMMutexAudioManager
489,Boris-Em/BEMAnalogClock
20,BaaSBeginner/dian-ping-shang-hu
25,BabyDuncan/RSA_OC_JAVA
36,BUPT-HJM/css3-flip-book
30,Boddlnagg/HtmlParserSharp
38,BrammanandSoni/BRImagePicker
25,BradLarson/Molecules
113,BradLarson/OculusRiftSceneKit
113,BradLarson/OculusRiftSceneKit
25,BradLarson/Molecules
1296,BinaryMuse/planetary.js
54,Burning-Man-Earth/iBurn-iOS
68,Bouke/HAP
30,Boddlnagg/HtmlParserSharp
20,BeyondTheClouds/enos
25,BestJoker/FJSWaveProgressView
12,BernhardWenzel/pycvmaker
21,Beagle123/visualruby
81,Bukimedia/PrestaSharp
12,Babylonpartners/ReactiveFeedback
40,Babylonpartners/DrawerKit
61,Buglife/Batmobile
40,Babylonpartners/DrawerKit
53,BinSigma/BinSourcerer
40,Babylonpartners/DrawerKit
18,Bouke/NetService
24,Ben-G/TIL
12,Babylonpartners/ReactiveFeedback
42,Backendless/Android-SDK
28,Buza/Instagram-Auth-iOS
237,BishopFox/iSpy
33,BCN3D/BCN3DSigma-Mechanics
71,BranchMetrics/titanium-branch-deep-linking
44,Bilibili/libyuv
140,Baglan/MCLocalization
27,BUPT-HJM/ten-drop
42,Backendless/ios-SDK
83,Boerworz/NightModeTransition
42,BeppiMenozzi/Knob
48,Bunn/macGist
37,ButterCMS/react-cms-blog-with-next-js
48,Benjaminsen/extend.js
46,BendingSpoons/cocoapods-clean
20,BourneWeng/Pac-Man
409,ButterKit/Butter
11,BlackGeekTutorial/TTjb
68,BrettBukowski/SwiftExamples
30,BokkkRottt/BRDrawer
73,BeyondVincent/ios_patterns
24,BatuhanK/kargojs
49,BlueCocoa/Bilibili-macOS-PIP
49,BlueCocoa/Bilibili-macOS-PIP
22,Batlin/OTGViewer
87,Brioal/ADTextView
114,BCsl/WaterMonitor
154,BaronZ88/ModularizationProject
416,Bakumon/NumberAnimTextView
876,BlueMor/Android-PullLayout
11,BigSea001/PhotoPickApp
62,Blankj/ProgressRing
154,BaronZ88/ModularizationProject
49,BolexLiu/ApkBusBlog
62,Blankj/ProgressRing
49,BolexLiu/ApkBusBlog
76,Blankeer/SoleBooks
67,Bupterambition/objc-format-check
16,BracketCove/RecyclerViewTutorial2017
13,BracketCove/Calculator
202,BNFC/bnfc
24,BranLiang/zhima_auth
22,BelongsH/RedBook
13,BadNidalee/ChatBot
266,BYVoid/uchardet
38,Bike/compiler-macro
45,Blincheng/EToast2
12,BadStreff/Apple-ID-Verifier
32,BorisSchaeling/boost-process
15,BayesianTestsML/tutorial
29,BestJoker/FJSParallaxCollectionView
19,BaseSecrete/type_scopes
118,BoltsFramework/Bolts-Java
15,BPteach/New-Media-Toolbox
222,BurntSushi/byteorder
28,BachacoVE/formacion-bachaco
74,BearWare/TeamTalk5
12,BranislavLazic/angular-security
18,BrightMoment/HttpRequestCache
86,Birkemose/rippleDemo
25,BorisBozic/sydjs-assets
25,BrianHicks/elm-benchmark
69,Bogdanp/elm-ast
73,Bit-Wasp/bitcoin-lib-php
254,BrentAureli/SuperMario
16,BucklerBot/buckler
20,BobZhao/OpenTerminalHere
260,BennyHallett/obelisk
227,BurntSushi/chan
16,BucklerBot/buckler
15,Bunkerbewohner/threejs-hex-map
260,BennyHallett/obelisk
76,BenjaminArmstrong/Hyper-V-PowerShell
103,Behat/WebApiExtension
94,BeepBoopHQ/witbot
128,Bad-ptr/persp-mode.el
99,BumblebeeBat/FlyingFox
80,BurntSushi/chan-signal
20,Bjorn248/terraform_cashier
340,BurntSushi/rust-csv
11,Breeder/ReaSyntax
94,BeepBoopHQ/witbot
24,BoxOfSnoo/Fairmount
50,Baeldung/course
158,BeyondAR/beyondar
112,BobNisco/Spotlistr
45,BuzzFeedNews/nics-firearm-background-checks
340,BurntSushi/rust-csv
37,BugraBalci/RubyCodecademyAnswers
27,BonsaiDen/cobalt-rs
130,BioContainers/containers
25,BlueBrain/NeuroM
13,BitchX/BitchX1.3
173,Bilalh/Tagger
26,Bestra/ember-data-sti-guide
11,BoPeng/simuPOP
13,Bren2010/msp
14,Baggykiin/pass-winmenu
26,Busuu/generic-cell-controllers
13,BIC-MNI/minc-toolkit-v2
40,BRAINSia/BRAINSTools
68,Brackeys/Tower-Defense-Tutorial
14,BlackBrane/probability
33,BeneathTheInk/couchdb-jwt-auth-server
52,Bluehouse-Technology/otter
52,Bluehouse-Technology/otter
74,BillCarsonFr/ScrollviewParallax
56,BarkleyUS/mindwave-python
501,Bobris/Nowin
501,Bobris/Nowin
11,Backbase/training-be-module-01
23,BruceCham/react-cli
19,BabylonJS/Documentation
26,BUPT-HJM/buptclass
15,BearZPY/STM32-uCOSIII
17,Bit-Wasp/secp256k1-php
205,BigstickCarpet/swagger-express-middleware
23,BruceCham/react-cli
23,BruceCham/react-cli
30,BerndWessels/angular-ui-table
76,BuildingSMART/BCF-XML
19,BuildingSMART/IfcDoc
54,BuildingSMART/BCF-API
22,BonifyByForteil/react-native-piwik
32,Bauxitedev/goltorus
18,Blueshoe/djangocms-layouter
17,BensonDu/vue-directive-touch
25,BosNaufal/vue-file-base64
32,BradyLiles/ionic-orm
106,Bilibili/jni4android
64,BUPT-HJM/BoomGo
37,Blair2004/tendoo-cms
18,BKWLD/vue-in-viewport-mixin
17,BKWLD/vue-in-viewport-directive
17,BensonDu/vue-directive-touch
63,Blankeer/XAndroidSocket
30,BosNaufal/vue-ripple
25,BigE/desk-changer
50,BryceHQ/es3ify-webpack-plugin
50,BryceHQ/es3ify-webpack-plugin
97,BohdanTkachenko/webpack-split-by-path
25,BSVogler/WurfelEngineSDK
11,Bradshaw/Fudge
47,BlackBulletIV/strong
49,B2W-BIT/restQL-core
58,Binaryify/react-demos
77,BerkeleyTrue/warning
48,Belar/hapi-vue
17,BigstickCarpet/ono
35,BosNaufal/vue-click-outside
37,BitMiracle/libjpeg.net
30,Broxxar/ToonShading
379,Bishop92/JavaScript-Data-Structures
45,BadWaka/ReactDemo_webpack
154,BenoitZugmeyer/eslint-plugin-html
64,Bouni/max-cube-protocol
15,BrokenVector/LowPolyShaders
102,BigBrotherBot/big-brother-bot
61,BoizZ/PPTP-L2TP-IPSec-VPN-auto-installation-script-for-CentOS-7
30,BlackrockDigital/startbootstrap-4-col-portfolio
24,BuildingOutLoud/Brickficiency
14,Bruno17/migxmultilang
17,Blueleaf/api
232,Beerkay/JavaMultiThreading
43,Berico-Technologies/Geo-Coordinate-Conversion-Java
80,BrianGallew/cassandra_range_repair
119,BleuLlama/TinyBasicPlus
43,BitGo/prova
232,BladeRunnerJS/brjs
27,BladeRunnerJS/topiarist
940,BowlerHatLLC/feathers
39,Beans0063/Twilio-Call-Tracking
24,BuckyMaler/fitness
1243,BrightcoveOS/Diamond
117,BLCM/BLCMods
15,BatMen/csgo-retakes-splewis-convar-weapon-allocator
39,BLAKE2/libb2
19,BechtelCIRT/SplunkQueries
178,BromiumLabs/PackerAttacker
42,Bakkes/demoinfo-csgo-python
18,BrutuZ/LegendasTV.bundle
338,BartoszMilewski/Okasaki
39,BernardoGO/HTTP-Remote-Desktop-Server
31,BashtonLtd/rrequest
18,BB9z/RFKit
70,BlkStormy/epic-inventor
71,Blizzard/qt4
12,BlackCatDevelopment/BlackCatCMS
177,BuoyantIO/slow_cooker
23,BolexLiu/CircleProgressView
15,Bubujka/ru.najomi.org-data
11,BlueBrain/SimulationTutorials
28,BLavery/lib_oled96
146,BradRuderman/pyhs2
65,BaymaxTong/HouseLoading
48,Blankeer/DownloadProgressButton
54,BritishMuseumDH/britishMuseumFacesDetection
11,Bly7/OBJ-Loader
51,BaronZ88/Blog
91,Bigkoo/EasySideBar
35,BelledonneCommunications/ortp
28,BaiShou/CityPickerRecyclerVeiw
11,BaseBBHuang/ARKit-Apple-Unity
71,BreadKid/SearchItem
29,BAData/protobuf-converter
24,Braklet/rtl8811AU_rtl8821A-linux
532,Bossyao168/StackOverView
37,BSDStudios/ethr
14,BYVoid/gdrive
90,BestSingerInSiHui/CheckAllUtilsDemo
45,BioNinja/GSEApy
46,BioinformaticsFMRP/TCGAbiolinks
16,BLKStone/web_application_fingerprinting_mindmap
13,BoBoMEe/RxJavaSamples
40,BrettSheleski/comchap
55,BryanLunduke/LinuxAgainstHumanity
143,BeppiMenozzi/TriStateToggleButton
13,BillCruise/Probability
105,Beyyes/crawler
28,BenLand100/SMART
54,BrotherV/Floating-ArcMenu
53,BUPTLdy/Sentiment-Analysis
13,BitGo/bitgo-chrome
37,BIT-thesis/LaTeX-template
11,BigBorg/WeiboSocialNetwork
109,BafS/Java8-CheatSheet
143,BeppiMenozzi/TriStateToggleButton
13,BillWang139967/op_practice_book
52,Blankeer/AirCalendarView
14,BurnellLiu/burnell-web
14,BurnellLiu/burnell-web
30,BastilleResearch/CableTap
22,BastilleResearch/keyjack
35,BastilleResearch/gr-nordic
20,ByteHeroes/herocoin
18,Basman74/Sweet32-CPU
26,Blackyukun/dingdian
141,BaiduFE/BaiduTemplate
15,BatchIQ/nifi-scripting-samples
13,BlendingJake/CubeSter
90,BSidesSF/ctf-2017-release
32,BurntSushi/openbox-multihead
30,BelledonneCommunications/mediastreamer2
329,Bareflank/hypervisor
12,Bill-Gray/jpl_eph
16,BioJulia/Automa.jl
25,Baton34/organize-search-engines
97,Banrai/PiScan
131,BosNaufal/vue-loading-bar
404,BlackrockDigital/startbootstrap-stylish-portfolio
83,B2W-BIT/restQL-server
27,BeenKim/MMD-critic
26,BlackArch/blackarch-installer
17,Buuz135/Industrial-Foregoing
41,BitchX/BitchX1.2
92,BlackrockDigital/startbootstrap-blog-home
26,BraedenYoung/PracticeTracker
11,Blaaguuu/GW2Link
33,BurntSushi/rtmpdump-ksv
33,BurntSushi/rtmpdump-ksv
106,Brideau/pokelyzer
12,BoredMai/PokemonGOIVCalculator
113,BobAdamsEE/SouthParkData
106,Brideau/pokelyzer
106,Brideau/pokelyzer
31,BriquzStudio/php-emoji
106,Brideau/pokelyzer
85,Boeeerb/PiGlow
47,BigScary/GriefPrevention
14,BigScary/PopulationDensity
55,Bencodes/Wallpaper-Manager
50,BlessCSS/gulp-bless
31,Bigjoos/U-232-V3
16,BETZtechnik/ICEpick--Direct-drive-pick-and-place-head
85,BrianSharpe/Wombat
16,BilgisayarKavramlari/Yarismalar
24,Bunkermaster/Nymfony
28,Bromvlieg/gm_bromsock
20,Buntworthy/Processing
39,Boomaga/boomaga
14,BenZuser/Emby-Web-Dark-Themes-CSS
24,BernhardWenzel/scraping-microservice-java-python-rabbitmq
11,BuffaloWill/gatling_gun
14,BenZuser/Emby-Web-Dark-Themes-CSS
68,Byzantium/ByzPi
26,BetterWithMods/BetterWithMods
112,Bukkit/SamplePlugin
172,BurntSushi/walkdir
13,BLavery/LIBtft144
12,BenWoodworth/FastCraft
14,BernardoGiordano/PKSM-Tools
33,BtoBastian/bStats
11,Binaryify/vue-loader-example
14,BernardoGiordano/PKSM-Tools
11,Barteks2x/173generator
51,BedwarsRel/BedwarsRel
13,Byteflux/CombatTagPlus
23,BuissonFlorent/GoodReads_TextMining
13,BelmonduS/raspberry-pi-camera-control-php
11,Binaryify/vue-loader-example
11,Barteks2x/173generator
11,Barteks2x/173generator
37,Blackvein/Quests
48,Ben-G/UILib
24,Berrima/Qt-custom-gauge-widget
58,BioStatMatt/sas7bdat
11,Bigotter/gdggame
11,BenMcLean/pixel-sprite-generator-libgdx
62,Bukkit/Bukkit-Bleeding
259,Byzantium/Byzantium
14,BobRay/UpgradeMODX
347,B1naryStudio/js-mobile-console
50,Bunn/Xgist
20,Bitterholz/LP2
49,Bertware/bukkitgui2
63,Brettflan/WorldBorder
13,BotCube/api-ai-tutorial-demo
30,Bercon/BerconMaps
20,Bukkit/HomeBukkit
16,Bukkit/ChatBukkit
64,Bukkit/ScrapBukkit
87,BlakeWilliams/rails
92,Boren/PokemonGO-IV-Renamer
41,Bouni/MateDealer
125,Bailador/Bailador
40,Birkemose/td
60,BaiduFE/Chassis
22,BurntCaramel/BurntCocoaUI
13,BigFatNidalee/BoL-Releases
14,BigZaphod/iappaday
57,BigZaphod/IFUnicodeURL
16,BigZaphod/Taxi
232,Buglife/Floater_
41,BlakeWilliams/pact
205,BloodAxe/opencv-ios-template-project
18,BaseballTheater/BaseballTheater
20,Belinskaya/Collage
55,Balancingrock/SwifterSockets
45,Blitzen/Angular-Chronicle
194,BudgetFirst/BudgetFirst
19,BeauNouvelle/DateTextField
22,BaaSBeginner/LZAlbum
54,BlackScorpGames/cron
103,Busta117/SBInstagram
44,Barracuda09/SATPI
21,BainaGame/CocosCreator_ScriptHotUpdate
77,BLINDED-AM-ME/UnityAssets
146,BurntSushi/pytyle3
15,BilbaoGotoxy/BoL
34,BrUnOXaVIeRLeiTE/SCUE4-Plugin
41,BGundlach/css3Fonts
77,BLINDED-AM-ME/UnityAssets
69,Brackeys/UPAToolkit
107,BlindMindStudios/AngelScript-JIT-Compiler
49,Baremetrics/select
24,BosNaufal/secure-local-storage
220,Bloomca/redux-tiles
11,Brightify/Lipstick
12,Brightify/ReactantUI
159,Boris-Em/NightView
16,BradB132/UIViewControllerTransitionTut
18,BinarMorker/TimeWastedOnDestiny
14,Birkemose/streamTex
19,BigEd/a6502
187,BranchMetrics/web-branch-deep-linking
64,BranchMetrics/xamarin-branch-deep-linking
70,BranchMetrics/unity-branch-deep-linking
60,BranchMetrics/air-ane-branch-deep-linking
75,BranchMetrics/documentation
80,BranchMetrics/Branch-Example-Deep-Linking-Branchster-iOS
66,BranchMetrics/Branch-Example-Deep-Linking-Branchster-Android
53,BranchMetrics/Branch-Monster-Factory-Example-Android-Instant-Apps
43,BranchMetrics/ArcticTiger-SendGrid
63,BishopFox/anti-anti-automation
147,BLLIP/bllip-parser
17,BenchR267/parsel
14,Bohdan-Khomtchouk/fastheatmap
17,Bohdan-Khomtchouk/biosemble
491,BertrandBordage/django-cachalot
25,BarryMode/grav-plugin-blackhole
44,BosslandGmbH/HBRelog
22,Bucko13/bcoin-boilerplate
388,BitSuites/BPBarButtonItem
388,BitSuites/BPBarButtonItem
68,Boris-Em/BEMPullToRefreshWP8
38,Bahnburner/Home-Assistant-Config
17,BrownDogGadgets/CrazyCircuits
388,BitSuites/BPBarButtonItem
19,BigBabay/AsyncConverter
48,BlueParabola/Beeblex-SDK
12,BareFeetWare/BFWControls
27,BlackBoxVision/material-wheel-view
25,Byndyusoft/Byndyusoft.Dotnet.Core.Infrastructure
16,BlendingJake/NodeIO
23,Banno/polymer-2-starter-kit-webpack
62,Ben-G/AutoTable
27,BigBlueHat/atmailopen
19,BennyKJohnson/OpenCloudKit
27,BigBlueHat/atmailopen
14,BlueCocoa/CPUBar
49,BeerShift/BeerShift
14,BeerWithMe/beer-finderWeb
30,BaronKiko/LauncherHijack
175,BreakingMalware/PowerLoaderEx
32,BlueCocoa/injectable
31,BurpSuite/Manual
132,BalestraPatrick/AppleWatchCalculator
20,BenLangmead/qtip
53,Baremetrics/timelord
91,BreakingMalware/Selfie
19,BastilleResearch/so-you-want-to-hack-radios
11,Black-Sphere-Studios/bss-util
65,BlastHackNet/mod_s0beit_sa
65,BlastHackNet/mod_s0beit_sa
25,BohdanOrlov/TrianglifySwift
41,BrightTag/kafkameter
22,Berkeley-Correctness-Group/DLint
28,BryanLunduke/Linux-Tycoon
25,BruceDone/Tiktok
406,BerlinVagrant/vagrant-dns
17,BeAnotherLab/The-Machine-to-be-Another
54,BCJTI/ng2-cookies
35,BeginMan/codetheme
40,BTBurke/twilio-voice
16,BBVA/openstack-k8s
39,BRCDcomm/BVC
52,Bloodevil/sony_camera_api
29,BBVA/chaos-monkey-engine
88,Byndyusoft/ByndyuSoft.Dotnet.Infrastructure
52,Bloodevil/sony_camera_api
23,Breakthrough/DVR-Scan
52,Bloodevil/sony_camera_api
59,BigKunLun/angular-simple-permission
145,Burgestrand/spotify
13,Blagodarenko/XPlotter
154,Broadcom-Switch/OpenNSL
90,Broadcom-Switch/of-dpa
16,Broadcom-Switch/SAI
28,BitCurator/bitcurator-distro-main
49,BernhardZuba/d3js-orgchart
52,Bloodevil/sony_camera_api
52,Bloodevil/sony_camera_api
52,Bloodevil/sony_camera_api
336,BurntSushi/pdoc
336,BurntSushi/pdoc
38,Bosma/Scheduler
25,BowlerHatLLC/dts2as
13,Blagodarenko/XPlotter
16,BlueM/Pashua-Binding-Bash
12,BlueM/atadatem
12,BMDan/tuning-primer.sh
52,Bloodevil/sony_camera_api
22,ByteInternet/drf-oidc-auth
26,Bertware/wlan10
16,BaReinhard/Multiroom-Audio-iOS
84,BishopFox/cve-2016-1764
43,BlackArch/blackarch-iso
71,BaldMansMojo/check_vmware_esx
85,BarcodeEye/BarcodeEye
15,BManx2000/VirtualButtonBox
11,Bijesse/curriculum2016
266,Baystation12/Baystation12
73,BlackGlory/caddy-proxy
61,BillyBlaze/OctoPrint-TouchUI
54,Betterment/webvalve
204,BlacKCaT27/CurrencyEditText
32,BelinChung/DChaser
67,BlackrockDigital/startbootstrap-freelancer-jekyll
91,BigPeng/zhihu_shenhuifu
12,Byronlee/Design-patterns
12,Bernie-2016/fieldthebern-android
35,BaristaVentures/debug-artist
11,BartDM/LuceneWrapper
287,BlessCSS/bless
37,Baeldung/spring-event-sourcing-and-cqrs
97,BurntSushi/cargo-benchcmp
66,BuzzFeedNews/trumpworld
34,Bluscream/BetterDiscord-Plugins-and-Themes
52,BBC-News/cloudwatch-sender
41,BobPalmer/CommunityResourcePack
36,Brain-WP/Hierarchy
79,Birdasaur/FXyzLib
360,BurntSushi/fst
59,BruceSherwood/vpython-wx
32,Bodo1981/conductor-dagger
36,Blinkity/metagame
39,Bridouille/android-beacon-scanner
33,BirkbeckCTP/janeway
33,BirkbeckCTP/janeway
141,BinaryMuse/toml-node
188,BinPy/BinPy
36,BrianMacIntosh/icon-machine
17,BitQuote/AwesomeBot
31,BusinessOptics/gryphon
55,BenLauwens/SimJulia.jl
16,BaristaLabs/chrome-dev-tools-generator
58,BaylorRae/PHP-MVC-Tutorial
231,Bettermeans/bettermeans
14,Bit-Nation/BitnationApplications
45,BasmanovDaniil/ProceduralExperiments
41,Backfeed/backfeed-protocol
64,ButterFaces/ButterFaces
13,Bohdan-Khomtchouk/Biochat
27,Bio2hazard/SteamCompletionist
14,BeyondGodlikeBot/CreepBlockAI
25,BranchMetrics/DEPRECATED-React-Native-SDK
64,ButterFaces/ButterFaces
43,Blackvoxel/Blackvoxel
11,BG2BKK/img_process_vhdl
34,BrOrlandi/StarWarsRepo
45,BreakingMalware/AVulnerabilityChecker
21,BertoldVdb/sdtool
60,BinaryDefense/goatrider
36,Berkeley-CS61B/lectureCode-sp15
36,BojanPLOJ/Bipropagation
15,BareConductive/bare-conductive-arduino
29,BitTigerInst/ElasticSearch
23,BestJoker/FJSPicMixCollectionViewLayout
66,Bruno17/MIGX
45,BishopFox/firecat
11,BensonLaur/BesLyric
26,B-3PO/angular-material-event-calendar
43,BKWLD/laravel-haml
48,BKWLD/laravel-pug
31,Beaten-Sect0r/yii2-db-manager
36,BruceSherwood/vpython-jupyter
57,BenLubar/df-ai
191,Bouke/django-user-sessions
81,Brankub/selectik
191,Bouke/django-user-sessions
31,Benli11/rSVD
276,Bumblebee-Project/bbswitch
14,ButternCream/Legacy-Rocket-Launcher-GUI
129,BenLangmead/comp-genomics-class
93,BrewPi/brewpi-avr
96,BrewPi/brewpi-www
42,Bahmni/bahmni-core
11,BoomaNation/Booma.Library
15,BigBayes/SGRLD
15,BAH-DSST/QuantifyingRhetoric_ODSCEast2016
19,BTAS/BTAS
128,Blodjer/HueImmersive
18,Balaje/OpenCV
66,Bookworm-project/BookwormDB
11,BrandwatchLtd/api_sdk
14,Breakend/ReproducibilityInContinuousPolicyGradientMethods
258,BoilerplateMVC/Marionette-Require-Boilerplate
25,BigFace83/BFRMR1
303,BlocklyDuino/BlocklyDuino
14,BillMills/pythonPackageLesson
88,Bernardstanislas/eslint-bot
52,BuzzFeedNews/2016-04-federal-surveillance-planes
14,BlockIo/block_io-php
45,BogdanDIA/airprobe-hopping
39,Bioconductor/GoogleGenomics
13,BD2KGenomics/protect
16,Blank101/haxe-oauth
63,BlueBrain/BluePyOpt
72,Blosc/bloscpack
230,Bit-Wasp/BitWasp
121,BlackrockDigital/startbootstrap-thumbnail-gallery
20,BB-UCL/autograd-forward
20,BlackLight/Snort_AIPreproc
34,BlueBoxWare/LibGDXPlugin
14,BjarneStroustrup/Programming-_Principles_and_Practice_Using_Cpp
20,BB-UCL/autograd-forward
18,BlueMeanie/bitcoingraphdb
20,BB-UCL/autograd-forward
20,BB-UCL/autograd-forward
40,BFO-ontology/BFO
59,BillSkiCO/RX-Modulator
18,BlueMeanie/bitcoingraphdb
14,BjarneStroustrup/Programming-_Principles_and_Practice_Using_Cpp
100,BeaglePilot/beaglepilot
20,BB-UCL/autograd-forward
27,Bitsino/BitsinoDice
39,BlockCatIO/solidity-flattener
25,BrandwatchLtd/axiom
116,Bart6114/jug
80,Bridgewater/holochrome
11,BEE-Plugin/ClientSIde-code-sample
17,BnMcGn/snakes
