68,dot42/dot42
2321,dotnet/BenchmarkDotNet
139,dotnet-security-guard/roslyn-security-guard
8475,dotnet/coreclr
911,domaindrivendev/Swashbuckle.AspNetCore
209,dreamdom/JsSpeechRecognizer
231,dajuric/accord-net-extensions
1995,dirtycow/dirtycow.github.io
7629,danielmiessler/SecLists
8237,dotnet/roslyn
321,dadrivr/FantasyFootballAnalyticsR
4805,docker/swarm
91,dark-lbp/isf
824,dropbox/securitybot
197,developerforce/Force.com-Toolkit-for-NET
876,deathmarine/Luyten
3074,donnemartin/dev-setup
3175,dotnet/orleans
532,damianh/LibLog
69,dotnetjunkie/solidservices
15,devmondo/HangFire.SimpleInjector
562,dynamitechetan/Flowing-Gradient
126,dnasdw/3dstool
12,davidrhodus/misc
6524,derekparker/delve
687,dockpanelsuite/dockpanelsuite
105,davidB/yuicompressor-maven-plugin
2737,docker/docker-registry
696,dotnet/docs
365,dotnet/announcements
747,dotnet/corert
808,dotnet/docfx
89,dotnet/designs
252,dlemstra/Magick.NET
696,dotnet/docs
294,dotnetcore/surging
2355,dotnet/cli
7389,deeplearning4j/deeplearning4j
61,dblsai/WebGL-Fluid
28942,django/django
15751,developit/preact
568,dleitee/valid.js
96,docker-library/django
3263,django-tastypie/django-tastypie
139,defunctzombie/package-browser-field-spec
45772,daneden/animate.css
7264,dcloudio/mui
47,drogba321/alibaba-learning-docs
4536,docker/dockercraft
297,doximity/vital
11,davewasmer/ember-cli-reset-scroll
511,danilowoz/react-content-loader
8898,dexteryy/spellbook-of-modern-webdev
749,dvf/blockchain
9112,dmlc/xgboost
139,dominictarr/hashlru
416,drewblaisdell/monitor.io
1991,dthree/mailit
2379,developit/preact-cli
1560,danielstjules/jsinspect
337,dropbox/dropbox-sdk-python
14784,dhg/Skeleton
30,developit/preact-transition-group
567,despoisj/DeepAudioClassification
276,devsisters/multi-speaker-tacotron-tensorflow
301,dstroot/skeleton
528,dwyl/the-book
69118,d3/d3
101,danger/danger-swift
558,danger/danger-js
84,duckduckgo/iOS
912,deepmind/rc-data
2588,dformoso/machine-learning-mindmap
13419,domnikl/DesignPatternsPHP
2198,douban/dpark
2357,douban/DOUAudioStreamer
1856,douban/code
3086,deepmind/pysc2
20246,donnemartin/system-design-primer
58,dpull/lua-webclient
117,dpull/skynet-mingw
295,dualface/gbc-core
17,dylanmckay/protocol
2780,dangdangdotcom/elastic-job
3723,dianping/cat
4017,dangdangdotcom/dubbox
625,deependersingla/deep_trader
376,dbartolini/data-oriented-design
829,dbartolini/crown
82,daedric/httpp
2979,desktop/desktop
43,dcapwell/lightweight-java-profiler
457,dmlc/ps-lite
13451,designmodo/Flat-UI
283,dbzhang800/QtXlsxWriter
2492,ded/reqwest
3928,davidshimjs/qrcodejs
12,dascandy/cpp-dependencies
99,dan-v/dosxvpn
74,davidhalter/parso
595,dannagle/PacketSender
847,devlinkcn/ppts_for_php2017
22924,discourse/discourse
410,dtschump/CImg
607,dchest/captcha
3991,daniulive/SmarterStreaming
1155,davyxu/cellnet
2242,dennybritz/cnn-text-classification-tf
504,darylrowland/angucomplete
11,davidsandberg/caffe-tensorflow
29,djpnewton/busdog
3043,davidhalter/jedi-vim
14495,dkhamsing/open-source-ios-apps
16071,danielgindi/Charts
590,dennybritz/rnn-tutorial-rnnlm
192,dzitkowskik/StockPredictionRNN
73,develersrl/gccwinbinaries
44,dizzib/WhoDoTheyServe.com
1779,duilib/duilib
2409,dustturtle/RealReachability
140,dojo/core
7088,douglascrockford/JSON-js
22792,dypsilon/frontend-dev-bookmarks
217,dotnetcore/Util
314,dotnetcore/aspnetcore-doc-cn
214,digimezzo/Dopamine
1396,dersoncheng/MultipleTheme
97,droidwolf/react-native-RealRecyclerView
658,developer-shivam/FeaturedRecyclerView
784,debasishg/scala-redis
35,dice-group/n3-collection
15,dhwajraj/dataset-person-name-disambiguation
2260,danylovolokh/VideoPlayerManager
1696,danikula/AndroidVideoCache
387,dixudx/tumblr-crawler
39,doyensec/burpdeveltraining
791,dwyl/learn-json-web-tokens
159,dobermai/android-mqtt-push
54,dev-zzo/exploits-nt-privesc
509,djadmin/awesome-bug-bounty
4703,didi/VirtualAPK
568,derhuerst/tcp-over-websockets
4703,didi/VirtualAPK
1197,dankogai/js-base64
23,darknessjs/jtopo-unit
1953,dleitee/strman
1688,deepmind/dnc
485,drakeet/Seashell-app
796,drduan/minggeJS
2939,deviantony/docker-elk
327,dosgo/ngrok-c
90,dholm/dotgdb
2541,diafygi/webrtc-ips
2796,devttys0/binwalk
387,dockcross/dockcross
123,danicuestasuarez/NMapGUI
415,dotcppfile/DAws
4772,dbcli/mycli
48,darkquasar/WMI_Persistence
9597,denysdovhan/wtfjs
90,dholm/dotgdb
60,dc3l1ne/Blasting_dictionary
60,dc3l1ne/Blasting_dictionary
55,debasishm89/burpy
442,danielbohannon/Invoke-Obfuscation
7898,datasciencemasters/go
1501,dollarshaveclub/shave
9597,denysdovhan/wtfjs
743,dubboclub/dubbokeeper
4703,didi/VirtualAPK
2085,dabeaz/curio
1391,djyde/WebShell
214,denyhosts/denyhosts
4672,darknessomi/musicbox
2919,digitalocean/netbox
310,derv82/wifite2
2541,diafygi/webrtc-ips
3076,dmauro/Keypress
409,dianping/pigeon
467,doridori/Android-Security-Reference
774,dana-at-cp/backdoor-apk
147,datitran/raccoon_dataset
24,doctormo/python-crontab
245,david942j/one_gadget
834,daylightstudio/FUEL-CMS
13,daylightstudio/FUEL-CMS-Blog-Module
2306,dmotz/oriDomi
9597,denysdovhan/wtfjs
91,dzautner/jsPipe
2229,devongovett/regexgen
1564,dawnlabs/carbon
115,darbra/geetest
9718,dimsemenov/Magnific-Popup
53,denandz/fuzzotron
2121,d1sm/finalspeed
30,davidqhr/socccks
92,dimmg/dockselpy
119,dw/mitogen
3549,dbader/schedule
74,dizballanze/django-admin-env-notice
3499,diafygi/acme-tiny
133,danielbohannon/Revoke-Obfuscation
410,dineshshetty/Android-InsecureBankv2
337,deibit/cansina
74,dobin/BurpSentinel
310,derv82/wifite2
7657,dropbox/zxcvbn
92,duo-labs/phinn
117,duo-labs/isthislegit
162,droope/pwlist
331,droope/droopescan
1891,dxa4481/truffleHog
1700,docker/infrakit
1955,d4l3k/go-pry
3052,douglascrockford/JSLint
2677,direnv/direnv
311,ddddxxx/LyricsX
475,drakeet/Floo
373,dweinstein/awesome-frida
377,daoliker/JData
39,danielktaylor/fabric-js-editor
1183,devcxm/iOS-Images-Extractor
1891,dxa4481/truffleHog
475,dkwingsmt/haha
966,docker-library/php
251,defaultnamehere/verylegit.link
201,deweller/switchaudio-osx
1094,duzexu/ARuler
202,dastergon/awesome-chaos-engineering
1998,databricks/learning-spark
71,dalinaum/TextureViewDemo
287,dogriffiths/HeadFirstAndroid
63,davide/docker-zerotier
155,dfdragon/kcptun_xclient
870,dtrace4linux/linux
177,d33tah/call-for-wpa3
216,doctrine/annotations
1745,documentcloud/visualsearch
452,dformoso/deeplearning-mindmap
12023,drduh/macOS-Security-and-Privacy-Guide
405,duo-labs/EFIgy
20,dyvosvit/telegb
365,danielmiessler/RobotsDisallowed
1660,drush-ops/drush
1478,ddopson/underscore-cli
361,dxa4481/WPA2-HalfHandshake-Crack
49,digininja/RSMangler
67,duoergun0729/1book
36,diasks2/pragmatic_tokenizer
34,dbalatero/lingua
36,diasks2/chat_correct
410,dineshshetty/Android-InsecureBankv2
1564,dawnlabs/carbon
2926,davisking/dlib
202,developerforce/Force.com-Toolkit-for-PHP
4795,deployphp/deployer
118,dflydev/dflydev-fig-cookies
443,dagrz/aws_pwn
96,doyler/SecurityTools
280,dermesser/libsocket
1482,dyc87112/SpringBoot-Learning
136,defshine/flaskblog
506,docker/docker-birthday-3
8586,daylerees/colour-schemes
303,danielchatfield/trello-desktop
23,daseECNU/Cedar
915,digoal/blog
978,docker/libnetwork
47,demonsec666/secist_script
418,dpnishant/appmon
1082,debops/debops-tools
15,debops/debops
443,dagrz/aws_pwn
169,delvelabs/vane
13,damianopetrungaro/clean-architecture
2613,dae/anki
839,devxoul/RxTodo
985,dblock/fui
6064,dropwizard/dropwizard
1257,dxa4481/Pastejacking
33,dlwyatt/PowershellProfiler
1455,dhowe/AdNauseam
231,dtag-dev-sec/tpotce
58,duraki/virtualcar
119,dschanoeh/Kayak
68,dschanoeh/socketcand
103,dily3825002/wechat-weapp-union
349,danfolkes/Magnet2Torrent
3698,dodgepudding/wechat-php-sdk
407,debops/debops-playbooks
5190,dracula/dracula-theme
68,danielmiessler/nginx
1842,daneden/Toast
212,dhax/go-base
67,daiweilai/DDClock
1064,diwu/LeetCode-Solutions-in-Swift
8954,daimajia/AndroidSwipeLayout
151,dubbo/dubbo.github.io
138,datasets/s-and-p-500-companies
2510,drakeet/MultiType
8350,daimajia/AndroidViewAnimations
8954,daimajia/AndroidSwipeLayout
9284,dzenbot/DZNEmptyDataSet
40,deng690990/SF_GaoDeMAP
240,dnomak/svg-turkiye-haritasi
9725,davezuko/react-redux-starter-kit
262,dgilland/pydash
28,duzyn/design-kit-axure-library
6412,davatron5000/FitText.js
1968,drakeet/MaterialDialog
210,daniruiz/Flat-Remix-GNOME-theme
140,davidpepper/fierce-domain-scanner
345,demi6od/Smashing_The_Browser
59,dyjakan/interpreter-bugs
1529,drwetter/testssl.sh
2484,docker/docker-py
842,duxianwei520/react
28,doublemarket/grafana-rrd-server
3672,dylang/npm-check
284,doadam/ziVA
402,decalage2/oletools
491,dgrtwo/gganimate
21,drobota/robotframework-xvfb
63,drone/drone-cli
24,drone-plugins/drone-git
1601,dennisweissmann/DeviceKit
50,dcooney/wordpress-plugin-installer
52,di-in-scala/di-in-scala.github.io-sources
6064,dropwizard/dropwizard
200,dempeZheng/forest
43,devxoul/RxCodable
569,dreymonde/Time
1440,dzenbot/DZNPhotoPickerController
379,dai-siki/vue-image-crop-upload
654,dingjikerbo/BluetoothKit
429,dharmeshkakadia/awesome-mesos
1372,dzenbot/Iconic
1360,darklow/django-suit
12,dreddsa5dies/goHackTools
167,dgschwend/zynqnet
6598,dingo/api
1999,dask/dask
67,dogriffiths/HeadFirstC
1174,dzharii/awesome-elasticsearch
24,devschile/huemul
5250,divio/django-cms
1894,dyve/django-bootstrap3
26,dougm/vagrant-esxi
33,dougm/packer-esxi
168,dbrattli/OSlash
118,darrylkuhn/dialect
128,deis/steward
1014,deis/workflow
14,dyonir/vue-tinymce-editor
15337,defunkt/jquery-pjax
41,damnever/Note
805,dagwieers/dstat
972,dergachev/screengif
651,davidaurelio/hashids-python
572,dabeaz/bitey
2903,davidjbradshaw/iframe-resizer
2747,django-oscar/django-oscar
14,drivechain-project/bitcoin
2531,dgraph-io/badger
203,dmfilipenko/timezones.json
119,demopark/electron-api-demos-Zh_CN
574,dgrunwald/rust-cpython
1674,dpkp/kafka-python
1464,deanoemcke/thegreatsuspender
386,dweidenfeld/plexdrive
14,deoxxa/asciitable
3733,doublespeakgames/adarkroom
3600,dotnet-architecture/eShopOnContainers
973,divan/gotrace
727,dotnet-architecture/eShopOnWeb
1488,dominictarr/event-stream
225,djds4rce/angular-socialshare
17,darbula/pymote
82,defnngj/pyse
1014,deis/workflow
1096,djacobs/PyAPNs
941,derekwyatt/vim-scala
448,deadhead420/arch-linux-anywhere
91,darren90/iOS_Demo
12,daleiLV/iOSCoverFlow
36,dnkolegov/bigipsecurity
6767,desandro/imagesloaded
48,digininja/nosqlilab
118,dessalines/essays
268,devio/Walruss
670,dmayer/idb
34,devadvance/rootcloakplus
466,dcramer/mangodb
58,duraki/virtualcar
119,dschanoeh/Kayak
68,dschanoeh/socketcand
194,darold/pgFormatter
1136,dalibo/pgbadger
1166,dmajkic/redis
276,denimgroup/threadfix
3925,docker/labs
15,dmahler/ansible-template
341,daylerees/dependency-injection-example
544,dafthack/MailSniper
957,doyoe/css-handbook
50,digitalocean/debian-sys-maint-roll-passwd
4526,dutchcoders/transfer.sh
72,drunkard/ceph-readable-doc
3600,dotnet-architecture/eShopOnContainers
2182,duplicati/duplicati
2351,directus/directus
2755,drupal/drupal
100,data-8/textbook
10379,donnemartin/data-science-ipython-notebooks
231,dtag-dev-sec/tpotce
180,dradis/dradis-ce
13,davidecaruso/shell.js
130,delight-im/PHP-Auth
22,dfenjves/timesify
5822,dnschneid/crouton
151,danielbohannon/Invoke-CradleCrafter
50,digitalocean/debian-sys-maint-roll-passwd
122,difcareer/sqlmap4burp
50,digitalocean/debian-sys-maint-roll-passwd
616,dansup/bulma-templates
26,dnaextrim/python_zklib
771,djenriquez/vault-ui
22,dockerfile/supervisor
1377,dtan4/terraforming
36,devilbox/vhost-gen
728,diafygi/webcrypto-examples
94,duyetdev/bruteforce-database
188,danlec/Trello-Bookmarklet
209,dpnishant/raptor
225,datawire/telepresence
1625,davecgh/go-spew
51,drush-ops/drush-launcher
1529,drwetter/testssl.sh
3354,danielgtaylor/aglio
57,dancezarp/TBDEx
124,dboissier/jenkins-control-plugin
57,devilogic/udog
320,docker-library/mongo
5190,dracula/dracula-theme
68,danielmiessler/nginx
4465,dmytrodanylyk/circular-progress-button
3996,dompdf/dompdf
161,doctrine/KeyValueStore
1015,doctrine/dbal
949,dustinspecker/awesome-eslint
4237,dropbox/lepton
1368,davidhund/styleguide-generators
5946,dvajs/dva
112,dysinger/nanomsg-examples
225,davgothic/AjaxFileUpload
869,diracdeltas/sniffly
1053,dolce/iziToast
1508,dolce/iziModal
24,davesteele/comitup
18,dtag-dev-sec/suricata
14,dtag-dev-sec/dionaea
13,dtag-dev-sec/honeytrap
14,dtag-dev-sec/cowrie
1530,dwqs/blog
1950,dockersamples/docker-swarm-visualizer
2195,donglua/PhotoPicker
4465,dmytrodanylyk/circular-progress-button
3334,dm77/barcodescanner
8954,daimajia/AndroidSwipeLayout
530,dt-fe/weekly
46,dunderlabs/python_blogs
7218,dangrossman/bootstrap-daterangepicker
134,dotzero/node-url-shortener
88,dae/ankiplugins
14,dohliam/gdcl
325,doyoe/trip
20,developerworks/learnnextjs-cn-docs
3411,devongovett/pdfkit
32,duduscript/byr-sibi
306,dearbinge/dubbo-spring-boot-mybatis-redis
2631,dgrijalva/jwt-go
39,dolotech/ebook
8350,daimajia/AndroidViewAnimations
4188,deepmind/lab
184,danielwegener/logback-kafka-appender
636,dvajs/dva-knowledgemap
5946,dvajs/dva
58,dmaclay/python-smpp
5346,donnemartin/gitsome
625,dsmelov/simsim
510,digitalocean/vulcan
2375,django/channels
542,deepchem/deepchem
2595,devbridge/jQuery-Autocomplete
9284,dzenbot/DZNEmptyDataSet
353,develar/settings-repository
11413,drone/drone
2531,dgraph-io/badger
47,dueros/dcs-sdk-js
882,dongweiming/wechat-admin
73,dengzhp/lusernews
264,dbader/readme-template
12374,desandro/masonry
1446,docker/swarmkit
94,duyetdev/bruteforce-database
2020,dataarts/webgl-globe
3175,danluu/post-mortems
30,dtbartle/cgminer-gc3355
524,devnied/EMV-NFC-Paycard-Enrollment
180,dradis/dradis-ce
48,digininja/nosqlilab
19,dell/idrac-ansible-module
55,dellintosh/flask-adminlte
6021,davidsonfellipe/awesome-wpo
2106,digitalbazaar/forge
15059,dimsemenov/PhotoSwipe
82,decidim/decidim
16,drupaldiversity/administration
1485,dotnet/standard
917,doramart/DoraCMS
4188,deepmind/lab
1601,dennisweissmann/DeviceKit
882,dongweiming/wechat-admin
11413,drone/drone
47,dylanratcliffe/onceover
1391,dzhibas/SublimePrettyJson
11171,donnemartin/interactive-coding-challenges
1269,dastergon/awesome-sre
52,dockerfile/chrome
823,django-wiki/django-wiki
276,denimgroup/threadfix
245,dino/dino
2531,dgraph-io/badger
275,don/node-eddystone-beacon
3925,docker/labs
46,datawire/forge
35,datawire/kubernaut
166,draios/sysdig-inspect
153,dafthack/PowerMeta
771,djenriquez/vault-ui
127,dformoso/sklearn-classification
10681,docker/compose
394,docker/docker-ce
31,dnephin/docker-apk-build
123,docker/global-hack-day-3
1432,damonkohler/sl4a
172,davedavehong/fenda-mock
311,davidbrai/deep-learning-traffic-lights
4465,dmytrodanylyk/circular-progress-button
12654,dotnet/corefx
467,dbtek/bootstrap-vertical-tabs
5621,dennis714/RE-for-beginners
2595,devbridge/jQuery-Autocomplete
1577,django-guardian/django-guardian
484,draganbabic/uni-form
2930,django-crispy-forms/django-crispy-forms
112,drawthink/ExpandableRecyclerView
58,doubleview/data-structure
5553,druid-io/druid
85,dotnet/docs.zh-cn
1881,darlinghq/darling
207,datitran/jupyter2slides
431,diku-dk/futhark
377,digidem/react-dimensions
166,draios/sysdig-inspect
39,deadPix3l/pyDHE
180,dradis/dradis-ce
27,demonsaw/Code
346,davechurchill/ualbertabot
20,deroko/activationcontexthook
1086,darkk/redsocks
3527,dcodeIO/protobuf.js
14,dingmaotu/mql4-redis
436,djstein/modern-django
882,dongweiming/wechat-admin
126,droptheplot/awesome-phoenix
59,d4l3k/talib
568,devfeel/dotweb
110,duointeractive/django-fabtastic
2009,devstructure/blueprint
200,dalen/puppet-puppetdbquery
869,diracdeltas/sniffly
12,dfinity/go-revolver
247,dhall-lang/dhall-lang
148,danielwestendorf/get_schwifty
159,dgoulet/torsocks
85,dotnet/docs.zh-cn
647,dudu90/FreshDownloadView
302,ditclear/TimeLine
1322,dabeaz/python-cookbook
810,ddwhan0123/Useful-Open-Source-Android
308,d30sa1/RootKits-List-Download
68,dzzie/MAP
95,dzzie/SCDBG
78,dzzie/pdfstreamdumper
70,dzzie/IDACompare
21,dequbed/rust-ldap
810,ddwhan0123/Useful-Open-Source-Android
1091,diafygi/letsencrypt-nosudo
464,diafygi/gnu-pricing
1753,diafygi/gethttpsforfree
52,dongweiming/mp
35,dev-sec/windows-baseline
175,doterlin/vue-example-login
129,djmpink/springboot-mybatis
517,dusty-nv/jetson-inference
1365,dimitri/el-get
117,digininja/CeWL
687,decaywood/XueQiuSuperSpider
2659,dresende/node-orm2
273,dustinkirkland/hollywood
486,damnever/pigar
747,dreamapplehappy/effective-javascript
213,devrsi0n/React-2048-game
347,discountry/react
745,documentcloud/docsplit
1152,dominikh/go-tools
1971,danielstjules/Stringy
152,darkhandz/XPS15-9550-Sierra
747,dreamapplehappy/effective-javascript
365,dangdangdotcom/config-toolkit
167,dokelung/Python-QA
2376,dunovank/jupyter-themes
74,dwd-fe/react-native-amap
299,ducksoupdev/vue-webpack-typescript
2659,dresende/node-orm2
2223,dotless-de/vagrant-vbguest
1420,docker-library/docs
107,dsiroky/snakemq
578,dongweiming/web_develop
160,dawnbreaks/mysql2redis
13,dsheng/ip_vs_ch
3163,deepmind/learning-to-learn
1274,danielfrg/word2vec
183,datastorm-open/visNetwork
168,dragdropsite/mPurpose
29,dselivanov/FTRL
370,dselivanov/text2vec
17,debbiemarkslab/neural-fingerprint-theano
365,daattali/advanced-shiny
86,dgrtwo/widyr
15,dalgu90/resnet-18-tensorflow
351,datascienceinc/Skater
59,diegocavalca/machine-learning
183,datastorm-open/visNetwork
851,dennybritz/chatbot-retrieval
133,danijar/mindpark
367,d0k3/GodMode9
72,dataspelunking/MLwR
36,diefimov/west_nile_virus_2015
367,d0k3/GodMode9
97,derekmolloy/boneDeviceTree
34,damellis/PCM
4737,densitydesign/raw
11,duckmaestro/F-AI
5395,deepmind/sonnet
4310,dennybritz/reinforcement-learning
4737,densitydesign/raw
108,dssg/hitchhikers-guide
108,dssg/hitchhikers-guide
97,dmbates/MixedModels.jl
86,dataArtisans/flink-streaming-demo
18,dehora/nakadi-java
344,davidjenni/pok3r-layouts
5395,deepmind/sonnet
31,dwf/glmnet-python
75,dvdcastro/keystonejs-ng-skeleton
1123,damianavila/RISE
47,dhanishgajjar/css-flags
550,dwa012/html5-qrcode
940,dwyl/english-words
80,dizitart/nitrite-database
71,danimahardhika/cafebar
410,dbtek/dbyll
30,daviddoria/PatchBasedInpainting
217,diwi/PixelFlow
286,deanwampler/prog-scala-2nd-ed-code-examples
797,dmlc/tvm
157,danomatika/ofxMidi
3755,danielquinn/paperless
186,devlinkcn/careTechnologyPartner
789,dennybritz/nn-from-scratch
13,drbinliang/HMM-Action-Recognition
23,drvinceknight/Python-Mathematics-Handbook
700,dreamlivemeng/androidstudio-plugins
4529,david-gpu/srez
321,dipanjanS/text-analytics-with-python
181,dmitriydligach/PyMLSlides
45,donnemartin/coding-interview-university
26,desmond-ong/MLSummary
1016,devunwired/recyclerview-playground
59,dhvanikotak/Emotion-Detection-in-Videos
74,danduncan/HappyNet
133,deworrall92/harmonicConvolutions
3479,docker/distribution
172,dariusk/examplebot
1253,devsisters/DQN-tensorflow
1404,doggy8088/Learn-Git-in-30-days
151,derekhh/HackerRank
2242,draft-js-plugins/draft-js-plugins
81,dpc761218914/company_website
124,daerduoCarey/SpatialTransformerLayer
23,djpine/pyman
71,danfeiX/scene-graph-TF-release
368,douglascorrea/react-hot-redux-firebase-starter
953,devote/HTML5-History-API
14,designker/ishtar-commander-bugs
1821,daniel-nagy/md-data-table
14,dalinhuang99/dalinhuang99.github.io
240,djirdehh/crypto_vue
31,doubleunion/arooo
172,danbernier/WordCram
6059,deis/deis
409,datitran/object_detector_app
203,dpressel/rude-carnie
14,devolio/hellocode
52,deanhiller/databus
1253,devsisters/DQN-tensorflow
851,docker-java/docker-java
931,digego/extempore
208,davechurchill/commandcenter
167,dherrendoerfer/uCNC_controller
1404,doggy8088/Learn-Git-in-30-days
603,diy/NSStringEmojize
319,devjin0617/vue2-admin-lte
14,devjin0617/coin-news
1329,dreikanter/ruby-bookmarks
2301,docker-library/official-images
20,droidchef/gsoc-proposals
34,dcomtois/summarytools
112,dasguptar/treelstm.pytorch
16,datanews/locator
17,dselivanov/reco
682,drivendata/cookiecutter-data-science
682,demidovakatya/vvedenie-mashinnoe-obuchenie
95,demidovakatya/mashinnoye-obucheniye
4250,davidmerfield/randomColor
81,deviantony/xtrabackup-scripts
388,damienbod/AngularWebpackVisualStudio
7861,docker/kitematic
458,darwin-on-arm/xnu
622,daniel-e/tetros
1076,debian-pi/raspbian-ua-netinst
14358,dokku/dokku
131,damianFC/alexa-rubykit
980,diasks2/ruby-nlp
33,dormd/rich-logger-decorator
204,dmpe/R
338,dscape/clarinet
219,dennybritz/startupreadings
2580,dennybritz/deeplearning-papernotes
35,djhocking/Markdown-for-Manuscripts
1185,drichard/mindmaps
286,donal-tong/wechat
2580,dennybritz/deeplearning-papernotes
1253,devsisters/DQN-tensorflow
584,dotnetcore/DotnetSpider
52,dengwanc/Tiger
336,dg/twitter-php
195,dask/dask-searchcv
184,datacamp/datacamp-community-tutorials
1838,data61/fp-course
77,drnic/rubigen
138,danielwertheim/mycouch
39,dustincys/PlutoThesis
473,dogfessional/react-swipeable
1191,dpgaspar/Flask-AppBuilder
2118,davideas/FlexibleAdapter
1948,deano2390/MaterialShowcaseView
14,djsensei/lineup_optimizer
19,dceddia/rando
226,docker/for-win
641,developit/preact-boilerplate
3945,detailyang/awesome-cheatsheet
618,dlew/android-architecture-counter-sample
7692,danialfarid/ng-file-upload
393,deanm/plask
332,danilobellini/audiolazy
70,drivy/jobs
226,datascopeanalytics/traces
2009,deanmalmgren/textract
54,dimitrovskif/SmartCache
4851,donnemartin/awesome-aws
129,dreamhouseapp/dreamhouse-mobile-ionic
173,dduan/needless
46,doterlin/wechat-robot
385,dirkneumann/deepdist
17,daxiongshu/kaggle-review
918,datumbox/datumbox-framework
978,dodgepudding/bootout
166,dribnet/plat
191,domluna/memn2n
37,didiercrunch/vulture
750,dareid/chakram
62,daveismyname/simple-blog-part-1-build
1080,davejamesmiller/laravel-breadcrumbs
7692,danialfarid/ng-file-upload
572,dkim0419/SoundRecorder
35,datacamp/courses-intro-to-python
483,developmentseed/landsat-util
255,dolox/fallback
148,danomatika/ofxPd
13,dbohdan/jimhttp
4420,dtao/lazy.js
269,dotnet/dotnet-docker-samples
48,devfeel/tokenserver
5712,deepstreamIO/deepstream.io
169,docker-library/rabbitmq
15,dunglas/stack2slack
45,digitalocean/digitalocean-cloud-controller-manager
15,deis/k8s-claimer
71,dcu/mongodb_exporter
65,davidmarkclements/fast-safe-stringify
618,deckarep/golang-set
457,desmondmorris/node-tesseract
2245,dabbott/react-express
271,dlrudie/Snip
2379,dixonandmoe/rellax
584,dwyl/learn-tdd
1112,domenic/chai-as-promised
47,denford/TuteCumber
4243,dthree/vorpal
1377,diegohaz/arc
1628,dli/paint
13,dashee87/jobbR
1112,domenic/chai-as-promised
137,deferpanic/deferclient
44,deferpanic/virgo
4221,drapergem/draper
4477,ddollar/foreman
290,dsuryd/dotNetify
37,dbelmont/ExpressionBuilder
834,dotnet/corefxlab
194,dwmkerr/consolecontrol
584,dotnetcore/DotnetSpider
245,dwmkerr/sharpgl
364,dialogflow/dialogflow-android-client
62,dtarb/TauDEM
5911,dc-js/dc.js
303,dkahle/ggmap
223,davidgohel/ReporteRs
490,dariomanesku/cmftStudio
42,dr-matt-smith/unity-5-cookbook-codes
21,drckf/paysage
539,dpayne/cli-visualizer
194,dmlc/tensorboard
18,dominiek/transferflow
24,darlinglele/classification
43,droidwolf/andmon
614,dmlc/minerva
759,dmlc/mshadow
287,douban/paracel
61,daynebatten/keras-wtte-rnn
844,dabeng/OrgChart
44,deldersveld/topojson
1948,deano2390/MaterialShowcaseView
123,dvoiss/literallytoast
459,deano2390/FlowTextView
149,duanhongyi/genius
125,daoluan/decode-Django
259,dabapps/django-email-as-username
19,dunan/MultiVariatePointProcess
972,danielemoraschi/maplace.js
148,datalogue/keras-attention
1838,data61/fp-course
11430,diaspora/diaspora
112,dimpu/angular2-markdown
104,docker-library/haproxy
4119,duemunk/Async
145,dataabc/weiboSpider
98,darlinghq/darling-dmg
93,danielbayley/Ableton-Live-tools
383,dwmkerr/sharpshell
576,dataproofer/Dataproofer
86,designcourse/angular-seo
12,debitoor/safe-json-stringify
65,dunckr/sketch-colorfulgradients
173,dunckr/sketch-subtlepatterns
41,doubco/sketchplugin-align-artboards
192,dan-coulter/phpflickr
424,djangonauts/django-rest-framework-gis
1415,dancormier/react-native-swipeout
1686,dlang/dmd
3999,dariubs/GoBooks
375,dwyl/learn-travis
16,delight-im/PHP-GitScraper
598,daid/LegacyCura
87,davidmoten/xsd-forms
203,danfickle/openhtmltopdf
2298,dataarts/dat.gui
598,daid/LegacyCura
29,data-8/data8assets
33,diyjac/Udacity-SDC-Radar-Driver-Micro-Challenge
2186,davidsandberg/facenet
77,deeperic/SpikeFlow
21,dshahrokhian/YOLO_tensorflow
24,davidflanagan/notMNIST-to-MNIST
2528,datasciencebr/serenata-de-amor
11,duboviy/low_level_programming
123,devsecops/bootcamp
16,dtolabs/rundeck-training
2232,dariusk/corpora
131,deeplearningais/curfil
54,dfeich/org-screenshot
111,dvcrn/sublimious
500,dvcrn/proton
2045,dlew/joda-time-android
1539,drewmccormack/ensembles
94,ddtm/deep-smile-warp
11,dave-newson/ninja-ripper-ms
389,dotansimha/angularjs-dropdown-multiselect
1201,diracdeltas/FastestWebsiteEver
1405,danmar/cppcheck
442,datalib/libextract
128,dgriff777/rl_a3c_pytorch
40,duggalrahul/AlexNet-Experiments-Keras
569,dghubble/sling
24,dib0/HL7Fuse
11,dave-kennedy/clean-html
303,dcaoyuan/chana
549,dmlc/parameter_server
125,davidmarkclements/v8-perf
113,damellis/ESP
1201,diracdeltas/FastestWebsiteEver
25,dirigeants/komada-pieces
16,dirigeants/klasa
316,datatypevoid/vulgar
1882,dmfay/massive-js
151,doctrine/phpcr-odm
495,daylerees/material-peacock
379,danhunsaker/angular-dynamic-forms
2379,dixonandmoe/rellax
27,dsherret/ts-nameof
862,domoticz/domoticz
940,davidferguson/pibakery
312,deepgram/sidomo
1052,dmlc/minpy
593,dotBunny/VSCode
34,dawgeth/CouchBot
268,davidderaedt/SVG-NOW
31,drmikehenry/vim-fontsize
2093,drathier/stack-overflow-import
410,dcos/dcos-vagrant
88,dcos/examples
2322,dfahlander/Dexie.js
1164,dzhou121/gonvim
24,dfelinto/cork-on-blender
18,dsolstad/walkthrough-try2hack.nl
5230,dropwizard/metrics
34,dhruvagarwal/fastsubmit_codechef
253,dpkingma/nips14-ssl
3506,diegomura/react-pdf
295,deeplearningparis/dl-machine
5332,decosoftware/deco-ide
34,devsisters/TCML-tensorflow
50,davidagold/StructuredQueries.jl
47,datadesk/california-2016-election-precinct-maps
171,dasmoth/dalliance
1589,deedy/Deedy-Resume
238,daria-kopaliani/DAContextMenuTableViewController
3191,daltoniam/Starscream
3191,daltoniam/Starscream
2823,dogo/SCLAlertView
213,dangfm/stockChart
20,daxnet/apworks-examples
20,d-collab/zipkin.net
33,d-collab/RabbitMqNext
90,damoqiongqiu/learn-webpack
128,deboyblog/vue-wechat-title
22,dadi/cdn
15,daemon3000/Brainiac
938,dotnet/home
113,dreling8/Nop.Framework
104,dotnetprojects/WpfToolkit
3945,detailyang/awesome-cheatsheet
988,dodyg/practical-aspnetcore
279,davideicardi/DynamicExpresso
351,devbridge/BetterCMS
17,dei79/netsparkle
166,dmytrodanylyk/template
535,derekargueta/Android-Interview-Questions
3336,davemorrissey/subsampling-scale-image-view
4421,daimajia/NumberProgressBar
766,dternyak/React-Redux-Flask
123,dvoiss/literallytoast
3336,davemorrissey/subsampling-scale-image-view
1715,dmilicic/Android-Clean-Boilerplate
2944,devtools-html/debugger.html
2317,dongjunkun/DropDownMenu
4421,daimajia/NumberProgressBar
730,dmstr/yii2-adminlte-asset
1581,dexafree/MaterialList
507,dalong982242260/AndroidCalendar
101,dialex/JCDP
15,dinke/curl_http_client
69,datacamp/datacamp_facebook_live_nlp
123,dvoiss/literallytoast
409,discordapp/airhornbot
34,dalinhuang99/GitHubFollowingHack
273,danielecook/Awesome-Bioinformatics
65,davismcc/archive-scater
568,davidgilbertson/know-it-all
6484,dularion/streama
1166,developit/express-es6-rest-api
1157,dissimulate/Tearable-Cloth
14,dmp/zip4j
1081,dmlc/nnvm
22,draperjames/qtpandas
128,dataquestio/solutions
4851,donnemartin/awesome-aws
309,davidshariff/computer-science
1313,databricks/scala-style-guide
21,dshahrokhian/YOLO_tensorflow
2186,davidsandberg/facenet
38,dot27/temporal-tessellation
33,drasmuss/hessianfree
56,doomie/HessianFree
34,dshieble/Music_RNN_RBM
303,dennybritz/rnn-tutorial-gru-lstm
34,divelab/dtn
81,dengdan/seglink
33,diyjac/Udacity-SDC-Radar-Driver-Micro-Challenge
2186,davidsandberg/facenet
262,daviddao/awesome-very-deep-learning
20,diegoperini/py-common-scheduling-algorithms
1056,devlint/gridlex
38,dilicode/LetsChat
614,dmlc/minerva
559,databricks/tensorframes
5230,dropwizard/metrics
25,dxsooo/ImageCrawl
13,dreampulse/computer-modern-web-font
4711,dieulot/instantclick
491,devnag/pytorch-generative-adversarial-networks
482,dmlc/mxnet-notebooks
67,dacez/dcd
246,dmlc/rabit
161,dustinvtran/latex-templates
20,debrouwere/python-omniture
238,dgoodwin/tito
46,datacarpentry/python-ecology-lesson
69,datacamp/datacamp_facebook_live_nlp
797,d4t4x/data-selfie
3025,denysdovhan/bash-handbook
3999,dariubs/GoBooks
845,dnouri/nolearn
15,danpovey/pocolm
47,dspavankumar/keras-kaldi
94,demilich1/metastone
83,defshine/message-board
12,dshieble/Tensorflow_Deep_Taylor_LRP
200,dukeland/EasyJSWebView
447,douban/rexxar-ios
2186,davidsandberg/facenet
2186,davidsandberg/facenet
49,dmpayton/foaas-python
26,dwayne/haskell-programming
645,daijifeng001/R-FCN
355,da03/Attention-OCR
376,douban/libmc
533,djyde/ToProgress
7692,danialfarid/ng-file-upload
43,ddsky/chatbot
25,daniellmb/SharpSpin
48,dkandalov/friday-mario
36,dominicwilliams/instant-dapp-ide
7348,dthree/cash
7692,danialfarid/ng-file-upload
40,daviddt/angular2-form-validation-example
7692,danialfarid/ng-file-upload
517,defuse/password-hashing
1947,danwrong/restler
16,daronyondem/mvp-api-dot-net
529,delta98/ionic-material-design-lite
1166,developit/express-es6-rest-api
31,danbarua/Nancy.Hal
64,drumaddict/angular-music-db
12,duncanhunter/AngularJS-TypeScript-DevSuperPowers
1082,dojo/dojo
844,dabeng/OrgChart
265,diy/jquery-emojiarea
142,devSchacht/translations
1372,dogecoin/dogecoin
44,discordapp/discord-oauth2-example
107,devCrossNet/universal-cli
1827,djaiss/mapsicon
456,doctrine/migrations
471,dzharii/awesome-typescript
6484,dularion/streama
3371,dhamaniasad/HeadlessBrowsers
2080,developit/mitt
626,developit/snarkdown
35,ducha-aiki/LSUV-keras
278,daattali/shinyjs
268,downthemall/downthemall
350,dfm/daft
383,ducha-aiki/caffenet-benchmark
1145,daveray/seesaw
1181,deeplearning4j/nd4j
246,dengste/org-caldav
180,djcb/sauron
1838,data61/fp-course
72,daxiongshu/light-ffm
28,dgryski/go-gk
259,dselsam/certigrad
175,dmlc/difacto
232,devongovett/fontkit
495,daylerees/material-peacock
287,douban/paracel
1552,dani-gavrilov/GDPerformanceView-Swift
20,dani4/ZBarWin64
1201,diracdeltas/FastestWebsiteEver
2656,defunkt/gist
74,dhylands/rshell
6447,date-fns/date-fns
1505,danvk/source-map-explorer
1436,debugger22/github-audio
630,dailydrip/firestorm
16,dpordomingo/js-react-starting-kit
51,deepsound-project/samplernn-pytorch
108,dbohdan/embedded-scripting-languages
535,derekargueta/Android-Interview-Questions
15,dougritter/marvel-kotlin-mvvm-databinding
118,dwarvesf/glod-cli
1710,dobtco/formbuilder
1205,deptofdefense/code.mil
37,dkpro/dkpro-similarity
95,dougmccune/shp2stl
104,dawnbreaks/NettyRPC
166,dylanmei/docker-zeppelin
11,davidtmiller/jekyllthemes
30,dtsepelev/meteor-up-letsencrypt
164,davidferguson/pibakery-blocks
2080,developit/mitt
249,duliodenis/cs193p-Spring-2016
985,dmotz/thing-translator
571,deepforge-dev/deepforge
24,dfelinto/cork-on-blender
1947,danwrong/restler
584,dwyl/learn-tdd
324,dji-sdk/Onboard-SDK
40,dylanmei/packer-windows-templates
100,dojo/meta
766,dternyak/React-Redux-Flask
27,donothingloop/rtl_heatmap
27,dhogborg/rtl-gopow
23,ddcc/d3-waterfall
389,demantz/RFAnalyzer
16,danpla/pindl
72,databricks/Spark-The-Definitive-Guide
1313,databricks/scala-style-guide
783,drupal-composer/drupal-project
247,district0x/ethlance
2057,dbohdan/structured-text-tools
13,diatomic/tess2
26,dpolivy/hbs-utils
325,darksigma/Fundamentals-of-Deep-Learning-Book
32,denysdovhan/oceanic-next-gnome-terminal
106,denysdovhan/one-gnome-terminal
95,dingram/jsmidgen
42,denali-js/denali
630,dailydrip/firestorm
5934,datproject/dat
1349,dbacinski/Design-Patterns-In-Kotlin
484,dfinke/ImportExcel
442,distcc/distcc
1415,dancormier/react-native-swipeout
40,doficia/project-cordon-sprites
73,dodo/node-raphael
19,danielo515/TW5-auto-publish2gh-pages
56,defaultxr/defaultxrs-pd-abstractions
525,dmulholland/ivy
542,drewrwilson/toolsforactivism
421,davheld/GOTURN
37,donmccurdy/three-gltf-viewer
1508,docker/toolbox
12,dominik-sze/Codility
17,dstar55/100-words-design-patterns-java
45,daseyb/Spriter2Unity
4602,deployd/deployd
1628,dotnet/csharplang
52,daveliepmann/vdquil
14,djc/fixlib
73,dotMorten/NmeaParser
374,denizyuret/Knet.jl
988,dodyg/practical-aspnetcore
48,dbrattli/aioreactive
30,davewx7/citadel
592,discordapp/discord-api-docs
639,dcos/minuteman
1798,dcos/dcos
78,duliang123/SST
1123,dlundquist/sniproxy
18,devananda/python-redfish
76,d3/d3-3.x-api-reference
200,djyt/cannonball
13,dankrause/chrome-pagerduty
146,d3/d3-sankey
3343,deepstreamIO/golden-layout
1947,danwrong/restler
16,daronyondem/mvp-api-dot-net
206,dmolsen/Throttle
141,d3/d3-interpolate
64,drumaddict/angular-music-db
751,dantrain/react-stonecutter
67,dflydev/es-cqrs-broadway-workshop
3506,diegomura/react-pdf
1445,devbridge/Styleguide
389,dotansimha/angularjs-dropdown-multiselect
447,danielepiccone/ng-pageslide
371,d-oliveros/ngSticky
352,dmachat/angular-webpack-cookbook
25,dashedstripes/zendesk-node-api
462,davglass/license-checker
529,delta98/ionic-material-design-lite
1166,developit/express-es6-rest-api
15,dariuszdziuk/wordnet
5911,dc-js/dc.js
86,dariubs/rtlmd
65,dsasmblr/hacking-online-games
356,devttys0/ida
143,dimiro1/banner
5332,decosoftware/deco-ide
2232,dariusk/corpora
4243,dthree/vorpal
142,devSchacht/translations
36,district0x/cljs-web3
494,danielsz/system
13,datascience-python/data-science-roadmap
15,denismo/DynamoFS
996,django-import-export/django-import-export
53,devtools-html/devtools-core
126,docker/docker-credential-helpers
1201,diracdeltas/FastestWebsiteEver
18,dekstop/vcvrackplugins_dekstop
780,dustinvtran/ml-videos
754,dherault/serverless-offline
95,dingram/jsmidgen
960,danqing/2048
33,dannycabrera/Get-iOS-Model
2473,dspinellis/unix-history-repo
1616,dmitric/DLCImagePickerController
31,damucz/timelinefx
439,drakeet/LayoutFormatter
35,duheng/Mozi
2129,developit/unfetch
447,douban/rexxar-ios
645,dopcn/DOPDropDownMenu
697,danielamitay/iOS-App-Performance-Cheatsheet
4013,devinross/tapkulibrary
1505,danvk/source-map-explorer
61,deniskyashif/ssfst
471,discordapp/manifold
259,dselsam/certigrad
1166,developit/express-es6-rest-api
2129,developit/unfetch
4221,drapergem/draper
1232,devinus/poison
17,dawndiy/gotop
881,divio/django-filer
164,digitalocean/heartbot
985,dmotz/thing-translator
11,dockerizmir/docker-resources
776,dockersamples/example-voting-app
34,dileep98490/A-simple-Search-Engine-in-Python
1153,dalelotts/angular-bootstrap-datetimepicker
52,delight-im/PHP-Cookie
71,dariusz-wozniak/List-of-Testing-Tools-and-Frameworks-for-.NET
523,dotnetcore/CAP
523,dotnetcore/CAP
269,dotnet/dotnet-docker-samples
1808,dotnet-state-machine/stateless
27,dgriffen/WhackWhackTerminal
988,dodyg/practical-aspnetcore
446,dalboris/vpaint
232,devongovett/fontkit
103,dorajistyle/goyangi
720,drojdjou/J3D
129,danprado/easyweather
338,danielpalme/IocPerformance
76,demoNo/ParallaxViewPager
772,diegocard/awesome-html5
356,dwyl/learn-redux
127,duolingo/rtl-viewpager
55,dbrgn/drf-dynamic-fields
47,doppllib/DroidconDopplExample
11,douglas-queiroz/UIViewWithRoundedCornersAndShadow
211,djuarez/Kotlin-CleanArchitecture
1349,dbacinski/Design-Patterns-In-Kotlin
1043,dlazaro66/QRCodeReaderView
2045,dlew/joda-time-android
4107,danielzeller/Depth-LIB-Android-
2317,dongjunkun/DropDownMenu
1325,dart-lang/sdk
79,dgryski/interesting-papers
363,dimka665/awesome-slugify
214,dnl-blkv/mcdowell-cv
67,dougz/trueskill
156,dieforfree/edsebooks
110,duckduckgo/Android
1589,deedy/Deedy-Resume
513,dewarder/HoldingButton
2298,dataarts/dat.gui
191,docker-library/buildpack-deps
55,dwhitena/gophernet
3386,donnemartin/saws
92,domoritz/leaflet-maskcanvas
5712,deepstreamIO/deepstream.io
148,d0k3/SafeB9SInstaller
247,district0x/ethlance
45,dry-rb/dry-web-blog
757,datastax/python-driver
146,dfu-programmer/dfu-programmer
278,daattali/shinyjs
26,dbdahl/rscala
63,digitalcraftsman/hugo-strata-theme
100,data-8/datascience
959,disintegration/gift
1332,d3/d3-queue
124,deepmind/dqn
642,dowsnature/dowsDNS
147,deeplearning4j/DataVec
552,databricks/spark-deep-learning
1043,dlazaro66/QRCodeReaderView
287,deadalnix/pixel-saver
90,dryc/libc11
28,dominictarr/presentations
3999,dariubs/GoBooks
614,dmlloyd/openjdk
14,dhenkes/vue2-ace
39,dannote/socks-nginx-module
53,dimroc/reveal.js-threejs
266,d3/d3-force
292,daattali/addinslist
209,dmsl/anyplace
1368,dthree/addict
2483,dahlbyk/posh-git
23,dwyl/autocomplete
79,dscape/spell
72,databricks/Spark-The-Definitive-Guide
1349,dbacinski/Design-Patterns-In-Kotlin
584,dwyl/learn-tdd
375,dwyl/learn-travis
1984,dvyukov/go-fuzz
473,dwyl/learn-aws-lambda
34,datagovsg/beeline-frontend
289,davidchua/pymessenger
766,dternyak/React-Redux-Flask
23,danielstern/advanced-redux
692,dreamfactorysoftware/dreamfactory
202,dennyferra/TypeWatch
145,dwyl/learn-tachyons
113,dsternlicht/RESTool
47,dearrrfish/browser-sugar-alfredworkflow
122,dougjohnston/angular-drum-machine
27,davidhq/SublimeEthereum
569,dropbox/css-style-guide
113,dreamhost/varnish-vcl-collection
117,dlunion/mtcnn
2186,davidsandberg/facenet
134,darwin/csv2json
779,desmondmorris/node-twitter
107,danmandle/JSON2CSV
221,databricks/spark-training
552,databricks/spark-deep-learning
72,databricks/Spark-The-Definitive-Guide
100,data-8/datascience
206,dueros/dcs-sdk-java
32,dhruvagarwal/geekometer
2068,dinbror/blazy
6013,dbcli/pgcli
1298,denkGroot/Spina
34,devsisters/TCML-tensorflow
647,digi604/django-smart-selects
190,django-webtest/django-webtest
95,dingram/jsmidgen
107,drsimonj/corrr
20,danielflower/app-runner
38,drewabbot/kaggle-seizure-prediction
63,dengcai78/MatlabFunc
64,dhalperi/linux-80211n-csitool-supplementary
2093,drathier/stack-overflow-import
48,dadosgovbr/catalogos-dados-brasil
355,da03/Attention-OCR
81,dengdan/seglink
158,dataegret/pg-utils
11,deepmind/AQuA
1287,datastax/spark-cassandra-connector
12,datadotworld/dw-jdbc
23,deepsense-ai/seahorse
24,databricks/benchmarks
253,danielfrg/pelican-ipynb
552,databricks/spark-deep-learning
2186,davidsandberg/facenet
34,davidthaler/Walmart_competition_code
57,dask/s3fs
6013,dbcli/pgcli
34,devsisters/TCML-tensorflow
130,davidsbatista/Annotated-Semantic-Relationships-Datasets
60,dnc1994/Kaggle-Playground
57,dhaval1406/SQL
51,deepsound-project/samplernn-pytorch
635,defaultnamehere/tinder-detective
266,d3/d3-force
2186,davidsandberg/facenet
103,denehyg/reveal.js-menu
13,dodysw/fpopclient
149,devnacho/react-native-music-player
152,dpwe/audfprint
72,darkskyapp/pngparse
96,dtysky/FPGA-Imaging-Library
45,dawsonjon/Chips-2.0
45,dennybritz/booknotes
269,derjanb/hamiyoca
3386,donnemartin/saws
30,dob/auctionhouse
2709,docker/docker-bench-security
1682,dropbox/djinni
382,dermotte/LIRE
679,datamade/usaddress
528,databricks/spark-sklearn
34,devsisters/TCML-tensorflow
360,dadoonet/fscrawler
99,distillpub/post--augmented-rnns
221,dannyneil/public_plstm
552,databricks/spark-deep-learning
6013,dbcli/pgcli
5712,deepstreamIO/deepstream.io
69,datacamp/datacamp_facebook_live_nlp
16,dmcinnes/dead-valley
5441,docopt/docopt
93,d11wtq/dockerpty
130,djowel/spirit_x3
1407,dropbox/json11
521,darkerk/v2ex
164,dhuertas/AES
1478,dlitz/pycrypto
75,dlau/mineye
73,dckc/MidasWWW
14,daishengdong/WordSimilarity
161,dustinvtran/latex-templates
39,dongb5/GAN-Timeline
1081,dmlc/nnvm
324,dennybritz/tf-rnn
552,databricks/spark-deep-learning
23,deepsense-ai/Distributed-BA3C
18,dsanno/chainer-vae-gan
37,davechurchill/StarcraftAITournamentManager
2186,davidsandberg/facenet
63,dengcai78/MatlabFunc
793,dain/leveldb
18,dln/zookeeper_exporter
502,dropbox/PyHive
2186,davidsandberg/facenet
16,dbpedia/DataId-Ontology
127,datitran/face2face-demo
30,devunt/PassiveX
2093,drathier/stack-overflow-import
27,danielsz/system-dependency-injection
93,davidgohel/officer
44,deldersveld/topojson
92,datameet/maps
93,davidgohel/officer
16,denysdovhan/learnyouhtml
3025,denysdovhan/bash-handbook
104,dahtah/imager
69,datacamp/datacamp_facebook_live_nlp
24,databricks/benchmarks
512,dpallot/simple-websocket-server
23,deimosfr/ansible-coreos-kubernetes
134,diracdeltas/signal-muon
6447,date-fns/date-fns
757,datastax/python-driver
296,datastax/php-driver
36,d3/d3-dispatch
1798,dcos/dcos
17,dmitryme/erlang_fast
218,dockersamples/atsea-sample-shop-app
18,dolaameng/deeplearning-exploration
156,douban/tfmesos
38,drewabbot/kaggle-seizure-prediction
2186,davidsandberg/facenet
35,ducha-aiki/LSUV-keras
101,dynsdjs/dynsdjs
359,deluge-torrent/deluge
559,databricks/tensorframes
453,dylanaraps/pywal
1072,docker-slim/docker-slim
512,datamade/parserator
679,datamade/usaddress
313,databricks/spark-corenlp
331,dataversioncontrol/dvc
79,dominiek/deep-base
4095,dinedal/textql
239,digital-dreamer/blockchain-programming
105,dakrone/eos
69,datacamp/datacamp_facebook_live_nlp
19,danielkza/h2scala
246,deeplearning4j/ScalNet
11,denadai2/energyUva
243,deeplearning4j/nd4s
320,dwyl/learn-nightwatch
247,debasishg/frdomain
1052,dmlc/minpy
780,dustinvtran/ml-videos
780,dustinvtran/ml-videos
41,dbrodie/AdBuster
6484,dularion/streama
15,ddurdle/GoogleDrive-VideoStream
23,dou4cc/MEOW
642,dowsnature/dowsDNS
134,diracdeltas/signal-muon
338,datasets/country-codes
13,dou4cc/2017hosts
756,danigb/tonal
86,danigb/soundfont-player
19,danigb/scorejs
375,drcoms/drcom-generic
107,developit/preact-virtual-list
161,duaraghav8/Solium
178,delvedor/find-my-way
1482,discoproject/disco
724,django-nonrel/mongodb-engine
232,drone/drone-wall
148,dhleong/ps4-waker
194,danielfrg/tsne
326,dmlc/mxnet.js
131,danqi/rc-cnn-dailymail
61,deniskyashif/ssfst
1508,docker/toolbox
218,dockersamples/atsea-sample-shop-app
13,destan/spring-rest-template
5712,deepstreamIO/deepstream.io
811,dwyl/html-form-send-email-via-google-script-without-server
1201,drewm/mailchimp-api
134,dherges/ng-packagr
766,dternyak/React-Redux-Flask
23,danielstern/advanced-redux
731,doubleleft/hook
13,dathlin/ClientServerProject
50,doPanic/PanicAR-android
157,dkovar/analyzeMFT
578,deephacks/awesome-jvm
1059,dagwieers/unoconv
345,davidjbradshaw/image-map-resizer
271,dncuug/X.PagedList
447,dn2a/dn2a-javascript
244,dready92/PHP-on-Couch
34,dongfangshangren/Zplayer
205,dimiro1/ipe
210,danderu/learn-webpack
35,drinking/SwiftAPI
76,danielzak/sl-quant
1081,dmlc/nnvm
76,dsheiko/HTML5-Form-Shim
48,dsheiko/PragmaticPlayerJs
1112,domenic/chai-as-promised
26,dsheiko/cjsc
143,defunctzombie/node-url
436,dlapiduz/certbot-s3front
1483,dvlden/Vidage
24,davidpthomas/vim4rally
3506,diegomura/react-pdf
309,davidshariff/computer-science
56,devongovett/exif-reader
141,d-pac/restful-keystone
73,dckc/MidasWWW
119,decred/atomicswap
615,darkwallet/darkwallet
106,dockerfile/haproxy
2093,drathier/stack-overflow-import
101,dynsdjs/dynsdjs
178,delvedor/find-my-way
195,dockerfile/redis
62,daviddt/angular2-lazy-load-example
355,dancancro/great-big-example-application
5911,dc-js/dc.js
1377,diegohaz/arc
28,dfkaye/where.js
58,devigner/docker-compose-php
1628,dotnet/csharplang
43,dotnet-presentations/dotnetcore-workshop
457,desmondmorris/node-tesseract
18,damienbod/AspNetCoreMvcAngular
27,dgriffen/WhackWhackTerminal
1383,danielkummer/git-flow-cheatsheet
431,dyne/Tomb
986,dcodeIO/bcrypt.js
126,danielfm/pybreaker
76,denivip/ios-vast-player
95,davideast/hnpwa-firebase
459,dudeonthehorse/kilogram
44,drewbkoch/gmail
22,densh/typelog
510,densh/scala-offheap
1004,dekuNukem/Nintendo_Switch_Reverse_Engineering
1628,dotnet/csharplang
177,diederikdehaas/rtl8812AU
2080,developit/mitt
228,danog/MadelineProto
66,docker-library/redmine
4230,docker/machine
3609,dhamaniasad/awesome-postgres
65,drewjbartlett/vue-switches
240,dougblack/dotfiles
3789,doctrine/doctrine2
394,dwyl/start-here
15,detaybey/WrapYoutubeDl
916,david-sabata/web-scrobbler
11,dysfunc/eleven
3789,doctrine/doctrine2
900,dyc87112/SpringCloud-Learning
1677,denysdovhan/spaceship-zsh-theme
46,danbovey/EmojiPanel
29,darrenferguson/workflow-for-dot-net
176,dobarkod/cookie-banner
22,diglin/Diglin_Username
1305,dimsav/laravel-translatable
1018,dollarshaveclub/stickybits
435,dotphiles/dotphiles
4909,davatron5000/Lettering.js
97,danielstjules/blankshield
3111,documentationjs/documentation
126,dollarshaveclub/ember-router-scroll
543,dysfunc/ascii-emoji
99,dbyler/omnifocus-scripts
19,dklem/Alfred2-ExpanDrive
6013,dbcli/pgcli
30,darkskyapp/binary-search
46,danbovey/EmojiPanel
779,desmondmorris/node-twitter
47,dialogs/dialog-web-components
291,damienbod/AspNet5IdentityServerAngularImplicitFlow
75,daniel-nagy/fixed-table-header
79,dschulten/hydra-java
601,davidmarkclements/0x
49,dsherret/ts-simple-ast
41,ddomingues/X-SlickGrid
14,davitv/chance
42,dalestone/angular2-gantt
61,davidhu2000/react-spinners
30,dask/dask-drmaa
161,duaraghav8/Solium
1201,diracdeltas/FastestWebsiteEver
120,dobin/lxd-webgui
510,djadmin/medium-cli
1436,debugger22/github-audio
13,dunnkers/ember-polymer
300,documize/community
410,dcos/dcos-vagrant
134,diracdeltas/signal-muon
265,datproject/dat-desktop
34,datagovsg/beeline-frontend
2157,decaffeinate/decaffeinate
177,davecheney/gpio
123,django-salesforce/django-salesforce
228,danog/MadelineProto
1081,dmlc/nnvm
3450,diogobernardino/WilliamChart
756,danigb/tonal
15,dpschen/kirby-plyrtag
111,duckduckgo/duckduckcrawl
1201,diracdeltas/FastestWebsiteEver
397,dibyendumajumdar/ravi
113,damellis/ESP
2642,dylang/shortid
78,devsisters/neural-combinatorial-rl-tensorflow
306,dan200/ComputerCraft
45,defold/defold-examples
3999,dariubs/GoBooks
1303,duckduckgo/duckduckgo
248,dalibo/hypopg
27,dry-rb/dry-monitor
96,deepmind/xitari
34,devsisters/TCML-tensorflow
638,declandewet/common-tags
60,digidotcom/XBeeJavaLibrary
4555,davatron5000/FitVids.js
816,daattali/beautiful-jekyll
645,dirkfabisch/mediator
291,damienbod/AspNet5IdentityServerAngularImplicitFlow
426,danawoodman/react-fontawesome
38,durul/My-Medium-Articles
610,developit/decko
352,dmachat/angular-webpack-cookbook
2901,deepsyx/home-automation
2093,drathier/stack-overflow-import
320,dwyl/learn-nightwatch
134,dherges/ng-packagr
436,diegoddox/react-redux-toastr
601,davidmarkclements/0x
2528,datasciencebr/serenata-de-amor
1628,dotnet/csharplang
523,dotnetcore/CAP
586,domchristie/humps
162,d4nyll/smartscroll
92,deanishe/alfred-fixum
43,dazuma/erl2ex
29,dakk/jquery-multilang
113,dsternlicht/RESTool
16,dynamicwebpaige/azure-workshop
12,dotnet-architecture/eShopModernizing
81,dworthen/js-yaml-front-matter
134,dherges/ng-packagr
42,dalestone/angular2-gantt
2298,dataarts/dat.gui
107,datatypevoid/ng2-mean-webpack
435,danpaz/bodybuilder
1422,danmactough/node-feedparser
355,dancancro/great-big-example-application
1628,dotnet/csharplang
355,dancancro/great-big-example-application
98,docker-library/cassandra
193,duckduckgo/cpp-libface
1562,doxygen/doxygen
686,dustinblackman/Championify
572,duereg/js-algorithms
730,dmstr/yii2-adminlte-asset
988,dodyg/practical-aspnetcore
169,dropbox/dropbox-sdk-dotnet
20,dialogflow/dialogflow-cpp-client
76,danielzak/sl-quant
453,dylanaraps/pywal
3191,daltoniam/Starscream
2080,developit/mitt
336,douglascrockford/TheJavaScriptEncyclopedia
710,datarhei/restreamer
79,dharness/react-chat-window
3506,diegomura/react-pdf
6447,date-fns/date-fns
44,dotnetcore/Natasha
323,dotnetcore/NPOI
3450,diogobernardino/WilliamChart
107,devCrossNet/universal-cli
473,dwyl/learn-aws-lambda
166,dufferzafar/cheat
283,droidchef/uberprogressview
1436,debugger22/github-audio
110,duckduckgo/Android
283,droidchef/uberprogressview
1589,deedy/Deedy-Resume
88,despo/issuehub.io
15,dnohales/battery-percentage-extension
60,dilpreet96/fragmenter
736,declandewet/vue-meta
66,dask/dask-xgboost
35,django/django-box
6013,dbcli/pgcli
34,dr-leo/pandaSDMX
214,dotfloat/steam-appmanifest
68,dominiek/python-bhtsne
43,ddsky/chatbot
769,datazenit/sensei-grid
250,djchie/react-native-star-rating
173,denghongcai/forsaken-mail
174,docker-library/ghost
453,dylanaraps/pywal
88,dwyl/learn-environment-variables
394,dwyl/start-here
66,dask/dask-xgboost
40,davidastephens/pandas-finance
71,datquocnguyen/LFTM
1867,dokan-dev/dokany
6484,dularion/streama
207,dask/dask-tutorial
80,dparlevliet/node.bittrex.api
31,dusty-nv/ros_deep_learning
195,ds300/patch-package
142,daryllxd/lifelong-learning
34,datagovsg/beeline-frontend
61,davidhallac/TICC
900,dyc87112/SpringCloud-Learning
391,dibbhatt/kafka-spark-consumer
32,dontfollowmeimcrazy/imagenet
6013,dbcli/pgcli
29,deyuhua/xv6-book-chinese
169,dita-ot/dita-ot
2529,dempfi/ayu
27,developmentseed/planet-stream
138,dictcp/awesome-git
184,ddsol/speedtest.net
91,denji/awesome-http-benchmark
6013,dbcli/pgcli
597,django-polymorphic/django-polymorphic
35,dask/dask-ml
66,dask/dask-xgboost
1368,dthree/addict
39,daudmalik06/PhpChromeToPdf
17,delaroy/AndroidFirbaseChat
754,dherault/serverless-offline
26,devanlai/dapboot
13,devanlai/webdfu
27,deanspring/Win7SP1x64UpdatesBatchSolution
1648,divshot/geo-bootstrap
471,dmlc/dmlc-core
583,danginsburg/opengles3-book
117,dlunion/mtcnn
40,dorkbox/UDT
525,dave/jennifer
167,deiwin/picasso
1043,dlazaro66/QRCodeReaderView
2045,dlew/joda-time-android
126,devopsfaith/krakend
988,dodyg/practical-aspnetcore
467,docker/for-mac
15,damienbod/AspNetCoreAngularSignalR
18,danielcrenna/naivecoin
32,diamont1001/jrQrcode
112,dvajs/dva-hackernews
237,davisonio/awesome-gif
3346,django-extensions/django-extensions
113,dreamhost/varnish-vcl-collection
103,douglascraigschmidt/Android-App-Development
55,duckduckgo/duckduckhack-docs
165,dj3500/hightail
1393,digitalfruit/limejs
100,devingray/laravel-api-boilerplate
375,dialogflow/dialogflow-python-client
59,deltachat/deltachat-core
454,dfkt/firefox-tweaks
225,diegoceccarelli/json-wikipedia
391,dbpedia/extraction-framework
245,dpa99c/phonegap-launch-navigator
1052,dequelabs/axe-core
21,deonclem/angular-webpack-typescript
1332,d3/d3-queue
229,darcyclarke/rawkit
1201,diracdeltas/FastestWebsiteEver
11,deepmind/AQuA
34,devsisters/TCML-tensorflow
1206,digitalocean/doctl
181,dominictarr/level-sublevel
1502,dhotson/springy
314,developit/preact-router
31,developit/react-router-4-test
170,developit/preact-redux
39,deepfield/dnsflow
49,ddellacosta/friend-interactive-form-tutorial
49,deep-learning-indaba/practicals2017
18,davidsbatista/BREDS
27,davidguttman/node-dataframe
3203,defunkt/dotjs
1906,diesel-rs/diesel
61,dlebrero/wireshark-plantuml
261,dkandalov/kotlin-99
921,daleroberts/itermplot
161,diogo-fernan/malsub
206,dunbarcyber/cyphon
215,datamachine/twx.botapi
208,docker-library/tomcat
33,davyxu/actornet
328,davidB/scala-maven-plugin
18,dsindex/segm-lstm
67,ddliu/motto
413,django-haystack/pysolr
2278,django-haystack/django-haystack
514,dalmatinerdb/dalmatinerdb
185,dgryski/go-tsz
364,dgrubelic/vue-authenticate
52,dcposch/blakejs
36,dchest/fast-sha256-js
1740,detro/ghostdriver
78,dgilland/sqlservice
122,decentfox/tulipcore
88,doctrine/oxm
655,domenic/promises-unwrapping
133,duolingo/halflife-regression
1035,dustingetz/react-cursor
91,dima117/Chart.Scatter
21,dergraaf/avr-can-lib
166,dcjones/hat-trie
500,dasmith/stanford-corenlp-python
382,dlwh/epic
26,datagovsg/school-picker
29,datascienceinc/oreilly-intro-to-predictive-clv
149,derekhe/mobike-crawler
121,dmnfarrell/pandastable
45,dreyco676/nlp_spark
441,dockerfiles/django-uwsgi-nginx
15,dobit/tdxProxy
257,dylan-lang/opendylan
306,dtaniwaki/rack-dev-mark
124,dgadiraju/code
166,databricks/spark-sql-perf
23,digitalbond/canbus-utils
26,dseagrav/ld
48,dhutchison/PythonistaScripts
33,drhagen/xkcd11th
53,danielfm/edx-learning-from-data
59,drabastomek/learningPySpark
323,dghubble/go-twitter
206,dicallc/ionic3_angular4_JD
43,dmwyatt/soundswitch
40,dpmb/dpmb
29,deficient/battery-widget
26,dinp/server
76,dssg/data-science-101
17,dssg/MLforPublicPolicy
334,danpaquin/gdax-python
499,dsanson/termpdf
44,dyndna/lanyon-plus
1025,delight-im/Android-AdvancedWebView
36,dvajs/dva-core
31,dasniko/ozark-react
1172,db-migrate/node-db-migrate
52,donglixp/lang2logic
26,dhfbk/tint
60,dpage/redis_fdw
33,dvarrazzo/pgxnclient
43,dask/dask-tensorflow
98,deependersingla/deep_portfolio
99,daxiongshu/tradeshift-text-classification
68,dddoss/tensorflow-socher-ntn
51,digium/swagger-py
578,dtmilano/AndroidViewClient
3904,dgraph-io/dgraph
242,datamountaineer/stream-reactor
26,drbig/snb
83,dwango/mastodon
56,ducttape/ducttape-engine
6190,ducksboard/gridster.js
379,ddobrev/QtSharp
817,dektrium/yii2-user
167,d3/d3-scale-chromatic
77,darshanime/notes
220,dongxiexidian/Chinese
18,dmcgarry/Default_Loan_Prediction
28,debbbbie/awesome-ruby-toolbox
2735,dekatotoro/SlideMenuControllerSwift
71,davidrpugh/pyeconomics
477,danielgtaylor/jpeg-archive
122,dperrymorrow/example-backbone-app
124,dashbuilder/dashbuilder
24,davidsbatista/Aspect-Based-Sentiment-Analysis
349,danethurber/webpack-manifest-plugin
30,devongovett/dfa
19,dreadl0ck/kickoff
204,dstufft/django-passwords
311,derekeder/FusionTable-Map-Template
511,danro/LESS-sublime
75,dawenl/cofactor
1641,daviddrysdale/python-phonenumbers
124,dashbuilder/dashbuilder
1295,designmodo/startup-demo
82,duckietown/Software
2531,domchristie/to-markdown
121,dotledger/dotledger
605,dbpedia-spotlight/dbpedia-spotlight
94,dnmilne/wikipediaminer
19,davidgolub/SimpleQA
1015,datejs/Datejs
121,dailyburn/ratchet
221,darold/ora2pg
50,dalibo/temboard
58,dalibo/ldap2pg
127,dabapps/django-log-request-id
867,deanishe/alfred-workflow
87,deanishe/alfred-searchio
100,distillpub/post--handwriting
220,dongxiexidian/Chinese
1655,devopsgroup-io/vagrant-digitalocean
17,daiguadaidai/nginx_log_parse
272,deepgully/me
28,dalab/pboh-entity-linking
21,daryl/api
11,dongyuwei/tiny-wechat-robot
51,douwekiela/mmfeat
304,djyde/sinatine
146,dapurv5/awesome-question-answering
465,deanwampler/spark-scala-tutorial
251,databricks/spark-perf
198,davidpadbury/node-highcharts
194,duniter/duniter
54,developerworks/hierarchy-data-closure-table
98,deependersingla/deep_portfolio
1206,ded/bonzo
1100,ded/qwery
442,danilop/yas3fs
146,dmquant/chinesecloud
58,dashscar/btc-e_Trade_bot
116,dcaoyuan/aiotrade
65,docker-library/node
105,dmesquita/understanding_tensorflow_nn
576,docker/docker.github.io
85,darlanrod/input-range-scss
121,davidpeckham/sublime-filterlines
100,deepmind/card2code
1427,dloss/python-pentest-tools
3750,dolphin-emu/dolphin
20,daviddao/DeepLearningBook
25,delight-im/Javadoc-to-Markdown
19,develodesign/magento-google-trusted-stores
3750,dolphin-emu/dolphin
26,dbbert/dfn
100,dremio/dremio-oss
107,dmlc/dlpack
22,docker-library/celery
346,dmendel/bindata
282,docker-library/elasticsearch
131,dotlouis/cardboard
169,danielguillan/perf.rocks
2395,donnemartin/haxor-news
310,dronekit/dronekit-python
67,devsnd/python-audiotranscode
32,dominiek/word2vec-explorer
39,dengfy/cs224d
22,danidee10/Votr
71,dwilliamson/donw.io
317,dsc/bunch
44,dimagi/jsonobject
15,dedupeio/affinegap
16,databricks/databricks-cli
54,dannguyen/journalism-syllabi
19,dov/hirsch
11,dineshdaultani/StockPredictions
4340,dropbox/pyston
61,davedash/mysql-anonymous
289,datacamp/datacamp-light
79,deborausujono/word2vecpy
734,dannyfritz/commit-message-emoji
47,devmount/GermanWordEmbeddings
212,datanada/Awesome-Korean-NLP
1124,dogescript/dogescript
374,doloopwhile/PyExecJS
61,dotzero/amocrm-php
134,ddollar/heroku-push
374,doloopwhile/PyExecJS
877,dmolsen/Detector
51,dancingcactus/python-omniture
13,dunan/NeuralPointProcess
30,dorimanx/Dorimanx-LG-G2-D802-Kernel
374,doloopwhile/PyExecJS
11,dineshdaultani/StockPredictions
11,dineshdaultani/StockPredictions
286,discogs/discogs_client
11,dineshdaultani/StockPredictions
39,dhwajraj/NER-RNN
70,drdrsh/interactive-bpann
60,dresden-elektronik/deconz-rest-plugin
99,desarrolla2/Cache
11,dasevilla/asana-alexa-skill
164,dale3h/alexa-skills-list
11,dayjaby/AnkiHub
576,deepgram/kur
30,daormar/thot
222,dadoonet/spring-elasticsearch
4549,dear-github/dear-github
13,dongri/convert-to-utf8
18,dattalab/mongowrapper
94,dmlc/MXNet.cpp
363,d3fc/d3fc
326,daijifeng001/MNC
39,dhwajraj/NER-RNN
79,deborausujono/word2vecpy
41,dhwajraj/deep-text-classifier-mtl
139,dmonopoly/gtest-cmake-example
114,dsindex/syntaxnet
194,dimok789/loadiine_gx2
29,dlunion/CaffeLSTM-OCR
43,d4rken/rootvalidator
164,diefimov/MTH594_MachineLearning
101,daviddao/spatial-transformer-tensorflow
19,datasciencedojo/IntroToTextAnalyticsWithR
131,dji-sdk/Onboard-SDK-ROS
21,diffeo/py-nilsimsa
97,dmlc/keras
361,danluu/UFLDL-tutorial
68,dangoakachan/Remove-Google-Redirection
629,deeplearning4j/dl4j-examples
212,datanada/Awesome-Korean-NLP
32,dwillis/NCAA-API
40,dhylands/upy-examples
12,dknoodle/WUnderground.Net
12,drdhaval2785/SanskritVerb
182,dwiel/tensorflow_hmm
182,dwiel/tensorflow_hmm
1286,donmelton/video_transcoding
47,devmount/GermanWordEmbeddings
18,durandtibo/wildcat.pytorch
85,doonny/PipeCNN
21,dlsys-course/tinyflow
13,dunan/NeuralPointProcess
146,dyelax/encore.ai
76,dexonline/dexonline
347,dgrtwo/tidy-text-mining
505,databricks/reference-apps
15,dialogtekgeek/DSTC6-End-to-End-Conversation-Modeling
42,drizzt/GaiaManager
20,dssg/ushine-learning
208,dhwajraj/deep-siamese-text-similarity
22,deepsense-ai/unblackboxing_webinar
263,dongweiming/commentbox
41,dhwajraj/deep-text-classifier-mtl
173,deeplearningais/CUV
208,dhwajraj/deep-siamese-text-similarity
260,dthpham/butterflow
13,dotkom/OnlineGuru
24,daancode/a-star
41,dhwajraj/deep-text-classifier-mtl
657,dotless/dotless
70,diefimov/santander_2016
146,dickreuter/Poker
31,dart-lang/mockito
210,dart-lang/stagehand
1564,django-mptt/django-mptt
26,dveeden/mysql-history-graph
50,django-oscar/django-oscar-stores
40,dronekit/dronekit-sitl
40,dronekit/dronekit-sitl
92,davidlondono/PlayerView
114,dsindex/syntaxnet
190,durfu/DFURTSPPlayer
14,datagovsg/beeline-routing
2747,davidstutz/bootstrap-multiselect
36,dunn/homebrew-emacs
13,dukebody/pyyahoofinance
1075,dyve/django-bootstrap-toolkit
28,davidandrzej/LogicLDA
103,dcrosta/professor
60,dafrancis/Sublime-Text--cdnjs
45,dgkanatsios/FlappyBirdClone
1891,devxoul/Then
119,davepeck/game-of-go
52,dduk-ddak/coding-night-live
90,ducha-aiki/LSUVinit
19,defans/cmpage
17,dhruvrajvanshi/crystal-parsec
289,doedje/jquery.soap
24,devinaconley/arduino-plotter
210,dukus/digiCamControl
40,dragonfly90/mxnet_Realtime_Multi-Person_Pose_Estimation
34,dixonwille/wmenu
45,danprince/wireworld
519,disconnectme/disconnect
252,dan-zx/rox-android
592,dodger487/dplython
34,dixonwille/wmenu
45,danprince/wireworld
1022,dmlc/cxxnet
43,djk12587/DJKFlipper
285,delannoyk/AudioPlayer
52,dataArtisans/yahoo-streaming-benchmark
13,dwillis/python-espncricinfo
32,datasciencebr/whistleblower
322,datasciencebr/rosie
76,dsteinberg/libcluster
208,dhwajraj/deep-siamese-text-similarity
14,datagovsg/beeline-routing
25,danoli3/ofxOSXBoost
189,dimatura/voxnet
32,dimatura/binvox-rw-py
53,dvornikita/blitznet
13,dhruvin2910/github-feed-burner
146,dyelax/encore.ai
52,dresende/node-sql-query
18,danilobuerger/redux-implicit-oauth2
32,dallascard/TreeLSTM
12,douglasjunior/react-native-easybluetooth-classic
27,drop-out/NonparametricKNN
17,doremi/socket
57,dchest/blake2b
182,darsh2/MultipleImageSelect
244,damoqiongqiu/NiceFish
11,dasom-im/dasom
14,dperson/nginx
837,dbashford/textract
18,dmelgarm/MudPy
841,dlang/phobos
151,dlang-community/D-Scanner
108,dlang-community/dfmt
41,dlang-tour/core
11,doubleplusc/Line-sticker-downloader
156,dundalek/markmap
55,dundalek/atom-markdown-mindmap
53,dotnet-architecture/eShopOnAzure
28,dm6718/RITSAR
330,dropbox/dropbox-sdk-js
653,dli/flow
78,dandelionmane/tf-dev-summit-tensorboard-tutorial
76,dsteinberg/libcluster
244,django-statsd/django-statsd
223,dorian3d/DBoW2
164,diefimov/MTH594_MachineLearning
12,dsuarezv/Netduino-gcode
112,devenbhooshan/graph.js
76,dewy721/EMC-2-Arduino
15,dshieble/Music_RBM
14,davidmoten/fastdtw
119,datasets/edgar
35,dorajam/Convolutional-Network
1223,defaultnamehere/zzzzz
985,docker/libcontainer
119,datasets/edgar
1104,donpark/html2jade
152,docker-library/mariadb
33,dainnilsson/scripts
74,davidB/scala-archetype-simple
271,danielbayerlein/dashboard
107,djour/PyBRML
17,dataiku/PolYamoR
69,davidstutz/superpixels-revisited
60,dougalsutherland/opt-mmd
11,desire2020/SRU-tensorflow
114,dabbott/UberExercise
31,duanyifei/antispider
68,darrenjw/scala-course
1737,dgorissen/coursera-dl
237,davedash/django-fixture-magic
11,dongweiming/Ipynb-viewer
182,dwiel/tensorflow_hmm
165,danirus/django-comments-xtd
1564,django-mptt/django-mptt
503,docker-library/python
347,danfengcao/binlog2sql
376,dylanaraps/dotfiles
232,debugtalk/ApiTestEngine
167,daixianceng/xiaoego.com
618,dashpay/dash
36,drzorm/xxNet
122,donatj/CsvToMarkdownTable
198,devanhurst/ktane_voice
178,django-fluent/django-fluent-dashboard
322,ddiakopoulos/hiduino
17,dnr2/maratona
278,davidoc/taskpaper.vim
319,dianping/zebra
20,dylanlindgren/docker-nginx
16,daxingplay/grunt-css-combo
32,doughsay/room.js
224,dat/pyner
51,dorayo/MoreThaniOS
721,duckduckgo/zeroclickinfo-goodies
37,dtschump/gmic-community
30,defuse/passgen
159,dotnetcore/AspectCore-Framework
19,district0x/name-bazaar
13,draftbk/Android_CounterFinger
578,dylanaraps/wal
144,dongweiming/weapp-zhihulive
21,dpc761218914/Device_Management
633,drduh/YubiKey-Guide
1901,dreamhead/moco
562,dillbyrne/random-agent-spoofer
151,docker-library/docker
292,devfake/flox
90,dlukashev/android-phone-number-with-flags
319,dianping/zebra
16,dumingyou/mysql_repl_repair
45,dekekincaid/nuke.env
482,dreamworksanimation/openvdb
38,dfwyt2011/EverNote
67,dividab/tsconfig-paths
91,datademofun/heroku-basic-flask
40,dsehnal/LiteMol
578,dylanaraps/wal
56,divis1969/android_device_meizu_meilan2
101,devRant/devRant
49,daneah/toyblocks
91,datademofun/heroku-basic-flask
83,dongweiming/Mtime
83,datura-lj/vue_cli_demo
90,debugtalk/AppiumBooster
403,dickwall/subcut
409,devsecops/awesome-devsecops
34,douban-f2e/arkui
171,disoul/electron-cloud-music
28,dwight/bson-cxx
186,donbeave/interview
35,dearcode/crab
133,dearcode/candy
15,devholic/burgerslave
17,dieram3/competitive-programming-library
129,dgorissen/pycel
28,dds-bridge/dds
131,dalerank/nanogui-sdl
400,dmpayton/django-admin-honeypot
12,dliggat/fab_aws
237,datasciencemasters/data
52,dill/beyonce
61,datasciencelabs/2016
17,dummey/ultralight-directory
243,diepm/vim-rest-console
92,digitalpetri/modbus
16,denghongcai/node-lru-addon
394,devlinkcn/ppts_for_idev2016
131,dalgibbard/citrix_xenserver_patcher
68,darkhelmet/ForrestFire
54,diffusionkinetics/open
83,datura-lj/vue_cli_demo
649,davideast/firebase-react-native-sample
184,domfarolino/angular2-login-seed
62,damoqiongqiu/angular2-seed-cn
649,davideast/firebase-react-native-sample
20,defnngj/pyrequest
38,defnngj/guest
12,debugtalk/stormer
20,defnngj/pyrequest
12,debugtalk/stormer
38,defnngj/guest
59,dragonslayerx/Competitive-Programming-Repository
35,digint/tinyfsm
1190,donejs/donejs
49,datacamp/courses-intro-to-r
28,dustinvtran/dotfiles
474,daleharvey/pacman
478,dchest/tweetnacl-js
328,deviantfero/wpgtk
944,dunst-project/dunst
36,danielwhatmuff/zappa
98,dingjibang/GDX-RPG
124,developit/preact-mdl
531,developit/preact-compat
287,davidhampgonsalves/interview-resources
54,disney/disney.github.io
288,disney/go-training
358,dpnishant/jsprime
224,dps/nnrccar
164,dccrazyboy/pyeco
505,datacharmer/test_db
214,david-gpu/deep-makeover
198,debugtalk/JenkinsTemplateForApp
47,dingyaguang117/ImageRecognizeOf58
11,daxnet/Json2DataSet
58,dc3l1ne/Weblogic-Weakpassword-Scnner
171,disoul/electron-cloud-music
20,dokufreaks/plugin-pagelist
3154,dejan/rails_panel
17,danieleds/Asus-UX32VD-Hackintosh
181,dxa4481/Snapper
130,danielberkompas/ex_twilio
447,dustinmoris/Giraffe
18,ddliu/gulp-remote-src
20,deltaskelta/create-react-npm-component
38,dgilland/flask-pushjack
57,dgilland/pushjack
28,dwks/silvius
31,daeken/ReCurta
58,dart-lang/protobuf
13,dequis/wakarimasen
32,davidapple/davemail
105,douban/linguist
354,dockerfile/nginx
108,dfsw/icf
3228,dsxNiubility/SXNews
55,davidear/WYNews
223,devedbox/AXWebViewController
234,durul/Fakery
530,devSC/WSProgressHUD
784,dsxNiubility/Wonderful
273,dingding3w/DHGuidePageHUD
42,deepdevelop/DDSlackFeedback
1310,devxoul/URLNavigator
36,devgj/UIScrollView-demo
21,darkmi/JSPStudy
115,danieleggert/mixed-swift-objc-framework
2220,danielamitay/DACircularProgress
