21,Eusth/IPA
2245,EmpireProject/Empire
95845,EbookFoundation/free-programming-books
95845,EbookFoundation/free-programming-books
1872,EFForg/https-everywhere
593,ErisBlastar/cplusequality
18112,ElemeFE/element
74,EtherDream/myppt
1656,EZLippi/Tinyhttpd
47,EasyDarwin/EasyIPCamera
35,EnigmaHuang/ACM-ICPC-Algorithm
750,EZLippi/WebBench
1025,EtixLabs/cameradar
928,EastWorld/wechat-app-mall
455,Edditoria/markdown-plus-plus
308,Emptyset110/dHydra
89,Eniac-Xie/faster-rcnn-resnet
2893,EsotericSoftware/kryo
21,Ejz/Common
398,ElevenPaths/Eternalblue-Doublepulsar-Metasploit
312,EdOverflow/bugbounty-cheatsheet
312,EdOverflow/bugbounty-cheatsheet
17,EthanCai/linux-system-ops
35,ESAPI/node-esapi
75,ExpLife/Analysis-Tools
420,ElevenPaths/EvilFOCA
312,EdOverflow/bugbounty-cheatsheet
80,Ekultek/Zeus-Scanner
127,EyreFree/EFArticles
112,EthWorks/ethereum.rb
31,EricZimmerman/bstrings
345,EZLippi/EZLippi.github.io
708,EndouMari/TabPageViewController
1458,EZLippi/practical-programming-books
5170,ElemeFE/node-interview
591,EmpireProject/EmPyre
75,Ekultek/Dagon
100,Ehco1996/Python-crawler
125,ElevenPaths/FOCA
1458,EZLippi/practical-programming-books
672,EhsanTang/ApiManager
18,Eadom/ctf_xinetd
197,EmmyLua/IntelliJ-EmmyLua
547,EnableSecurity/wafw00f
294,Eliteams/quick4j
15,EmbedME/USBtinViewer
547,EnableSecurity/wafw00f
23,EvilPort2/SimpleGestureRecognition
255,Ekultek/Pybelt
1531,ElemeFE/cooking
30,Exiv2/exiv2
153,EgeBalci/EGESPLOIT
1132,EsotericSoftware/kryonet
31,EsotericSoftware/kryonetty
1425,EricssonResearch/openwebrtc
1240,EOSIO/eos
475,Eyepea/API-Hour
5845,Eonasdan/bootstrap-datetimepicker
96,Exictos-DCS/watch-your-language
387,EOSIO/Documentation
1240,EOSIO/eos
18,EOSIO/eos-wallet-app
1629,EasyDarwin/EasyDarwin
593,ElemeFE/vue-swipe
191,ESAPI/esapi-java-legacy
15,EmbedME/USBtinViewer
32,EricR/sol-function-profiler
18,EOSIO/eos-wallet-app
126,EvaEngine/Dockerfiles
3227,Eloston/ungoogled-chromium
306,EgeBalci/HERCULES
12,ElevenPaths/uac-a-mola
124,EliverLara/Ant
2048,Ereza/CustomActivityOnCrash
23,EvilPort2/SimpleGestureRecognition
306,EgeBalci/HERCULES
943,Ettercap/ettercap
2048,Ereza/CustomActivityOnCrash
5845,Eonasdan/bootstrap-datetimepicker
175,ElemeFE/postcss-salad
1240,EOSIO/eos
11,EbookFoundation/regluit
71,EbookFoundation/free-science-books
27,Ethan-Yan27/CSAPP-Labs
32,Ethical-H4CK3R/Instagram
20,ElevenPaths/DirtyTooth-RaspberryPi
12,ElevenPaths/uac-a-mola
3227,Eloston/ungoogled-chromium
415,Esri/terraformer
90,EverythingMe/redshift_console
508,EionRobb/skype4pidgin
768,EasyHook/EasyHook
313,Esri/gis-tools-for-hadoop
309,Esri/geometry-api-java
598,Even201314/MRichEditor
134,Ekito/koin
12,EnJens/backupTA
11,EliosMolina/QueryBySingingHumming
12,ElevenPaths/uac-a-mola
15,EtixLabs/RTSPAllTheThings
137,EyreFree/EFMarkdown
766,Eun/DisableMonitor
30,ExpLife/ARPUninstallStringLauncherBypassUac
885,ElemeFE/vue-amap
790,ExcelDataReader/ExcelDataReader
1698,EsotericSoftware/spine-runtimes
17,EmreOvunc/Hacktrick2017
1096,ElemeFE/node-practice
15,Ebookcoin/node-bignum
709,ElementUI/element-starter
20,EiNSTeiN-/chosen-plaintext
973,Eric-Guo/wechat
90,Eniac-Xie/PyConvNet
103,Elv13/radical
1168,Estimote/iOS-SDK
58,Erichain/Front-End-Interview-Points
516,EasyHttp/EasyHttp
1960,EyalAr/lwip
8096,EnterpriseQualityCoding/FizzBuzzEnterpriseEdition
79,ErikRHanson/Problem-Solving-with-Algorithms-and-Data-Structures-Using-Python
22,EnigmaCurry/curlbomb
111,ElanMan/simple-quiz
181,Esri/angular-esri-map
450,EliotAndres/kaggle-past-solutions
756,EddyVerbruggen/Custom-URL-scheme
351,EddyVerbruggen/cordova-plugin-googleplus
22,Enhuiz/flappybird-ql
153,ElemeFE/weex-vue-starter-kit
236,EverythingMe/easy-content-providers
37,EasyCTF/openctf
171,EverythingMe/webp-android
449,Eajy/MaterialDesignDemo
722,EthanRBrown/web-development-with-node-and-express
2264,EvgenyKarkan/EKAlgorithms
35,Elders/Cronus
313,Etar-Group/Etar-Calendar
14,Eronana/CodeforcesPDF
30,EvanStanford/cams
323,Everapps/stripe-rails
282,Eleme-IMF/DRDNetworking
213,ExchangeCalendar/exchangecalendar
978,Ekhoo/Device
35,EasyERP/EasyERP_open_source
155,ElmerCSC/elmerfem
361,ExtremeMart/DeepLearningBook-CN
94,Esri/arcgis-cookbook
59,Esri/geoform-template-js
102,Elecash/angular2-testing
122,EinsteinsWorkshop/BlocksCAD
279,Erkaman/wireframe-world
71,EnvelopSound/EnvelopForLive
2979,EmergingTechnologyAdvisors/node-serialport
11,EmbedME/ISPnub
21,EverythingStays/stay-cli
257,Edzelf/Esp-radio
36,EddyVerbruggen/nativescript-code-push
22,EddyVerbruggen/nativescript-speech-recognition
26,Elfoslav/facebook-clone
313,EllanJiang/GameFramework
200,EYHN/hexo-theme-one
11,ExtremeLearningMachines/ELM-LRF
257,Edzelf/Esp-radio
131,ErnestOrt/Trampoline
13,EclipseXuLu/JiaYuan
1059,EpicGames/Signup
505,ExpressGateway/express-gateway
176,EladBezalel/material2-start
285,ErickTamayo/laravel-scout-elastic
56,EcomDev/EcomDev_Varnish
209,Embroidermodder/Embroidermodder
361,ExtremeMart/DeepLearningBook-CN
22,EmbodiedCognition/py-c3d
2979,EmergingTechnologyAdvisors/node-serialport
151,ErmiyaEskandary/Slither.io-bot
257,Edzelf/Esp-radio
505,ExpressGateway/express-gateway
123,Esri/geodev-hackerlabs
139,Esri/arcgis-osm-editor
813,Esri/esri-leaflet
20,ExodusMovement/coinmarketcap
28,EmmanuelBeziat/vscode-great-icons
88,EderSantana/gumbel
1209,Easyfood/pageAccelerator
225,EventSource/eventsource
22,EasyDarwin/Tools
231,EttusResearch/uhd
2979,EmergingTechnologyAdvisors/node-serialport
107,E2OpenPlugins/e2openplugin-OpenWebif
47,Elijas/auto-youtube-subscription-playlist-2
221,EspressifApp/EsptouchForAndroid
1107,ElaWorkshop/TagListView
264,EyreFree/EFResume
1890,EyreFree/EFQRCode
813,Esri/esri-leaflet
313,EllanJiang/GameFramework
555,EntilZha/PyFunctional
53,Erudika/scoold
106,ErmanSayin/Themely
89,Erudika/para
1037,EvilCult/Video-Downloader
1569,EbTech/rust-algorithms
12,Ejhfast/ProofFrontend
41,Esri/public-transit-tools
132,ElmCast/elm-oracle
99,EasyDarwin/Course
182,EnterpriseDB/mysql_fdw
48,EnterpriseDB/hdfs_fdw
23,EliotBerriot/trax
7970,ElemeFE/mint-ui
99,ElemeFE/keynote
38,EpistasisLab/scikit-mdr
34,EpistasisLab/scikit-rebate
38,EpistasisLab/scikit-mdr
34,EpistasisLab/scikit-rebate
1410,ExpediaInceCommercePlatform/cyclotron
108,ExplorerFreda/Structured-Self-Attentive-Sentence-Embedding
148,EDDiscovery/EDDiscovery
39,EuropeanaNewspapers/ner-corpora
186,EmilHvitfeldt/ggpage
1569,EbTech/rust-algorithms
142,EthVentures/CryptoTracker
86,EasyDarwin/EasyRTMP
51,EvanKrall/cronsul
16,Enlcxx/angular2-resizing-cropping-image
885,ElemeFE/restc
19,EhsanTang/ApiDebug
7970,ElemeFE/mint-ui
270,ElementUI/element-in-laravel-starter
12,Ekito/ng2-cloudinary
22,EddyVerbruggen/nativescript-pluginshowcase
7970,ElemeFE/mint-ui
35,EasyERP/EasyERP_open_source
19,Esri/arcgis-toolkit-sl-wpf
438,EddyVerbruggen/Toast-PhoneGap-Plugin
87,ErgoDox-EZ/docs
24,ErgoDox-EZ/reactor
32,EliverLara/terminator-themes
148,EddyVerbruggen/cordova-plugin-safariviewcontroller
50,EventStore/eventstore-docker
2979,EmergingTechnologyAdvisors/node-serialport
322,EvanHahn/HumanizeDuration.js
2164,EventStore/EventStore
1227,EugenMayer/docker-sync
505,ExpressGateway/express-gateway
1825,Eugeny/terminus
15,EmberConsultingGroup/StyleBundleFallback
177,EddyVerbruggen/cordova-plugin-actionsheet
728,EragonJ/Kaku
56,EchoZuo/ECAuthorizationTools
396,EducationalTestingService/skll
15,EconForge/Dolo.jl
37,Endore8/i-chatbot
200,EYHN/hexo-theme-one
70,EricAlcaide/pysimplechain
7970,ElemeFE/mint-ui
436,ElemeFE/v-charts
41,ExodusMovement/cryptocompare
95,EmbedXj/OperatingSystems.ThreeEasyPieces
79,Eficode/wait-for
272,Eiskis/layers-css
112,EdjeElectronics/OpenCV-Playing-Card-Detector
113,ExtremeMart/DeepLearningBook-ReadingNotes
106,Evolving-AI-Lab/fooling
865,Element-Research/rnn
12,Erik-ly/SprakProject
145,ElPumpo/TinyNvidiaUpdateChecker
28,EpistasisLab/ClinicalDataSources
13,EdinbR/edinbr-talks
54,Evfro/polara
137,ExpansiveWorlds/instrumentedsql
32,EducationalTestingService/discourse-parsing
252,EvilCult/moviecatcher
36,EvolutionRTS/Evolution-RTS
20,EC-CUBE/eccube-vagrant
390,Evolving-AI-Lab/synthesizing
405,Evolving-AI-Lab/ppgn
299,EdinburghNLP/nematus
1258,EasyEngine/easyengine
18,Esri/PySAL-ArcGIS-Toolbox
12,EACH-Lab2017/ACH3778_Governo_Aberto
181,Emagister/zend-form-decorators-bootstrap
47,EliasVansteenkiste/dsb3
225,EWSoftware/VSSpellChecker
202,Elucidation/tensorflow_chessbot
4446,ECSlidingViewController/ECSlidingViewController
99,EdwardTyantov/ultrasound-nerve-segmentation
773,EduardoPires/EquinoxProject
51,ElementUI/theme-default
170,Ehco1996/django-sspanel
30,Engineering-Course/LIP_SSL
12,EACH-Lab2017/ACH3778_Governo_Aberto
56,ElliottLandsborough/dog-ceo-api
11,Ectsang/3D-CNN-Keras
33,EducationalTestingService/python-zpar
225,EWSoftware/VSSpellChecker
23,Edderic/udacity-machine-learning-nanodegree
311,Emotiv/community-sdk
321,EdwardRaff/JSAT
90,EtienneLem/atom-rdio
293,Excel-DNA/ExcelDna
93,EugenePig/ik-analyzer-solr5
124,ErikKalkoken/slackApiDoc
34,ElegantMonkey/mpv-webm
17,EMFTeam/EMF
106,EvilBeaver/oscript-library
32,Estimote/estimote-specs
588,EvanPurkhiser/rEFInd-minimal
43,Ericlong233/girlcrawler
18,EsyaKutuphanesi/esyakutuphanesi
1074,EasyNetQ/EasyNetQ
289,Exim/exim
1871,EnjoySR/ESJsonFormat-Xcode
173,ElemeFE/vue-msgbox
103,EthanOrange/tv
1137,EddyBorja/MLPAutoCompleteTextField
295,EnjoySR/ESPictureBrowser
1606,EddyBorja/EBPhotoPages
32,ErAbhishekChandani/ACProgressHUD
95,EmyWong/PersonalUITech
24,ElemeFE/clouding
38,ElemeFE/crayfish
575,EddyVerbruggen/Calendar-PhoneGap-Plugin
13,ECNU-ICA/ECNU-Online-Judge
199,Ebookcoin/ebookcoin
71,ElemeFE/vscode-element-helper
15,ElementUI/element-font-awesome
43,ElMassimo/request_store_rails
316,EraserKing/CloudMusicGear
15,ElementUI/element-font-awesome
22,EasyIOS/EasyIOS
156,EraserKing/Unblock163MusicClient
46,EsharEditor/ambari-hue-service
16,Emergya/peer
106,Esri/arcgis-python-api
33,ElijahGlover/Umbraco-S3-Provider
19,Exrick/xmall
228,EgorBo/CrossChat-Xamarin.Forms
384,ENCP/CNNdroid
336,EliasOenal/multimon-ng
16,Erigitic/TotalEconomy
24,ElasticSearchCLITools/esTail
44,EnduranceIndia/whmcs-resellerclub-modules
230,ElemeFE/react-amap
408,Equanox/gotron
22,EdisonXu/sbs-axon
86,Ekryd/sortpom
46,EasyDarwin/EasyPlayer_Android
86,Ekryd/sortpom
57,EngForDev/awesome-engfordev
589,EleTeam/Shop-React-Native
264,EleTeam/Shop-for-JavaWeb
21,Ethan-Zhang/mownfish
20,EndingCredits/Neural-Episodic-Control
74,EvercodeLab/thebookofknowledge
250,EricssonResearch/calvin-base
311,EasyCorp/easy-log-handler
204,EasyCorp/easy-deploy-bundle
133,EnoxSoftware/OpenCVForUnity
300,EleTeam/Shop-iOS
232,Everlaw/nbts
135,EqualExperts/Tayra
1011,ElemeFE/vue-infinite-scroll
80,EvercodeLab/php-guide
406,Evo-Forge/Essence
57,EasyDarwin/EasyHLS
30,EclecticIQ/cabby
5384,ExactTarget/fuelux
174,EYHN/hexo-helper-live2d
577,EsotericSoftware/reflectasm
15,EwingTsai/spring-boot-faster
1394,EddyVerbruggen/SocialSharing-PhoneGap-Plugin
374,ElementsProject/elements
77,ElementUI/element-theme
1297,EverythingMe/overscroll-decor
1299,EmailThis/extension-boilerplate
172,EsProgram/InkPainter
273,EsotericSoftware/yamlbeans
30,EllanJiang/StarForce
581,EleTeam/Shop-PHP-Yii2
25,EvidentSolutions/dalesbred
142,Exslims/MercuryTrade
129,Esk0r/LeagueSharp
581,EleTeam/Shop-PHP-Yii2
547,Exeu/apai-io
12,Epihaius/panda3dstudio
79,EpistasisLab/penn-ml-benchmarks
38,Ekito/spring-boot-gwt
173,EclipseXuLu/LagouJob
77,ElderJames/shriek-fx
581,EleTeam/Shop-PHP-Yii2
27,Enhanced-Source-Project/Enhanced-Source
33,Emrys5/Emrys.FlashLog
35,EriconYu/stocksniper
33,EdgarLovesProgramming/FE-Learning
98,EmersonElectricCo/fsf
31,ElemeFE/lib-flexible
112,ElemeFE/smart-gesture
148,EQEmu/Server
26,ElemeFE/random
168,ElemeFE/element-dashboard
256,EverythingMe/inbloom
196,ElizarovEugene/TorrentMonitor
184,Ecwid/consul-api
11,Eric-Simith/SpringWind
190,EleTeam/Shop-for-iOS
17,Evlikat/siberian-forest
11,ERNICommunity/at11
79,EpistasisLab/penn-ml-benchmarks
101,Ezzpify/HourBoostr
29,Emilio66/CSDI
39,ElemeFE/eslint-config-elemefe
248,EverNewJoy/VictoryPlugin
11,Eric-Simith/SpringWind
25,Everpure/wechatforwarder
69,EiNSTeiN-/poodle
25,Everpure/wechatforwarder
12,EKami/kaggle-data-downloader
128,EOSIO/eos-token-distribution
35,EriconYu/stocksniper
194,ElemeFE/image-cropper
185,EslaMx7/ScreenTask
317,Eastwu5788/XMLYFM
506,EnderTan/ETNavBarTransparent
506,EnderTan/ETNavBarTransparent
155,EasyDarwin/EasyPusher
158,EventStore/EventStore.JVM
809,Estimote/Android-SDK
155,EasyDarwin/EasyPusher
163,Ericliu001/async-expandable-list
257,Even201314/NumberMorphView4Android
110,EricSmekens/node-bluetooth-obd
115,Eric-Guo/weui-rails
11,Eric-Simith/SpringWind
17,ErosZy/singoriensis
505,ElemeFE/vue-desktop
179,ElemeFE/bowl
11,EleanorMao/FlexoCalendar.js
228,ElementUI/awesome-element
11,Eric-Simith/SpringWind
238,EZLippi/GradleInActionZh
889,Emsu/prophet
145,Elestriel/TaskbarTools
143,Eneco/landscaper
298,Engelberg/ubergraph
505,ElemeFE/vue-desktop
172,EmberSherpa/open-source-ember-apps
31,EwingYangs/weixin_order
1841,Engelberg/instaparse
340,Eclair/CircleProgressBar
310,Eun/MoveToDesktop
182,EvandroLG/pegasus.lua
18,Ede123/greasy-scripts
662,EasyIME/PIME
17,EslaMx7/AESxWin
190,EleTeam/Shop-for-iOS
56,EasyWeChat/docs
596,EnMarche/en-marche.fr
596,EnMarche/en-marche.fr
202,EVODelavega/phpkafka
24,ElisDN/yii2-demo-aggregates
14,E8team/report
224,Esri/wind-js
29,Ebookchain/ebook-electron-official-docs
124,EvaEngine/EvaEngine
29,Ebookchain/ebook-electron-official-docs
19,Ethan3600/magento2-CronjobManager
29,Ebookchain/ebook-electron-official-docs
83,EverexIO/Ethplorer
137,Esri/calcite-maps
17,Echosong/beego_blog
50,EmmanuelG/Foldarap
31,EmmanuelG/Mondrian
634,ES-CN/es6features
29,Ebookchain/ebook-electron-official-docs
37,Electric-Coin-Company/dev-ci-zcash
634,ES-CN/es6features
57,Erkaman/Awesome-CUDA
51,EGONetworks/EGO-Daily
190,Elvenisboy/RNBook
28,Ellery0924/Jerry
1080,Enclavely/tailor
41,EvanAgee/vuejs-wordpress-theme-starter
93,Enrico204/Whatsapp-Desktop
64,Esri/esri-cityengine-sdk
48,Emilios1995/redux-create-module
327,EC-CUBE/ec-cube
53,EnoND/EndAdmin
20,ElisDN/yii2-demo-catalog
212,Eugeny/ajenti
41,EvanAgee/vuejs-wordpress-theme-starter
51,ElfSundae/laravel-bearychat
35,ElekenAgency/ReactNativeWheelPicker
736,Entware-ng/Entware-ng
25,ElemeFE/Hachart
90,EasyPi/docker-shadowsocks-libev
43,ElemeFE/react-native-reference
86,EvanHahn/Express.js-in-Action-code
43,EasyDarwin/EasyAudioDecoder
59,EasyDarwin/EasyAACEncoder
456,Estimote/iOS-Indoor-SDK
42,Esri/arcgis-to-geojson-utils
22,EllanJiang/UnityGameFramework
182,Eleirbag89/TelegramBotPHP
173,EddyVerbruggen/cordova-plugin-native-keyboard
20,EvilBT/-Dagger2Demo
384,EvanOxfeld/node-unzip
53,ElemeFE/vue-popup
53,EasyDarwin/EasyPusher_Android
182,Eleirbag89/TelegramBotPHP
173,EddyVerbruggen/cordova-plugin-native-keyboard
963,EWSoftware/SHFB
94,Email-builder/grunt-email-builder
44,Email-builder/gulp-email-builder
28,ElderJames/vue-router-storage
42,EvaEngine/xhprof.io
51,ElfSundae/laravel-bearychat
51,Esri/arcgis-pro-sdk-community-samples
963,EWSoftware/SHFB
93,Enrico204/Whatsapp-Desktop
59,EKami/planet-amazon-deforestation
788,EstebanFuentealba/react-native-share
14,Eatanddie/Vue-news
361,Ericsson/codechecker
12,ETENG-OSP/angular-weixin
30,ElemeFE/webspoon
262,Ezelia/EZGUI
156,Ecwid/new-job
150,Exercise/HTMLPurifierBundle
51,EGONetworks/EGO-Daily
156,Ecwid/new-job
262,Ezelia/EZGUI
150,Exercise/HTMLPurifierBundle
678,ErwinM/acts_as_tenant
93,EzoeRyou/cpp17book
35,EvanBacon/Expo-Sunset-Cyberspace
91,EasyPost/easypost-php
20,EvaEngine/EvaEngine.js
61,EtherTW/Taipei-Ethereum-Wiki
51,EGONetworks/EGO-Daily
22,ErikEJ/EntityFramework6PowerTools
14,ElemeFE/japanfaq
33,EddyVerbruggen/nativescript-directions
14,EasyDarwin/EasyPlayer_iOS
26,Echosong/ES
807,EFForg/privacybadger
93,EliotBerriot/django-dynamic-preferences
14,EasyDarwin/EasyPlayer_iOS
65,ETDA/e-TaxInvoice-PDFgen
327,EC-CUBE/ec-cube
110,EionRobb/pidgin-opensteamworks
634,ES-CN/es6features
567,Ensighten/spritesmith
17,Echosong/beego_blog
25,EmadAdly/laravel-uuid
25,EmadAdly/laravel-uuid
41,EvanAgee/vuejs-wordpress-theme-starter
124,Eun/test.bi
25,EOM/Spell-Checking-PHPStorm-Spanish-dic-UTF8
24,EasyAsABC123/Keyboard
28,Elyorcv/SAE
13,EthanRosenthal/torchmf
42,EvaEngine/xhprof.io
51,ElfSundae/laravel-bearychat
182,Eleirbag89/TelegramBotPHP
173,EddyVerbruggen/cordova-plugin-native-keyboard
69,ETENG-OSP/xgpush-cordova
65,Eleme-IMF/dodo
29,EasyDarwin/EasyCamera
302,EarToEarOak/RTLSDR-Scanner
865,ErikvdVen/php-gif
111,Emanem/nettop
182,Eleirbag89/TelegramBotPHP
865,ErikvdVen/php-gif
27,EpixCode/CommandLineCustomArguments
24,EverythingMe/webp-test
93,Enrico204/Whatsapp-Desktop
865,ErikvdVen/php-gif
23,Eva514/my-projects
39,Ekito/docker-cron
95,EdenChan/StartupsCampfire
45,Edujugon/PushNotification
11,EasyEngine/nginx-build
16,Emkaytoo/craft-json-snippets
39,EzimetYusup/WormTabStrip
31,EnjoySR/JKRefreshControl
15,EnlightenedCSF/MLSummerSchool
37,EliasKotlyar/yowsup-microservice
152,ElvinJin/Video-Background-GIF
31,EnjoySR/JKRefreshControl
24,EngrAhsanAli/AASignatureView
133,EspressifApp/EsptouchForIOS
196,EasyIOS/EasyIOS-Swift
152,ElvinJin/Video-Background-GIF
18,Eenie-Meenie/ListLinkage
55,ErAbhishekChandani/ACFloatingTextfield
31,EnjoySR/JKRefreshControl
16,ElunaLuaEngine/ElunaTrinityCata
385,ElaWorkshop/awesome-cn-cafe
17,EvianZhow/Reserva
139,EnjoySR/ESRefreshControl
18,Eenie-Meenie/ListLinkage
20,EdwinXiang/RegularExpression
20,EdwinXiang/RegularExpression
87,Edison-Hsu/100-days-of-RxSwift
55,ErAbhishekChandani/ACFloatingTextfield
69,EugeneTrapeznikov/ETActivityIndicatorView
12,Especializa/nativescript-whatsapp-template
19,EyreFree/EFNEHotspotHelperDemo
419,Eonblast/Emysql
99,ElemeFE/vue-toast-mobile
18,Ezzpify/SteamAuthenticator
87,Ezzpify/SteamBulkActivator
36,EyreFree/EFCountingLabel
65,EyreFree/VSCAM
31,EvanBacon/expo-three-demo
46,EurekaCommunity/TokenRow
41,EricaJoy/techdiversity
346,Erkaman/vulkan_minimal_compute
22,EzioL/neteasemusic
37,Excale/nLaunchy
11,EdmondFrank/Esurfing
427,EzoeRyou/cpp-book
12,Eastwu5788/XRActionSheet
17,EngrAhsanAli/AAImagePicker
11,EasySwift/EasySwift
37,EurekaCommunity/ImageRow
148,EddyVerbruggen/cordova-plugin-3dtouch
38,EddyVerbruggen/cordova-plugin-backgroundaudio
169,EthanSchatzline/DrawableView
29,Erulezz/Ultimate-AdBlock
108,EIPStackGroup/OpENer
22,EngrAhsanAli/AANotifier
19,EngrAhsanAli/AAViewAnimator
22,EngrAhsanAli/AANotifier
287,EricssonResearch/openwebrtc-examples
37,EurekaCommunity/ImageRow
169,EthanSchatzline/DrawableView
27,ExpediaDotCom/alexa-conversation
17,EngrAhsanAli/AACameraView
122,Elephant418/Markdownify
35,EizoiOS/LPNavPageVCTest
23,EngrAhsanAli/AARatingBar
89,EverestOpenSource/Everest-iOS
34,Ergodox-io/ErgoDox
66,EnigmaCurry/arch-ppa
199,ErikEJ/SqlCeToolbox
14,ElijahLabs/bible
14,EOSIO/eosjs
201,Esri/arcgis-runtime-samples-ios
14,EAlsharkawy/DotsLoaderActivityIndicator
60,EasyPost/easypost-node
179,EddyVerbruggen/Insomnia-PhoneGap-Plugin
61,ErezHorev/dockerized_nfs_server
15,EllisLab/Char-Limit
28,EventStore/EventStore.UI
92,Eden-PHP/Mail
101,EQuimper/nodejs-api-boilerplate
41,EGroupware/egroupware
30,Edujugon/laradoo
14,EXXETA/JSONPatchSwift
378,Erkaman/regl-cnn
32,ElemarJR/ElemarJR.FunctionalCSharp
23,Eronarn/libRPG
55,EpocSquadron/coreos-devenv
32,EFTEC/BladeOne
46,EricTRocks/pyflowgraph
239,Esri/arcgis-runtime-samples-android
18,EagerELK/logstash-input-cloudwatch
367,Enalean/tuleap
25,ElemeFE/daterangepicker
13,EdmundLeex/uber_slack
21,E-vence/SoftDeleteableListenerExtensionBundle
741,EragonJ/Trip.js
153,Esri/geoportal-server
50,EionRobb/purple-discord
33,EionRobb/purple-mattermost
201,EFForg/democracy.io
19,ExLibrisGroup/primo-explore-package
39,ExLibrisGroup/primo-explore-devenv
1078,Elgg/Elgg
13,ErikSvaleng/generator-classical-ko
18,EricPing/react-redux-shopcart
57,ENikS/LINQ
125,EddyVerbruggen/cordova-plugin-touch-id
18,Edisoni/cocos2d-js-es6
124,EddyVerbruggen/VideoCapturePlus-PhoneGap-Plugin
404,ErlendEllingsen/pull-to-reload
314,EddyVerbruggen/nativescript-plugin-firebase
150,Esri/developer-support
53,Esri/lerc
23,ElNinjaGaiden/Gorillagram
291,ExtCore/ExtCore
44,ExactTarget/javascript
155,ErikEJ/SqlQueryStress
15,EDMdesigner/modern-html-email-tutorial
25,Ethaan/vuexpresso
31,EtonDigital/EDBlogBundle
47,Esri/Survey123Community
47,Esri/Survey123Community
36,EdoFrank/RainDropEffect
172,Ehesp/Chrome-Extension-Twitter-Bootstrap-3-Template
25,Eyyub/tensorflow-cyclegan
43,EddyVerbruggen/nativescript-feedback
464,ESWAT/john-carmack-plan-archive
38,Elfocrash/L2dotNET
22,ElucidataInc/ElMaven
14,Elyx0/rosenblattperceptronjs
22,ElucidataInc/ElMaven
99,EDSM-NET/EDDN
66,Esri/esri-loader
221,Esri/jsapi-resources
26,ErinMorelli/em-slack-tableflip
15,EQuimper/VSC-React-Native-React-Redux-Snippets
22,Eajy/MaterialDesignColor
25,Esri/ops-server-config
21,Eneco/kafka-connect-ftp
287,Esri/bootstrap-map-js
71,Esri/dojo-bootstrap-map-js
109,Esri/arcgis-js-api
22,Esri/esri-system-js
109,Esri/arcgis-js-api
221,Esri/jsapi-resources
60,EugenMayer/docker-sync-boilerplate
17,ElementUI/region-picker
75,E96/swagger2slate
20,ErrorPro/relay-compose
94,Esri/dojo-theme-flat
287,Esri/bootstrap-map-js
168,Esri/cedar
22,Esri/esri-system-js
54,Esri/calcite-web
30,EngoEngine/ecs
46,Enegnei/JacobAppelbaumLeavesTor
79,EngrAhsanAli/AACustomFont
283,Ezelia/eureca.io
91,EddyVerbruggen/nativescript-barcodescanner
926,Eriner/zim
672,EngoEngine/engo
959,Ericsson/exchangecalendar
168,Elyotna/IntWars
51,ElvisQin/ProjectEnglish
92,Eyyub/tensorflow-pix2pix
40,EnclaveConsulting/SANS-SEC505
26,EnigmaBridge/javacard-curated-list
959,Ericsson/exchangecalendar
15,Explorer09/Ex-pit
25,EamonNerbonne/a-vs-an
111,EAAppFoundry/tableau
60,EddyVerbruggen/nativescript-bluetooth
58,EyalAr/Person-Recognizer
47,Easence/EAFeatureGuideView
83,EQuimper/youtubeMeetupAppReactNativeNode
43,EQuimper/twitter-clone-with-graphql-reactnative
217,Edgarware/Threshold-Skin
22,ERPXE/tftpboot
30,ErickWendel/NodeJSWithTypescript
144,EQuimper/All-About-Programming
69,EngineerBetter/concourse-up
315,Enteleform/-RES-
48,ETCLabs/OSCRouter
422,EastpointSoftware/traider.io
12,EtiennePerot/srcdemo2
87,EUA/wxHexEditor
27,Emperorlou/Initium-ODP
154,EricWVGG/AngularSlideables
49,Element-Research/dataload
40,EightShapes/contrast-grid
216,EBvi/dev-matrix
31,ExtPoint/yii2-megamenu
58,Eschults/useful_stuff
23,EtienneWan/tmdb-js
335,ErichStyger/mcuoneclipse
33,ErichStyger/McuOnEclipse_PEx
43,EddieCameron/InputVCR
35,Elias-Black/Landing-CMS
11,ExCiteS/SLMPi
14,EnolaLabs/Angular-Parse-Repositories
37,ETENG-OSP/cordova-plugin-baidu-geolocation
338,ElmCast/elm-vim
12,ErikSchierboom/ionic2-audio-recorder
28,EdCo95/scientific-paper-summarisation
41,EdmundsAPI/sdk-javascript
14,EvanDotPro/MwopGuestbook
43,EdxStudents/W3C_HTML5.1x
56,Esri/html5-geolocation-tool-js
67,EthSharp/ethsharp-compiler
241,Exeu/Amazon-ECS-PHP-Library
17,Electronickss/TheaterTrailers
22,Eusth/VookaRaylee
54,EOL/eol
95,EasyCorp/easy-security-bundle
122,EightShapes/Blocks
79,Eric-Guo/where-or
23,EricZimmerman/LECmd
79,Erkaman/glsl-godrays
14,EricBurnett/GameOfLife
81,EasyHelper/EasyLicense
51,Elitewares/CSS3-Slider
178,EnableSecurity/sipvicious
90,Excrulon/Tree-of-Savior-Addon-Manager
14,Einsteinish/Artificial-Neural-Networks-with-Jupyter
112,EvanBacon/Expo-Crossy-Road
13,EigenDog/dawg
67,EthSharp/ethsharp-compiler
12,Extent421/Q1
22,Excel-DNA/Samples
14,EasySpringBoot/lightsword
17,EmKayDK/jstepper
15,EQuimper/keepmyfolio
51,Euzee/permissionUtil
937,Exa-Networks/exabgp
15,ElectricMaxxx/DoctrineOrmOdmAdapter
33,ESMG/pyroms
34,Esri/storymap-series
44,Esri/Viewer
26,Esri/arcgis-runtime-toolkit-qt
71,Erkaman/gl-catmull-clark
116,ElvisKang/vue-material
208,ElDewrito/ElDorito
29,EricZimmerman/Prefetch
29,EscuelaIt/PostCSS-2016
35,EricssonResearch/iot-framework-engine
18,EmmaKong/Contacts
167,EasyDarwin/EasyClient
22,EriveltonGualter/Robotics_Aerial-Robotics
19,ErisDS/Ghost
16,EdikWang/wechat-three-level
42,Everyplay/everyplay-unity-sdk
42,Everyplay/everyplay-unity-sdk
11,EvoIos/EleBySwiftDemo
143,Eoinocal/Halite
37,EMnify/matrix-synapse-auto-deploy
16,ExploiTR/DeAutherDroid
99,EtherDream/WebScrypt
275,Entware/entware
15,EnoxSoftware/DlibFaceLandmarkDetector
37,Edzelf/ESP32-Radio
69,Eke/EMEmojiableBtn
79,Ekhoo/WESlider
15,ElderBroCode/DeviceHelper
160,EdgedesignCZ/phpqa
36,EvgenyNekrasov/gpod
58,ExpediaInc/ean-pc-dbscripts
15,EarsEyesMouth/AmazingDotNetCore
414,EddieLa/JOB
129,Ellzord/JALSE
26,ExtremeGTX/Androidx86-Installer-for-Windows
51,Electrostatics/apbs-pdb2pqr
46,ErikHellman/advanced-android-course
711,EFForg/OpenWireless
1164,Ensighten/grunt-spritesmith
32,EricThomson/PySideSummer
32,EricThomson/PySideSummer
43,ElPumpo/Win10Clean
138,Eelis/geordi
38,ElisDN/yii2-demo-shop
12,ExtensionsStore/Addressvalidator
21,EddyVerbruggen/nativescript-plugin-firebase-demo
16,Edofre/yii2-fullcalendar
72,EdyJ/blender-to-unity3d-importer
97,ErikWittern/TODOit
26,EllisV/oxid-console
88,EduardoPires/SOLID
44,EisenbergEffect/aspnetcore-aurelia-build-2017
26,Euphie/cute
60,El3ct71k/SubDomain-Analyzer
75,ES678/Exploring-ES6
45,EddyVerbruggen/nativescript-nodeify
22,Elkfox/Concrete
14,EdwardBetts/osm-wikidata
12,Ecodev/graphql-doctrine
20,Erkaman/glsl-worley
38,EddyVerbruggen/nativescript-fingerprint-auth
25,EddyVerbruggen/nativescript-app-shortcuts
23,EddyVerbruggen/nativescript-gradient
38,ElisDN/yii2-demo-shop
136,EnigmaCurry/GMusicFS
27,EMC23/JiGS-PHP-RPG-engine
58,EventGhost/EventGhost
29,Esri/arcgis-runtime-demos-dotnet
52,EduSec/EduSec
75,ElgarL/Towny
26,Eartz/animatePaper.js
31,Ekalips/ExpandableCardViewList
301,EcomDev/EcomDev_PHPUnit
55,EddyVerbruggen/Flashlight-PhoneGap-Plugin
15,EarToEarOak/SDRSharp-Net-Remote
22,ElectronHacks/MQTT_ESP8266_Garage_Door
245,EnjoySR/ESTranslate-Xcode
47,EVEIPH/EVE-IPH
29,Eficent/eficent-odoo-addons
29,Eficent/eficent-odoo-addons
18,Eastrall/Ether.Network
174,ETLCPP/etl
211,Esri/resource-proxy
26,Eernie/bitbucket-webhooks-plugin
45,EyalAr/Portage
20,Ehesp/react-flux-webpack-boilerplate
18,EzoeRyou/mastodon-mod
11,ElementUI/theme-default-scss
25,EdwinKestler/SIM800_MQTT
19,EddyVerbruggen/cordova-plugin-taptic-engine
12,ESS-LLP/smarte
29,Eficent/eficent-odoo-addons
35,EightMedia/grunt-breakshots
152,ElemeFE/style-guide
24,Elico-Corp/odoo-addons
67,EugenioDelfa/Smali-CFGs
27,Elders/VSE-FormatDocumentOnSave
289,ElementsProject/lightning
13,Elfocrash/L2ACP-api
18,Elfocrash/L2ACP-Web
61,EstudioNexos/mabola
169,Erkaman/gl-water2d
46,ErickTamayo/Stretchy
27,EnigmaBridge/certbot-external-auth
246,EugeneHoran/Android-Material-SearchView
77,Ejhfast/iris-agent
24,EzequielAdrianM/Camera2Vision
37,Erkaman/cloud_gen
910,EtchedPixels/FUZIX
16,ExploreEmbedded/Hornbill-ESP32-DEV
59,EionRobb/funyahoo-plusplus
309,EderSantana/seya
289,ElementsProject/lightning
38,EricZimmerman/Registry
21,EvoluxBR/greenswitch
27,Elders/VSE-FormatDocumentOnSave
55,ElectricNightOwl/ArmSwinger
31,Enlightenment/enlightenment
195,Evrytania/LTE-Cell-Scanner
192,ElDeveloper/macfusion2
21,EslaMx7/Simple-Streamer
15,Extrawurst/DerelictSteamworks
52,Eigenlabs/EigenD
21,EldinZenderink/LittleWeeb
48,ElevenPaths/Telefonica-WannaCry-FileRestorer
28,Esri/sonar
14,Error22/PokemonGo-Desktop
161,EtiennePerot/parcimonie.sh
34,Evild67/docker-compose-wordpress
445,EliotBerriot/lifter
16,Evinyatar/pith
43,Ecwid/maleorang
19,EdgelessCasino/Smart-Contracts
19,EdgelessCasino/Smart-Contracts
94,EvanDotPro/EdpModuleLayouts
48,EyeTribe/tet-java-client
31,Ensembl/ensembl-pipeline
31,Esperanto/kurso-zagreba-metodo
13,Electrofenster/dockerding-on-rails
35,EmpireMUD/EmpireMUD-2.0-Beta
30,EloGank/lol-php-api
24,Ethaligan/cloudflare-ddns
31,Errorific/haskell-script-examples
11,ErikXu/Crypto
128,Emeryth/iPad3_lcd
15,Exalm/Minecraft-mods
231,EtienneLem/skeleton
35,EliteAndroidApps/WhatsApp-Key-DB-Extractor
54,EmberVulpix/DifferentSLIAuto
100,EvoSuite/evosuite
93,Ericsson/CodeCompass
27,EmbER-Dev/EmbER
11,Eddie-Hartman/alexa-avs-raspberry-pi
15,EXL/NXEngine
11,EXL/DigestBot
21,EliotSlevin/hoist-ghost
22,EricSchles/intro_to_ml
23,Equals182/brackets-power-mode
27,EmpireProject/PSInject
16,EasyD/RProgrammingForExcelUsers
13,Eelis/GrappleMap
160,EderSantana/awesomeMLmath
85,Esri/raster-functions
32,ENCODE-DCC/long-rna-seq-pipeline
25,ElegantGod/ncnn
28,Engenuics/Razor_Atmel
16,ErwinHaasnoot/QRTEngine
509,EddyBorja/MLPSpotlight
16,ErwinHaasnoot/QRTEngine
19,Electric-Coin-Company/jubjub-prototype
381,EiNSTeiN-/decompiler
25,ElegantGod/ncnn
43,ExodusMovement/shapeshift.io
12,EthHead/ens.trade
12,EthHead/ens.trade
21,EntelectChallenge/2017-Battleships
39,Epharmix/Toureiro
56,Ensembl/ensembl-vep
60,EDCD/coriolis
65,EthEmbedded/Raspi-Eth-Install
84,Esri/maps-app-android
86,Engelberg/better-cond
131,EasyScreenCast/EasyScreenCast
111,EdGENetworks/attention-networks-for-classification
166,Eloston/disable-html5-autoplay
118,Elv13/tyrannical
118,EvvGC/Firmware
29,EmbeddedRPC/erpc
32,EngineArchitectureClub/TalkSlides
35,ElmarTalibzade/OpenPlayerController
87,ErikGartner/dTree
72,Elethom/PRSlideView-Swift
135,EurekaCommunity/GenericPasswordRow
86,Ekhoo/Loader
86,Ekhoo/Loader
14,EasyDarwin/EasyPusher_iOS
17,Encamina/Enmarcha-SharePoint
19,EckyZero/EAActionSheetPickerDemo
201,EdwardvanRaak/MaterialBarcodeScanner
141,EvilBT/SherlockAdapter
31,EnjoySR/ESSeparatorInset
55,EmmanuelOga/easing
36,EddieWen-Taiwan/TypeWriting.js
96,EvilBeaver/OneScript
15,Ellerbe/PayInPassword
15,EngrAhsanAli/AALoaders
92,Erblocker/YRSSF
19,EHfive/Some-js-script-for-FB2K
12,ElementUI/Resources
22,EngrAhsanAli/AADraggableView
14,EliseTonight/LovelyDay
92,Erblocker/YRSSF
75,Erblocker/atulocher
92,Erblocker/YRSSF
92,Erblocker/YRSSF
75,Erblocker/atulocher
92,Erblocker/YRSSF
92,Erblocker/YRSSF
75,Erblocker/atulocher
92,Erblocker/YRSSF
75,Erblocker/atulocher
33,Elanz/StarJewel
36,EurekaCommunity/GooglePlacesRow
31,EgorBo/ARKitXamarinDemo
45,ElfSundae/AVDemo
28,EtheaDev/kitto2
35,ElectricMan/ecDB
71,Elyx0/react-native-document-picker
21,EdwardBX/WeChatTweak
90,ExactTarget/node-xmljson
21,EdwardBX/WeChatTweak
12,Eunsol-Lee/algorithmStudyDayByDay
171,EgorBo/Toasts.Forms.Plugin
38,Enthri/iBox-2
132,Eyescale/Equalizer
11,EdenHell/FrostPlay
61,ExtendScript/wiki
22,EurekaCommunity/CreditCardRow
46,Empornium/Luminance
19,EliotBerriot/mnm
46,EgeBalci/Cminer
17,EvoluxBR/verto-docs
14,Elrori/shanxun_pppoe_linux_desktop
25,ElegantTeam/ETCollectionViewWaterFallLayout
25,ElegantTeam/ETCollectionViewWaterFallLayout
50,EoniJJ/PasswordView
71,EvilBT/HDImageView
221,Elder-Wu/Notes
15,EasyDarwin/EasyRTC
221,Elder-Wu/Notes
71,EvilBT/HDImageView
37,EpicGames/ThirdParty
65,EricssonResearch/openwebrtc-ios-sdk
94,ExHammer/hammer
61,EmojiTwo/emojitwo
209,Eugeny/ajenti-v
23,Eyepea/aiosip
33,ExC0d3/competitive
106,EvanAnderson/ts_block
34,EdinburghNLP/code-docstring-corpus
19,EVEModX/zhPatch
14,Eastwu5788/WXAPP
17,Eastwu5788/pre-request
22,EngineerBetter/training-zero-to-hero
17,Eastwu5788/pre-request
77,Eelviny/nxt-python
30,Everyplay/everyplay-android-sdk
66,EasyDarwin/EasyRTSPClient
11,Elucidation/existential_rick_bot
51,Elethom/PRRefreshControl
22,ElmCast/.vim
42,EvanBurchard/jsarcade
35,Elm-Canvas/elm-canvas
22,Ethelo/kronky
34,EloGank/lol-replay-downloader
60,Elixir-Recipes/Elixir-Recipes.github.io
32,Encapsule/jsgraph
134,ElmCast/elm-node
18,EDCD/EDDI
106,EFForg/phantom-of-the-capitol
145,EugeneKay/git-jokes
27,Eterna1/puszek-rootkit
22,Ethelo/kronky
35,ErrorPro/react-google-autocomplete
20,Emudofus/Dofus
38,EvanPurkhiser/linux-vt-setcolors
179,Extrawurst/cimgui
18,ErickSimoes/Ultrasonic
41,EgorKulikov/yaal
155,EverythingMe/kickass-redis
14,Ericson2314/lighthouse
16,EtienneCmb/visbrain
241,ElasticLINQ/ElasticLINQ
45,East5th/package-scan
35,Exelord/ember-custom-actions
48,ExtendScript/extendscriptr
95,EclairJS/eclairjs-nashorn
26,EthanRosenthal/DataPiques_source
27,EmptyKeys/UI_Examples
86,EasyCorp/easy-doc-bundle
19,ElfSundae/IconFontKit
449,ElemeFE/hire
114,Esri/geojson-utils
449,ElemeFE/hire
47,Esri/cluster-layer-js
42,Esri/heatmap-layer-js
449,ElemeFE/hire
13,Eamonnzhang/vue-admin-express-mongoose
27,Edofre/laravel-fullcalendar
44,EasyDarwin/EasyNVR
449,ElemeFE/hire
40,EventStore/EventStore.Samples.Dotnet
51,EdonGashi/WpfMaterialForms
49,EduardoPires/IdentityIsolation
35,EFaye/Test
240,EverythingMe/OverScrollView
46,EunsanKo/node-sbadmin
44,EasonWang01/elm-lang-chinese-manual
49,Evi1CLAY/CoolPool
22,ElementUI/theme-preview
22,ElementUI/theme-preview
22,Erkaman/webgl-rsm
22,Esri/visualization-js
11,EyesOfThings/Software
15,EYHN/Azusa
13,Elico-Corp/odoo-docker
30,EugeneOne/eggVideo
52,ErikSchierboom/knockout-pre-rendered
16,Eayu/sddm-theme-clairvoyance
12,EvanK/ubuntu-purge-kernels
25,EryouHao/hey-Audio
60,Emeryth/openwrt-zsun
13,Echos/maven-zsh-completion
48,Ericson2314/Voxlap
109,Etuldan/spaRSS
36,EverexIO/Chainy
24,EvanZ/myvagrant
36,EntranceJew/sandsmas
119,EleazarCrusader/nexus-theme
37,EnviroDIY/Arduino-SDI-12
27,Erik-JS/masseffect-binkw32
11,EgorKrash/HhSalaryPrediction
138,Electrical-Age/ElectricalAge
30,ElvishJerricco/servant-router
257,EasyRPG/Player
42,EasyRPG/liblcf
20,EvilInsultGenerator/universal-windows-app
21,EvilInsultGenerator/website
26,EvilInsultGenerator/telegram-bot
18,EvilInsultGenerator/telegram-bot-ruby
24,EvilInsultGenerator/android-app
20,EvilInsultGenerator/media
17,EvilInsultGenerator/desktop
20,EvilInsultGenerator/c-sharp-desktop
18,EvilInsultGenerator/slack-bot
19,EvilInsultGenerator/facebook-bot
21,EvilInsultGenerator/ios
33,ElsevierDev/elsapy
76,EthFans/wiki
13,EtherFund/ether-contract
40,ExampleDriven/spring-cloud-eureka-example
28,EconometricsBySimulation/RStata
52,EMCECS/ECS-CommunityEdition
74,EarsEyesMouth/computerese-cross-references
17,EndSmile/KBinding
13,ExampleDriven/spring-boot-grpc-example
90,ExaScience/pargo
44,ElemeFE/element-helper
13,EvaGL/llvm-gc
42,EricssonResearch/scream
81,Eason90/GridBuilder
54,Esri/storymap-cascade
13,EhsanTang/awesome-java-cn
21,EasyPi/docker-lantern-arm
19,EricQAQ/Puck
53,ErikHellman/RxJavaAndDiffUtil
28,EoniJJ/Gdgm
14,EcmaXp/wfapi
38,Elzair/libuv-examples
55,EamonNerbonne/ExpressionToCode
13,Esri/indoor-routing-xamarin
84,EvanBacon/Expo-Voxel
94,EliFUT/android
11,Elbandi/droidtv
17,Entropy-xcy/RankFace
21,EasyPi/docker-lantern-arm
59,EttusResearch/fpga
16,EStormLynn/Git-tips
49,EyeOfRa/WinConMon
34,EderSantana/DeepEEG
30,EnigmaCurry/blogofile_blog
47,EnMasseProject/enmasse
23,EasyDarwin/EasyRMS
42,Erdwolf/prolog
176,Eichhoernchen/SiriServerCore
34,Eyescale/Collage
23,EmbolismSoil/My360
154,Esri/quickstart-map-js
21,EthanCo/PasswordInput
30,EngsShi/react-native-xlog
33,Exceen/4chan-downloader
32,Eng-Fouad/JTelegramBot
53,EiNSTeiN-/Prusa3
25,Entware-for-kernel-3x/Entware-ng-3x
464,EvgenyKarkan/iOSDevTools
34,Ectelion/facial-expression-recognition
26,Enether/Red-Black-Tree
33,ErikMinekus/traktor-kontrol-screens
13,EthTrader/ico-review
32,EionRobb/pidgin-pushbullet
224,EmailThis/typographic-email
48,EsOsO/Logging
12,EsotericSoftware/dnsmadeeasy
20,Ellzord/JALSE-Zombies
28,EthanArbuckle/Mirmir
151,ExtrabiomesXL/ExtrabiomesXL
12,ELCHILEN0/AutoMessage
33,EverythingSucks/2017
30,Eusth/PlayClubVR
30,Eusth/PlayClubVR
43,Ebiroll/qemu_esp32
15,ETCLabs/EosSyncLib
13,ETCLabs/Sound2Light
64,Extrems/Not64
14,ElectroGryphon/EGGA
44,EasyPost/easypost-python
45,Equotix/Logic-Invoice
44,Esri/local-government-online-apps
51,Eniripsa96/SkillAPI
11,Eluinhost/UHC
120,EmcraftSystems/u-boot
19,Ethical-H4CK3R/Pulse
33,EdiWang/UWP-CharacterMap
23,EverythingMe/click-config
81,Ellpeck/ActuallyAdditions
21,EcoCityCraft/MojangBlacklist
21,EcoCityCraft/MojangBlacklist
68,ErikZalm/Marlin
33,EzoeRyou/cpp14-appendix
18,Ezriilc/HyperEdit
15,Esri/street-data-processing-tools
24,EternalBlueFlame/Traincraft-5
17,Extrawurst/unity3d-google-analytics
19,Enough-Software/pcap-http-analyzer
35,EmptyKeys/UI_Generator
181,EsotericSoftware/tablelayout
15,EthanArbuckle/EASplashScreen
17,EtherCasts/cryptocoinwatch
241,ErlyORM/boss_db
34,ElementUI/element-cooking-starter
289,EclairJS/eclairjs-node
94,EspressifApp/IOT-Espressif-Android
27,Exaktus/mRemoteNC
16,ETrun/crc32
13,Evelios/procIsland
64,Eric-Carlton/PokemonGoReader
25,Eusth/VRGIN
12,Exelord/dark-mode
70,Exelord/ember-initials
14,Exelord/ember-rollbar-client
50,Esri/arcgis-toolkit-dotnet
513,Ekhoo/Translucid
24,Enaunimes/freeq
31,EMlyDinEsHMG/ElanTouchpad-Driver
21,EmptyKeys/UI_Engines
513,Ekhoo/Translucid
14,EnotPoloskun/twitch-chat
15,EricTetz/keyrate
261,EddyBorja/MLPAccessoryBadge
35,EcomDev/checkitout
34,EvianZhow/KYDrawerController-ObjC
48,EvgenyKarkan/EKWelcomeView
85,Elringus/SpriteGlow
20,ECPay/ECPayAIO_PHP
16,ETrun/crc32
18,EurekaCommunity/SuggestionRow
17,EchoTiger/Azyul
85,Elringus/SpriteGlow
615,EarlGray/c4
85,Esri/application-boilerplate-3x-js
84,Esri/generator-esri-appbuilder-js
43,Esri/arcgis-webappbuilder-widgets-themes
125,Esri/solutions-webappbuilder-widgets
47,EventMobi/redux-saga-network-status
145,Eldorado234/PAYFormBuilder
15,ElPsyCongree/Obfuscator-Tool-For-Unity
63,Erkaman/gl-rock
15,Electrode-iOS/ELCodable
81,Electrode-iOS/ELDispatch
114,EnterpriseDB/mongo_fdw
35,EnterpriseDB/pg_catcheck
60,EsotericSoftware/jsonbeans
190,EightMedia/styleguide.js
229,EFForg/starttls-everywhere
30,EFForg/action-center-platform
96,Emu-Docs/Emu-Docs
37,ELENA-LANG/elena-lang
144,Eun/ctf.tf
23,EmersonElectricCo/boomerang
19,EEnginE/engine
132,EatHeat/FloatingExample
114,Exa-Networks/exaproxy
246,Excrulon/Tree-of-Savior-Addons
165,ElasticBox/elastickube
35,EderSantana/X
38,ECSTeam/cloudfoundry-top-plugin
11,EvanLovely/csv_to_jekyll
14,EvoluxBR/open-cnl
13,Ericsson/ericsson-hds-agent
14,EnterpriseVE/eve4pve-barc
392,Eliah-Lakhin/papa-carlo
16,Elao/symfony-standard
29,Esri/quickstart-map-phonegap
19,Emerica/pifm
27,Elizaveta239/frame-eval
16,Elao/symfony-standard
31,Eronarn/deploying-applications-with-ansible
11,EmilTholin/gmail-api-parse-message
13,Emile666/stc1000_stm8
26,Esri/basic-viewer-template
48,EchoFUN/melodycoder
47,Evolving-AI-Lab/mfv
22,EmilStenstrom/conllu
54,ElectronicChartCentre/java-vector-tile
20,EnMasseProject/amqp-kafka-bridge
51,EntropyWorks/salt-openstack
22,EmergingThreats/IDSDeathBlossom
15,EvidentSecurity/custom_signatures
14,Exploit-install/shellsploit-framework
19,EiNSTeiN-/idapython
31,Eronarn/deploying-applications-with-ansible
29,Eneco/kronjob
19,Ekalips/FancyButtonProj
15,ElementsProject/confidential-assets-demo
21,EventMobi/thorium
61,EddyVerbruggen/nativescript-local-notifications
15,EaDesgin/magento2-pdf-generator2
24,EasyCrypt/easycrypt
80,EugeneDae/Force-Paste
31,E-F-A/v3
27,EtherTW/jobs
15,ExploreBTC/BitcoinGrind
24,ElectronicCats/SamyKamTools
12,Edirom/Edirom-Online
41,ENCODE-DCC/encoded
19,ExiguusEntertainment/AmuletsArmor
83,Ezhil-Language-Foundation/Ezhil-Lang
27,Einstein42/myq-garage
187,Element-Research/dpnn
11,EnvisionX/kafka-debian
22,EtherTW/LogoVote2017
22,EtherTW/LogoVote2017
32,Erkan-Yilmaz/Gridcoin-tasks
11,Eidwinds/a_and_d_vulnerable_web
94,Esri/esri-leaflet-geocoder
13,EddieRingle/SDL
37,ESTOS/colibri.js
26,Eaway/AppCrawler
15,ExCiteS/Sapelli
17,Erethon/Kippo-ansible
86,Evolveum/midpoint
24,ETBlue/debater
19,EC-DIGIT-CSIRC/VirusTotal-Tools
72,Etiene/lua.space
18,Ehco1996/django_blog
31,Evedel/bow
15,Elypson/qt-collapsible-section
17,Esri/terraformer-arcgis-parser
230,Ekito/bootstrap-linkpreview
13,EnclaveConsulting/SANS-Misc
27,EnoxSoftware/HoloLensWithOpenCVForUnityExample
29,ErikHellman/RxJavaExplained
31,ErikHellman/apptl
13,ErikHellman/AndroidBleWrapper
12,ErikHellman/FeatureNotABug
12,Eibriel/ice-cream-truck
46,EvanBurchard/tyranoscript
51,EspoTek/Labrador
32,Enigma32/Enigma.D3
23,Everlag/naive-columstore
13,ErikHellman/AndroidBleWrapper
16,Evolving-AI-Lab/cppnx
69,EmilTholin/image-trace-loader
36,EuroPython/djep
18,EricZimmerman/RECmd
88,EightMedia/TwitterFontana
12,Elgg/apiadmin
13,Elphel/vdt-plugin
11,EricZimmerman/ericzimmerman.github.io
23,ElectricEnjin/nodejs-website-template
31,Ekito/spring-multitenancy
52,Error-freeIT/Dock-Master
22,EmergingThreats/cuckoo-1.1
11,EttusResearch/gr-doa
27,EricssonResearch/openwebrtc-gst-plugins
41,Ezzpify/FindLowDigAccounts
21,Elphel/x393
16,Esri/tbx-pyt-translator
56,Evgeny-Bukovski/ForStudentsLearningCpp
24,EddyVerbruggen/nativescript-email
22,EddyVerbruggen/nativescript-clipboard
66,ElvUI-WotLK/ElvUI
35,ElvUI-TBC/ElvUI
37,EGG-electric-unicycle/documentation
62,EsotericSoftware/wildcard
96,EngineHub/Intake
12,EricZimmerman/AppCompatCacheParser
202,Euterpea/Euterpea
68,Eusth/HoneySelectVR
17,EvanPurkhiser/keyfinder-cli
21,EFForg/www-l10n
34,ESAPI/owasp-esapi-js
52,Embarcadero/DelphiArcadeGames
13,ExplodingLemur/presentations
13,EncodeTS/TensorFlow_Center_Loss
52,EmergingThreats/et-luajit-scripts
20,EelcoKoster/ReverseProxySiteExtension
124,Esri/offline-editor-js
18,Evlos/dockerfile
15,ESMValGroup/ESMValTool
17,EwingTsai/dandelion
36,Esri/solutions-symbology-data
31,EOSIO/chainbase
50,EuanChan/set-up-mac
256,Esri/esri.github.io
49,EdwinTh/padr
52,Esri/storymap-journal
108,Esri/storymap-tour
22,EnderWiggin/Custom-Salem
11,EricSchles/open_data_science_east_2016
57,ElNinjaGaiden/Dapper.DataRepositories
28,Elao/ElaoJsonHttpFormBundle
94,Evizero/UnicodePlots.jl
11,Eromera/erfnet
34,Ephys/TinkersSteelworks
46,Ecogenomics/CheckM
29,ExpressionAnalysis/ea-utils
62,ExaScience/elprep
13,EvanPeelle/Adviz.io
14,Everspace/Plantain
34,EdGENetworks/anuvada
140,EastDesire/jscolor
36,EelcoHoogendoorn/Numpy_arraysetops_EP
49,Erlemar/Erlemar.github.io
11,Eromera/erfnet
23,Eigenstate/vmd-python
49,Erlemar/Erlemar.github.io
32,Emigre/openseadragon-annotations
63,Ensembl/WiggleTools
143,ESTOS/strophe.jingle
19,EdenServers/docker-csgo
41,Ehesp/Steam-Login
13,Erlemar/digit-draw-recognize
12,EmmanuelAdetutu/TeeBotMax
20,EdwardTyantov/pytorch-kaggle-amazon-space
145,Enny1991/PLSTM
109,EssexUniversityMCTS/gvgai
19,Evizero/Augmentor.jl
13,ECLaboratorio/datos
29,Esri/gis-stat-analysis-py-tutor
15,Evfro/TensorGlue
34,EdGENetworks/anuvada
89,EventRegistry/event-registry-python
22,EPFL-LCN/neuronaldynamics-exercises
42,EconometricsBySimulation/Shiny-Demos
70,EvanHahn/English-text-highlighting
15,Evfro/TensorGlue
34,EdGENetworks/anuvada
12,Edinburgh-Genome-Foundry/DnaFeaturesViewer
64,Erdos-Graph-Framework/Erdos
106,EbenSorkin/Merriweather
116,ExpediaDotCom/c3vis
20,ENGYS/HELYX-OS
106,EbenSorkin/Merriweather
30,EBIvariation/vcf-validator
11,EverNewJoy/UE4GamepadUMG
22,EPadronU/balin
