616,FoundatioFx/Foundatio
1709,Fody/Fody
173,FinalTheory/wireless-network-reproduction
32,FrozenGene/presentation
50,ForgotFun/wifidog
1400,Foundry376/Mailspring
1578,Freeyourgadget/Gadgetbridge
3500,FrontendMasters/front-end-handbook-2017
979,FountainJS/generator-fountain-webapp
2311,FormidableLabs/electron-webpack-dashboard
2836,FLIF-hub/FLIF
52874,FortAwesome/Font-Awesome
37,ForestAdmin/forest-express-sequelize
5127,FormidableLabs/victory
230,Floobits/floobits-atom
1555,FriendsOfSymfony/FOSRestBundle
37,FreeCodeCampBusan/javascript_videos
556,Fluorohydride/ygopro
83,FactomProject/factomd
53,FantasticLBP/Hotels
82,FooBarWidget/boyer-moore-horspool
67,FutunnOpen/futuquant
7526,FelisCatus/SwitchyOmega
90,Fonour/Fonour.AspnetCore
1744,Flolagale/mailin
8522,FFmpeg/FFmpeg
19012,FreeCodeCampChina/freecodecamp.cn
457,Fuzion24/JustTrustMe
35,Filipowicz251/mijia-1080P-hacks
1899,Fotoapparat/Fotoapparat
1957,FreeRDP/FreeRDP
165,FranckFreiburger/http-vue-loader
5687,FriendsOfPHP/Goutte
17007,FallibleInc/security-guide-for-developers
141,FanhuaandLuomu/geetest_break
672,F5OEO/rpitx
1388,FrankFang/best-chinese-front-end-blogs
472,FluxionNetwork/fluxion
687,FiloSottile/gvt
1188,FormidableLabs/rapscallion
159,FuzzySecurity/DefCon25
240,FuzzySecurity/PSKernel-Primitives
657,FabrizioBrancati/Queuer
1373,Froussios/Intro-To-RxJava
1063,F-Stack/f-stack
1419,FormidableLabs/freactal
749,FriendsOfPHP/security-advisories
172,Frugghi/SwiftLCS
128,FantasRu/WordCloud
6642,Freelander/Android_Data
980,FuzzySecurity/PowerShell-Suite
253,Feiox/useless-websites
68,Fyus1201/nuomi
42,Fusl/intrace
2758,Fyrd/caniuse
4728,Freeboard/freeboard
6117,Flipboard/FLAnimatedImage
20,FrenchDeath/TranslucentShader
43,Flying-Einstein/LaunchScreenTest
18701,FezVrasta/bootstrap-material-design
13,FrogSquare/GodotAds
27,Flowpack/Flowpack.ElasticSearch
33,Flowpack/Flowpack.ElasticSearch.ContentRepositoryAdaptor
21,Flowpack/Flowpack.SimpleSearch.ContentRepositoryAdaptor
1069,FolioReader/FolioReader-Android
26,F1uYu4n/hashcrack
1426,FasterXML/jackson-databind
147,FiloSottile/CVE-2016-2107
2758,Fyrd/caniuse
40,FrostyX/tracer
29,Franck-Dernoncourt/Coursera-Machine-Learning-Fall2013-4thEd-AndrewNg
67,FoxBPM/FoxBPM
8460,Flipboard/FLEX
1232,FudanNLP/fnlp
65,Fuzion24/OSX_Swizzler
614,FreeRADIUS/freeradius-server
242,FabioBaroni/awesome-exploit-development
86,FontManager/master
60,Feneric/doxypypy
1331,Flowdalic/asmack
965,Famolus/awesome-sass
530,FullerHua/gooseeker
419,Fixhub/Fixhub
95,FuzzySecurity/HackSysTeam-PSKernelPwn
12,FIRSTdotorg/global-irt
131,FloeDesignTechnologies/phpcs-security-audit
810,Folkloreatelier/laravel-graphql
130,FirebirdSQL/firebird
148,FiloSottile/captive-browser
419,Fixhub/Fixhub
421,Frug/AJAX-Chat
3399,Flipboard/bottomsheet
158,FastBootWeixin/FastBootWeixin
307,ForbesLindesay/ajax
42,Flo354/Androick
5716,FormidableLabs/radium
2137,Financial-Times/polyfill-service
335,FALCONN-LIB/FALCONN
673,Fody/Costura
6233,FezVrasta/popper.js
7263,FineUploader/fine-uploader
3311,FasterXML/jackson
1318,FormidableLabs/react-animations
1585,Fantomas42/django-blog-zinnia
419,FormidableLabs/spectacle-boilerplate
47,FrozenSand/UrbanTerror4
1743,FastLED/FastLED
29,FindHao/auto_car
162,FunctionClub/v2ray.fun
756,FabrizioBrancati/BFKit
21,FuseByExample/getting_started_with_activemq
153,FlimFlam69/WiiUTutorial
129,F-Secure/mittn
5298,FormidableLabs/spectacle
1213,FX-Max/Point-of-Android
482,Fotoapparat/FaceDetector
652,Friend-LGA/LGAlertView
27,FluentFramework/fluent-design
1743,FastLED/FastLED
963,FE-Driver/vue-beauty
136,FNNDSC/ami
107,FireFart/WordpressPingbackPortScanner
61,FabriceSalvaire/PySpice
372,FrontEndRoad/HTML5-FAQ
82,FuZhucheng/SSM
10574,Flipboard/react-canvas
31,FE-star/2017.8
46,FlyersWeb/dhtbay
602,Fody/PropertyChanged
384,FortySevenEffects/arduino_midi_library
208,FotoVerite/Faker.js
13,Fictizia/Curso-JS-Avanzado-para-desarrolladores-Front-end_ed2
168,FEDevelopers/tech.description
1774,FreeCAD/FreeCAD
281,FuelInteractive/fuel-ui
817,FormidableLabs/nuka-carousel
130,Fizzadar/Luapress
24,Francesco149/oppai-ng
51,FacePlusPlus/MegviiFacepp-Android-SDK
1277,Foxandxss/angular-toastr
179,Fenixin/Minecraft-Region-Fixer
20,FidelityInternational/chaos-galago
156,FPGAwars/icezum
65,FPGAwars/apio
166,FormidableLabs/react-image-palette
2515,FriendsOfSymfony/FOSUserBundle
26,FF-Mercurial/ug
1774,FreeCAD/FreeCAD
68,FriendSoftwareLabs/friendup
977,FascinatedBox/lily
282,ForestryMC/ForestryMC
787,FormidableLabs/component-playground
25,Flaque/penguin
366,Farata/angular2typescript
1277,Foxandxss/angular-toastr
52,FluidSynth/fluidsynth
931,FStarLang/FStar
9907,FormidableLabs/webpack-dashboard
694,FakeItEasy/FakeItEasy
68,FlorianRappl/AngleSharp
74,FantasticFiasco/mvvm-dialogs
353,FancyGrid/awesome-grid
25,FreddieWitherden/ta
168,FarmBot/farmbot-arduino-firmware
369,FarmBot/Farmbot-Web-App
345,FarmBot/farmbot_os
92,FullstackAcademy/firebones
369,FarmBot/Farmbot-Web-App
168,FarmBot/farmbot-arduino-firmware
345,FarmBot/farmbot_os
276,Far0n/xgbfi
1195,FaridSafi/react-native-gifted-listview
354,ForbesLindesay/taxi-rank
276,Far0n/xgbfi
1006,FriendsOfPHP/pickle
52,FluidSynth/fluidsynth
611,FezVrasta/snackbarjs
31,FidelisClayton/elm-jobs
39,FrancescoCeruti/linux-show-player
40,Frederick-S/Learn-C-The-Hard-Way-Exercise
156,FPGAwars/icezum
27,Fl0pZz/Apipie
31,Fahreeve/aiovk
488,FormidableLabs/victory-native
488,FormidableLabs/victory-native
323,Flafla2/Vive-Teleporter
490,FelipeBB/Design-Patterns-JS
200,FoxxMD/intellij-jvm-options-explained
68,FaridSafi/ChatApp
3123,FormidableLabs/react-game-kit
15,FinNLP/fin
280,FinNLP/en-inflectors
17,FreddieLindsey/truffle-webpack-boilerplate
106,Froser/Quick
500,FaizMalkani/Fabulous
1261,FactoryBoy/factory_boy
1500,FinalTeam/RxGalleryFinal
1022,FredericHeem/starhackit
1237,Factual/drake
651,Franck-Dernoncourt/NeuroNER
78,FasterXML/jackson-modules-java8
9907,FormidableLabs/webpack-dashboard
305,FDA/openfda
3123,FormidableLabs/react-game-kit
68,FaridSafi/ChatApp
16,FrancisVega/sketch-copy-paste-layout-settings
168,FrozenPandaz/ng-universal-demo
266,Frozenball/pytest-sugar
651,Franck-Dernoncourt/NeuroNER
482,Frozen-Flask/Frozen-Flask
726,Flexget/Flexget
196,FreeOpcUa/freeopcua
183,FreeOpcUa/python-opcua
18,FerreroJeremy/Cross-Language-Dataset
183,FreeOpcUa/python-opcua
354,FZUG/repo
137,FutunnOpen/OpenQuant
11,FCH808/FCH808.github.io
49,Fernerkundung/awesome-sentinel
56,FFmpeg/web
3123,FormidableLabs/react-game-kit
63,FlorianFe/Elements
41,F1ash/qt-virt-manager
817,FabianTerhorst/Isometric
9907,FormidableLabs/webpack-dashboard
3781,FaridSafi/react-native-gifted-chat
113,Foxandxss/sails-angular-jwt-example
9907,FormidableLabs/webpack-dashboard
194,ForbesLindesay/express-route-tester
211,FullstackTypeScript/redux-bootstrap
9907,FormidableLabs/webpack-dashboard
3123,FormidableLabs/react-game-kit
490,FelipeBB/Design-Patterns-JS
137,FutunnOpen/OpenQuant
55,FakeSmile/FakeSmile
34,FineUploader/vue-fineuploader
83,FrankerFaceZ/FrankerFaceZ
57,Flagbit/Magento-ChangeAttributeSet
368,ForbesLindesay/browserify-middleware
4918,FriendsOfPHP/PHP-CS-Fixer
1654,FransBouma/Massive
3781,FaridSafi/react-native-gifted-chat
98,FasterXML/jackson-jr
2141,FormidableLabs/react-music
73,FidelLimited/serverless-plugin-warmup
9907,FormidableLabs/webpack-dashboard
125,FluXy/SMC
536,FaridSafi/react-native-google-places-autocomplete
538,Fullscreen/yt
56,FauDroids/MrHyde
490,FelipeBB/Design-Patterns-JS
3392,FuzzyAutocomplete/FuzzyAutocompletePlugin
60,FabianTerhorst/PokemonGo
48,FXMisc/Flowless
651,Franck-Dernoncourt/NeuroNER
1195,FaridSafi/react-native-gifted-listview
46,Forec/text-cooccurrence
651,Franck-Dernoncourt/NeuroNER
20,FeiSun/WordRep
20,FanhuaandLuomu/captcha_break_keras
14,Floppy/jekyll-test
3781,FaridSafi/react-native-gifted-chat
992,FaridSafi/react-native-gifted-form
1486,ForestAdmin/lumber
490,FelipeBB/Design-Patterns-JS
115,ForstaLabs/libsignal-node
388,FRBNY-DSGE/DSGE.jl
19,Fretice/Tencent_Cartoon_Download
69,F4-Group/dokku-apt
2108,Fooidge/PleaseJS
1255,FasterXML/jackson-core
266,F-loat/vue-simplemde
75,FabricAttachedMemory/Emulation
2885,Frege/frege
64,Frege/frege-repl
62,Fitblip/wsstat
47,FrancisArgnR/Time-series---deep-learning---state-of-the-art
1469,FolioReader/FolioReaderKit
75,FRESNA/PyPSA
14,FRBNY-DSGE/StateSpaceRoutines.jl
1469,FolioReader/FolioReaderKit
120,FenixEdu/fenixedu-academic
55,FiloSottile/zcash-mini
14,Fabrizio-Caruso/CROSS-CHASE
989,FreeTymeKiyan/LeetCode-Sol-Res
32,Francis-Hsu/TeXstudio_Solarized
989,FreeTymeKiyan/LeetCode-Sol-Res
70,Factual/clj-leveldb
294,Factual/skuld
359,FengMoeTeam/NHentai-android
26,FaithPatrick/typecho-theme-apollo
14,FRBNY-DSGE/DSGE-2015-Apr
11,FRBNY-DSGE/CEF_2017_Workshop
127,FakeNewsChallenge/fnc-1
188,Fanping/iveely.search
669,Facepunch/Facepunch.Steamworks
48,FormidableLabs/victory-core
62,FRosner/drunken-data-quality
144,FrontendMasters/api-design-node
12,Fang-Haoshu/multi-human-pose
405,Fornoth/spotify-connect-web
12,Fang-Haoshu/multi-human-pose
12,Fang-Haoshu/multi-human-pose
454,FIX94/Nintendont
427,FranticRain/Xone-OSX
91,Far0n/kaggletils
107,FredericGodin/DynamicCNN
14,Firefly-Automation/Firefly
34,Far0n/kaggle-homesite
91,FraPochetti/StocksProject
639,FortAwesome/font-awesome-sass
1269,Friend-LGA/LGSideMenuController
68,FaceDetect/jointCascade_py
87,Fdevmsy/Image_Classification_with_5_methods
37,FudanNLP/CWS_LSTM
17,FilipeMaia/afnumpy
17,Frank1604/files_gpxviewer_extended
19,Felix2yu/bilist
231,FreezingMoon/AncientBeast
29,FalongShen/SegModel
159,FreelancePentester/ddos-script
16,Flamefork/freefocus
24,FranklinChen/hugs98-plus-Sep2006
2758,FredKSchott/CoVim
686,FreeApophis/TrueCrypt
825,Famolus/HTPressableButton
60,FreeGIS/postgis_LayerTransform
12,Fennec-kun/Guide-to-Modern-OpenGL-Functions
6631,Famous/famous
2012,Famous/famous-angular
221,FamousArchives/examples
31,FinndropStudios/GifRocket
12,FZUG/members
263,Flyspray/flyspray
60,FreeGIS/postgis_LayerTransform
33,FreeGIS/Ol3-Echarts
1555,FuYaoDe/react-native-app-intro
200,Frontwise/grid-editor
166,Fenghuapiao/PythonCrawler
36,Focfa/Jreader
11,FutureSharks/photon-env-monitor
54,Flyteas/Struts2-045-Exp
550,Fourdee/DietPi
152,Fnoz/FNUrlRoute
127,February12/YLPhotoBrowser
23,Foreveriss/SpringBoot
22,Fenghuapiao/PyQuickInstall
250,FurqanSoftware/loadcat
43,Flash3001/iOSCharts.Xamarin
394,FXMisc/RichTextFX
595,FriendsOfCake/awesome-cakephp
547,FasterXML/jackson-annotations
553,File-New-Project/EarTrumpet
126,Flarum-Chinese/flarum-ext-simplified-chinese
28,FasterXML/jackson-dataformat-protobuf
19,FoxDenStudio/FoxGuard
119,FlymeOS/manifest
168,FatDong1/vue-blog
31,FantasyJXF/Translation
184,FasterXML/java-classmate
101,FrontierPsychiatrist/spring-oauth-example
15,Frank-Hust/SpringAndStagger
601,FrankFang/wheels
26,FlinkML/flink-jpmml
47,FlinkML/flink-tensorflow
245,FasterXML/jackson-dataformat-xml
13,FusePump/cli.php
181,FasterXML/jackson-dataformat-csv
15,FuZhucheng/SpringDataJPA
119,FlymeOS/manifest
203,Fleurer/fleurix
101,FrontierPsychiatrist/spring-oauth-example
161,FasterXML/aalto-xml
45,FlyRabbit/AntiRecall
39,FrameReserve/TrainingBoot
168,FatDong1/vue-blog
176,FasterXML/jackson-module-jsonSchema
761,Froxlor/Froxlor
205,FruitieX/teleirc
622,FreshRSS/FreshRSS
70,FreebieStock/php-nudity-detector
1903,Fakerr/git-recall
759,FriendsOfSymfony/FOSElasticaBundle
958,FFTW/fftw3
15,Fenton-Fenton-Fenton/alexa-tube
15,FuZhucheng/SpringDataJPA
15,FuZhucheng/SpringDataJPA
272,FezVrasta/ark-server-tools
15,FuZhucheng/SpringDataJPA
47,FerencKun/angular-datatable
1668,FriendsOfPHP/Sami
725,FormidableLabs/react-live
90,Flipboard/express-cluster
63,FrigoEU/psc-ide-vim
92,FlowCrypt/flowcrypt-browser
589,FluentLenium/FluentLenium
53,FirePrayer/KSYMediaPlayer_Android
2163,FiloSottile/Heartbleed
759,FriendsOfSymfony/FOSElasticaBundle
43,FooDeas/raspberrypi-ua-netinst
164,FuZer/Study_TensorFlow
53,FirePrayer/KSYMediaPlayer_Android
1947,FrozenNode/Laravel-Administrator
104,Frozen-Developers/android-cache-cleaner
71,FunnyGuilds/FunnyGuilds
123,FasterXML/jackson-dataformat-yaml
87,FlixelCommunity/flixel
60,FINRAOS/herd
37,FancyGrid/FancyGrid
33,FacePlusPlus/java-sdk
203,Fleurer/fleurix
56,FrenchYann/Chess3D
405,Franiac/TwitchLeecher
22,FunriLy/springboot-study
186,FutureProcessing/spring-boot-security-example
283,FanfouAPI/FanFouAPIDoc
21,Faithlife/System.Data.SQLite
67,Firstbloodio/token
15,FatliTalk/blog
31,Fraysa/Destiny
24,FairRootGroup/FairRoot
20,Financial-Times/tapper
3118,FontCustom/fontcustom
69,Fleex255/PolicyPlus
78,FICTURE7/CoCSharp
36,FICTURE7/UnityDissector
65,FXyz/FXyz
28,FilipDeVos/sp_select
53,FortAwesome/font-awesome-less
21,FreemanZhang/leetcode
224,FreeCAD/FreeCAD-library
83,FreeCAD/FreeCAD-addons
705,Foreveryone-cz/win-sshfs
165,Feng14/MiniWeChat-Server
279,Frogmarch/ionic-wechat
615,FlorianMielke/FMMoveTableView
134,FlexMonkey/ShinpuruLayout
1161,FredKSchott/the-node-way
112,FORTH-ModelBasedTracker/HandTracker
232,Findow-team/Blog
116,FrozenGene/LLVMPascalCompiler
14,Foxandxss/angular-laravel4-workflow
2025,FrDH/jQuery.mmenu
260,Factual/durable-queue
1041,FahimF/FloatLabelFields
2055,Frank-Zhu/PullZoomView
246,FasterXML/jackson-docs
333,FidoProject/Fido
43,FounderIsShadowWalker/particalAniamtion
57,FelixPetriconi/AllocatorBuilder
781,Fichardu/CircleProgress
14,FieldFox/Codesys-Mqtt-lib
407,Feuerlabs/exometer
453,FriendsOfPHP/uprofiler
13,FrankFan/web-components
1557,FrDH/jQuery.dotdotdot
11,FlyingShit-XinHuang/kong-auth-demo
111,FrogTheFrog/steam-rom-manager
105,Fueled/flowr
1557,FrDH/jQuery.dotdotdot
417,FredWe/How-To-Ask-Questions-The-Smart-Way
14,FuseByExample/activemq-amqp-example
228,Filsh/yii2-oauth2-server
879,Freelander/Elephant
12,FuckBlog/FuckBlog
168,FibreFoX/javafx-gradle-plugin
185,FrederickRider/AutoCompleteBubbleText
705,Foreveryone-cz/win-sshfs
24,FabianGosebrink/Foodchooser-ASPNET-Angular-Cross-Platform
751,Formstone/Formstone
98,FXDocs/docs
22,FPtje/Falcos-Prop-protection
185,FWGS/xash3d
60,ForwardCom/manual
30,FirefoxBar/HeaderEditor
11,FlyingShit-XinHuang/kong-auth-demo
380,Floens/Clover
50,FrankFang/githublog
18,FishermansEnemy/bucket_finder
208,Fanael/rainbow-delimiters
1731,Famous/engine
11,FlyingShit-XinHuang/kong-auth-demo
70,FunctionClub/YankeeBBR
93,FlexMonkey/LiveCameraFiltering
11,FlyingShit-XinHuang/kong-auth-demo
208,Fanael/rainbow-delimiters
890,Fuco1/smartparens
49,FiloSottile/openbsd-fde-crack
126,FlexMonkey/SwiftSpace
28,Fnoz/Unicoder4Mac
1071,Finb/V2ex-Swift
76,FransBouma/InjectableGenericCameraSystem
649,FIRHQ/fir-cli
141,FluxML/Flux.jl
226,Fuco1/dired-hacks
437,FahimF/SQLiteDB
50,FrankFang/githublog
149,February12/YLBaseChat
77,FunctionClub/SSR-Bash-Python
888,Foliotek/Croppie
133,Form5/parallax
44,FabModules/fabmodules-html5
108,FoolCode/FoOlSlide
1161,FredKSchott/the-node-way
15,Flipkart/phantom
423,ForoneTech/ForoneAdministrator
423,ForoneTech/ForoneAdministrator
7238,FredrikNoren/ungit
509,Floris497/mac-pixel-clock-patch-V2
423,ForoneTech/ForoneAdministrator
63,FriendsOfTYPO3/frontend_editing
110,Flafla2/Unity-Wiimote
156,FlymeOS/flyme-release
46,Frosv/QianDuanKeng
11,FrankFang/wtf-slides
509,Floris497/mac-pixel-clock-patch-V2
33,FriendsOfREDAXO/redactor2
299,FreedomBen/rtl8188ce-linux-driver
65,FindHao/CoolHosts
280,Flynsarmy/PHPWebSocket-Chat
14,FrankFang/nodejs-test
394,FVANCOP/ChartNew.js
811,FGRibreau/mailchecker
280,Flynsarmy/PHPWebSocket-Chat
14,Fine0830/FineChart-Saiku
75,Franklin89/NGitLab
16,FanfouAPI/node-fanfou
40,FF-Beer4TheBeerGod/BeerSheets
16,FanfouAPI/node-fanfou
17,Freeza91/baidu_ocr
26,FelixWeis/python-hdwallet
64,FriendsOfSymfony/FOSMessage
135,FranckFreiburger/vue-pdf
146,FatDong1/cross-domain
3068,FormidableLabs/nodejs-dashboard
103,FormstoneClassic/Dropper
65,FindHao/CoolHosts
107,Fluidbyte/Node-FSAPI
64,FriendsOfSymfony/FOSMessage
314,FriendsOfSymfony/FOSMessageBundle
286,Flinesoft/BartyCrouch
19,FirstCypress/LiV
280,Flynsarmy/PHPWebSocket-Chat
3068,FormidableLabs/nodejs-dashboard
57,ForNeVeR/wpf-math
639,FriendsOfSymfony/FOSOAuthServerBundle
126,FriendsOfCake/cakephp-csvview
746,FremyCompany/css-grid-polyfill
180,FreeTDS/freetds
746,FremyCompany/css-grid-polyfill
264,FrontendMasters/react-enlightenment
12,FaithPatrick/APlayer-Typecho-Plugin
292,FriendsOfCake/CakePdf
95,FeatherweightLabs/FeatherweightRouter
85,FallingSnow/h265ize
120,Flaxis/slick-ui
135,FranckFreiburger/vue-pdf
195,FaaPz/Slim-PDO
88,Flynsarmy/laravel-db-blade-compiler
200,Folkloreatelier/laravel-image
746,FremyCompany/css-grid-polyfill
98,Fauntleroy/GIFit
278,FriendsOfCake/crud
96,Frizen/Plains-Gate
17,F8LEFT/cydiasubstrate_hooktools
14,F8LEFT/AndroidAntiDebugger
195,FaaPz/Slim-PDO
195,FaaPz/Slim-PDO
88,Flynsarmy/laravel-db-blade-compiler
45,FrontendMasters/workshops
120,Flaxis/slick-ui
28,Forec/lan-ichat
17,F8LEFT/cydiasubstrate_hooktools
14,F8LEFT/AndroidAntiDebugger
154,Fazecast/jSerialComm
895,FreeRDP/Remmina
208,FoolCode/SphinxQL-Query-Builder
191,FGRibreau/jq.node
133,FluidTYPO3/vhs
118,FluidTYPO3/flux
61,FluidTYPO3/fluidpages
23,FluidTYPO3/builder
64,FriendsOfSymfony/FOSMessage
30,FatDong1/time-record
14,FEPatients/with-or-without-fp
391,FriendsOfSymfony/FOSCommentBundle
17,FoxxMD/laravel-elasticbeanstalk-queue-worker
27,Fyrd/purejs-datalist-polyfill
16,Fuhua-Chen/ReSpeaker_Microphone_Array_Firmware
649,FRiCKLE/ngx_cache_purge
175,Foundation-for-Jekyll-sites/jekyll-foundation
12,FormidableLabs/react-native-animation-workshop
231,FormidableLabs/react-progressive-image
28,FbF/Laravel-Solarium
135,FranckFreiburger/vue-pdf
354,Friend-LGA/LGPlusButtonsView
649,FRiCKLE/ngx_cache_purge
209,FIRHQ/flow.ci
708,FlyingPumba/SimpleRatingBar
36,FelixLee0527/ZhiMaScoreCurve
37,FiveYellowMice/curly-turtle
193,FiveYellowMice/how-to-convert-videos-with-ffmpeg-zh
179,Firedamp/Rudeness
639,FriendsOfSymfony/FOSOAuthServerBundle
149,FoilPHP/Foil
117,ForkandBeard/Alferd-Spritesheet-Unpacker
163,Fauntleroy/react-simple-dropdown
1211,FiloSottile/whosthere
178,FactomProject/FactomCode
64,FriendsOfSymfony/FOSMessage
251,FRiCKLE/ngx_zeromq
463,FinelySliced/leanModal.js
27,FlandreUNX/uModbusMaster
61,Flepsik/ProgressRingView
98,FrayxRulez/SwipeListView
176,Foliotek/AjaxQ
16,Fuhua-Chen/ReSpeaker_Microphone_Array_Firmware
45,Fantomas42/django-tagging
23,FREEZX/nuke.js
109,FabioLolix/LinuxTimeline
146,FatDong1/cross-domain
195,FaaPz/Slim-PDO
88,Flynsarmy/laravel-db-blade-compiler
3068,FormidableLabs/nodejs-dashboard
76,FollowMyVote/StakeWeightedVoting
13,Flowerowl/pylinktester
16,FireLustre/php-dfa-sensitive
78,FCC/Crawler
101,FRC-Utilities/QDriverStation
45,FalconChristmas/fpp
355,FSX/momoko
21,Faradey27/react-redux-webpack2-starterkit
52,FWeinb/metalsmith-watch
95,FeatherweightLabs/FeatherweightRouter
688,FriendCode/gittle
1170,FoxUSA/OpenNote
200,Folkloreatelier/laravel-image
62,Fedict/eid-mw
17,FooSoft/md2vim
115,Factual/riffle
188,FlyersWeb/angular-symfony
844,Flet/semistandard
72,Fruzenshtein/spr-data
746,FremyCompany/css-grid-polyfill
98,Fauntleroy/GIFit
278,FriendsOfCake/crud
179,Firedamp/Rudeness
19,F1LT3R/farbtastic-color-picker
746,FremyCompany/css-grid-polyfill
120,F483/dejavu
120,F483/dejavu
52,FWeinb/metalsmith-watch
653,FriendsOfPHP/Sismo
639,FriendsOfSymfony/FOSOAuthServerBundle
53,FreeRADIUS/freeradius-client
42,FineUploader/php-traditional-server
688,FriendCode/gittle
55,FedeDP/Clight
127,FormidableLabs/webpack-stats-plugin
12,FaCuZ/laravel-theme
11,FARCER/work_template
71,Firehed/php-daemon
16,ForNeVeR/fornever.me
71,Firstborn/Craft-CMS-Migration-Manager
99,FIRHQ/LogGuru
17,Flyfishering/MMDrawerController
846,FixIssue/FixCode
1656,FlexMonkey/Filterpedia
221,Flying-Einstein/Encryptions
96,ForkPanda/RescueXcodePlug-ins
206,ForgeEssentials/ForgeEssentials
102,FormstoneClassic/Zoomer
43,FTD-YI/TestCoreML
11,FannCyii/CCCycleScrollView
103,February12/YLImagePickerController
11,FIRHQ/fir_eclipse_plugin
24,FriendsOfCake/Authorize
30,Fantast-WLB/LB3DBanner
121,Friend-LGA/LGFilterView
30,Fantast-WLB/LB3DBanner
21,FirstDKS521/PopAction
41,FantasticLBP/Hotels_Server
62,FTC-Chen/DoubleWavesAnimation
212,FlowForwarding/dynamiccharts
135,Forkong/FKConsole
30,Fantast-WLB/LB3DBanner
39,FreeMind-LJ/NSURLProtocolExample
30,Fantast-WLB/LB3DBanner
279,Fortyseven/RA_1993
240,FacePlusPlus/facepp-ios-sdk
813,FlexMonkey/Blurable
49,FlyRecker/FlyGallery
893,FancyPixel/gulps
28,FloydaGithub/wxapp
140,FuruyamaTakeshi/DLNA
62,FTC-Chen/DoubleWavesAnimation
392,FRiCKLE/ngx_postgres
168,Falicon/BitlyPHP
62,FTC-Chen/DoubleWavesAnimation
41,FantasticLBP/Hotels_Server
46,FlexMonkey/CoreImageForSwiftPlaygrounds
42,Flinesoft/CSVImporter
107,FancyPixel/done-swift
249,FreedomZZQ/IcePlayer
77,FlexMonkey/ForceSketch
52,FelipeCardoso89/UILoadControl
43,FPtje/darkrpmodification
113,FortechRomania/ios-mvp-clean-architecture
405,FlexMonkey/ParticleLab
113,FortechRomania/ios-mvp-clean-architecture
25,Flash3001/Xamarin.Swift3.Support
19,FIX94/iosuhax
25,Fawxy/CBPinEntryView
653,FabrizioBrancati/BFKit-Swift
653,FabrizioBrancati/BFKit-Swift
38,FlexMonkey/VideoEffects
558,FaustDeGoethe/simple-rootkit
473,FlashBoys/go-finance
25,Fawxy/CBPinEntryView
242,FaceAR/OpenFaceIOS
466,FlexMonkey/Plum-O-Meter
894,FormidableLabs/redux-little-router
653,FabrizioBrancati/BFKit-Swift
194,FlexMonkey/SmoothScribble
19,FlexMonkey/SceneKitMaterialEditor
671,FutureKit/FutureKit
653,FabrizioBrancati/BFKit-Swift
25,FlexMonkey/DeepPressGestureRecognizer
206,FuriKuri/docker-best-practices
44,FogCreek/RoslynGenerator
207,FlexMonkey/MarkingMenu
53,Figure53/F53OSC
671,FutureKit/FutureKit
653,FabrizioBrancati/BFKit-Swift
38,FengDeng/SwiftNet
671,FutureKit/FutureKit
63,FlexMonkey/ShinpuruImage
206,FuriKuri/docker-best-practices
44,FogCreek/RoslynGenerator
671,FutureKit/FutureKit
63,FlexMonkey/ShinpuruImage
20,FlexMonkey/MercurialPaint
653,FabrizioBrancati/BFKit-Swift
206,FuriKuri/docker-best-practices
44,FogCreek/RoslynGenerator
20,FlexMonkey/MercurialPaint
227,FlexMonkey/sweetcorn
12,FNNDSC/pypx
113,FilipZawada/FlowKit
894,FormidableLabs/redux-little-router
45,FlexMonkey/CoreImageHelpers
46,FranGoitia/basketball_reference
35,FranGoitia/basketball-analytics
20,FlexMonkey/MercurialPaint
13,Fluffcorn/ios-sticker-packs-app
155,FermORG/FermionJS
40,FlexMonkey/MetalKit-Particles
242,FaceAR/OpenFaceIOS
209,FTPbox/FTPbox
193,Fyus1201/music
653,FabrizioBrancati/BFKit-Swift
113,FilipZawada/FlowKit
93,Frexas/HolyView
14,Forkong/ZBar-iOS
653,FabrizioBrancati/BFKit-Swift
193,Fyus1201/music
260,Fnoz/FNBlingBlingLabel
16,FrenchKit/RxClassroom
15,FrenchKit/RxSwiftClassroom
399,FWGS/cs16-client
14,FoxUSA/OpenNoteService-PHP
75,FengDeng/RxGitHubAPI
398,Fnoz/FNMatchPull
15,FrenchKit/RxSwiftClassroom
75,FreemanZhang/system-design
122,FTW/FTWButton
671,FutureKit/FutureKit
81,FbF/Laravel-Youtube
105,FluentDateTime/FluentDateTime
24,FrancoisChabot/abulafia
12,FortAwesome/react-fontawesome
24,F5Networks/k8s-bigip-ctlr
19,F5Networks/f5-icontrol-rest-python
100,F5Networks/f5-common-python
14,FIX94/open-wiiflow-mod
427,FeroxRev/Pokemon-Go-Rocket-API
12,FrancescoSaverioZuppichini/skeleton-card-vuejs
23,FriendsOfNette/cookbook-dependency-injection
25,FastMapper/FastMapper
175,FlorientR/laravel-gentelella
715,Fabianlindfors/multi.js
22,ForgeRock/openam-community-edition
344,Friz-zy/awesome-linux-containers
23,FabriceSalvaire/CodeReview
63,FascinatedBox/RuinMyHistory
68,FacetWP/use-child-theme
25,Frojd/wagtail-geo-widget
61,FineCinnamon/android-gist-index
164,FriendsOfSymfony/FOSHttpCache
179,Fullscreen/squid
388,FineUploader/react-fine-uploader
20,FrozenNode/Social
11,FriendsOfREDAXO/maintenance
117,FooSoft/homemaker
89,Freyskeyd/gulp-prompt
135,FunnyItsElmo/PHP-Minecraft-Server-Status-Query
47,ForestAdmin/forest-express-mongoose
214,FamousArchives/famous-react
81,FarhadG/ui-react
150,FransBouma/DocNet
81,FarhadG/ui-react
150,FransBouma/DocNet
93,FabianGosebrink/ASPNETCore-Angular-SignalR-Typescript
97,FelisCatus/switchysharp
180,FrankPortman/bayesAB
13,FlorentinZorca/JQuery-Data-Binding-Plugin
52,FormidableLabs/formidable-charts
40,Fr8org/Fr8Core
20,FreeleX/MLyrics
439,FredJul/Flym
26,FugroRoames/CoordinateTransformations.jl
13,FugroRoames/Rotations.jl
305,FasterXML/jackson-module-kotlin
44,ForestAdmin/forest-laravel
32,Fritak/messenger-platform
86,Fleurer/lyah
820,FriendsOfSymfony/FOSJsRoutingBundle
324,FormidableLabs/formidable-react-native-app-boilerplate
126,Flipkart/ReactEssentials
116,FormsCommunityToolkit/FormsCommunityToolkit
40,Flepper/flepper
15,FrenchYann/JSON_for_construct2
31,F1LT3R/markserv
69,ForbesLindesay-Unmaintained/diff-match-patch
69,ForbesLindesay-Unmaintained/diff-match-patch
200,FormidableLabs/seattlejsconf-app
16,FadeMind/7-Zip-Themes-Windows10
344,FSX/misaka
29,FormidableLabs/react-synth
44,FooSoft/yomichan-anki
16,ForbesLindesay/seed-random
15,Frontaneria/Open-Support
16,F3Community/F3com-data
12,Fusl/opennic-resolvconf-update
11,FlorianWolters/PHP-Component-Util-Singleton
116,FormsCommunityToolkit/FormsCommunityToolkit
78,FountainJS/generator-fountain-angular1
439,FredJul/Flym
490,FullScreenShenanigans/FullScreenMario
490,FullScreenShenanigans/FullScreenMario
40,Flash3001/MPAndroidChart.Xamarin
23,FbF/Laravel-Jobs
112,Fakerino/Fakerino
17,Fillll/reddit2telegram
17,Fillll/reddit2telegram
17,FMXExpress/CodeCompletion
13,Fedjmike/tush
42,FrogSquare/GodotFireBase
42,FrogSquare/GodotFireBase
41,FranckFreiburger/vue-resize-sensor
28,FranckFreiburger/vue-calendar-picker
17,FMXExpress/CodeCompletion
144,Flyer53/jsPanel
328,FaridSafi/react-native-basketball
