28,Ghosts/Maus
51,Ginurx/MecanimEventSystem
2091,Glimpse/Glimpse
763,Gnucash/gnucash
1902,GangZhuo/BaiduPCS
16115,GoogleChrome/puppeteer
16115,GoogleChrome/puppeteer
10790,GoogleChrome/lighthouse
235,GavinYellow/SharpSCADA
156,Googulator/TeslaCrack
35,Grayon/Douyu-for-Mac
2179,GriddleGriddle/Griddle
195,GavinHwa/alibaba
2834,GoogleChromeLabs/sw-toolbox
3754,GoogleChromeLabs/sw-precache
160,GoogleChrome/OriginTrials
42,G-E-N-E-S-I-S/FuckBattlEye
133,GunhoChoi/PyTorch-FastCampus
342,GitaminHQ/Gitamin
495,GoogleChromeLabs/sample-media-pwa
16,Geal/machine
16538,GitbookIO/gitbook
22,Greedysky/TTKDownloader
43,GlPortal/RadixEngine
666,GeekLiB/AR-Source
582,GraphChi/graphchi-cpp
957,GoogleCloudPlatform/google-cloud-python
4366,GcsSloop/AndroidNote
998,GoogleChrome/essential-image-optimization
2573,GoogleChromeLabs/ui-element-samples
144,GerbenJavado/LinkFinder
3121,Gallopsled/pwntools
98,GiorgioRegni/Binaural-Beats
2216,GoogleChrome/rendertron
463,Gisto/Gisto
70,GadgetReactor/pyHS100
3048,GoogleChrome/workbox
94,Germey/ProxyPool
99,GangZhuo/kcptun-gui-windows
309,GoogleChromeLabs/comlink
2404,GetStream/Winds
26,GuntharDeNiro/BTCT
20,GuntharDeNiro/Gunthy
231,Grafeas/Grafeas
741,GoASTScanner/gas
181,Go-zh/tour
416,Go-zh/go
313,GoFetchAD/GoFetch
977,GDSSecurity/Windows-Exploit-Suggester
168,GcsSloop/MacDeveloper
1179,GoogleCloudPlatform/python-docs-samples
177,Ganapati/RsaCtfTool
565,GGGHub/Reader
177,Ganapati/RsaCtfTool
178,GeertJohan/openwrt-go
22,GNOME/gnome-system-monitor
609,GrrrDog/Java-Deserialization-Cheat-Sheet
13,GoSecure/maven-security-versions
297,GDSSecurity/EvilAbigail
488,Genymobile/gnirehtet
831,Gracker/Rss-IT
453,GeniusBrother/HZExtend
59,GovReady/govready
25,Germey/ADSLProxyPool
1724,GitLqr/LQRWeChat
730,GrahamDumpleton/wrapt
50,GDSSecurity/SQLBrute
89,GreatSCT/GreatSCT
133,GDSSecurity/xxe-recursive-download
177,Ganapati/RsaCtfTool
1738,Giphy/GiphyAPI
1143,GavinFoo/elasticsearch-definitive-guide
17,GeoSn0w/Reverse-Engineering-Tutorials
50,GoHackers/go_command_tutorial
107,GoogleCloudPlatform/govanityurls
37,Germey/CookiesPool
81,GregorR/musl-cross
609,GrrrDog/Java-Deserialization-Cheat-Sheet
35,Grazfather/BlackHatPython
99,GaloisInc/HaNS
860,GaloisInc/HaLVM
243,GaloisInc/haskell-tor
66,GNOME/banshee
16,GDSSecurity/AntiXSS-for-Java
318,Genetic-Malware/Ebowla
52,Gulden/gulden-official
830,Genoil/cpp-ethereum
831,Gracker/Rss-IT
81,GustavePate/lycheesync
4893,Gazler/githug
539,GcsSloop/rclayout
480,G-Joker/WeaponApp
25,Germey/ADSLProxyPool
3706,Graylog2/graylog2-server
689,Gurpartap/AESCrypt-ObjC
488,Genymobile/gnirehtet
19,Gexos/Core-Python-Programming-2nd-Edition-Examples-and-Source-Code
1260,GoogleCloudPlatform/distroless
3706,Graylog2/graylog2-server
365,GraphAlchemist/Alchemy
71,GoSecure/csp-auditor
474,GoogleChrome/omnitone
3031,GoogleChrome/samples
3706,Graylog2/graylog2-server
318,Genetic-Malware/Ebowla
141,GrayLand119/API-Security-Checklist
32,Germey/TaobaoUser
141,GeekGhc/zhihu-app
62,G-E-N-E-S-I-S/loadlibrayy
14,GraxCode/JByteMod-Beta
553,GeoNode/geonode
166,GoogleCloudPlatform/google-cloud-dotnet
539,GcsSloop/rclayout
1260,GoogleCloudPlatform/distroless
165,GeekyAnts/react-native-seed
330,Geekbang/ArchSummit
218,GianlucaGuarini/go-observable
12,GeorgeYuen/teacher
72,Gh0u1L5/WechatMagician
7652,Grouper/FlatUIKit
1080,GiovineItalia/Gadfly.jl
49,GalacticExchange/pretrained
57,GSA/modernization
46,Gaea2/Linux-Notes
141,GoogleCloudPlatform/getting-started-python
57,Graylog2/graylog-plugin-threatintel
50,Gyubin/TIL
15,GeekyEggo/DestinyTailor
77,GeoDaCenter/geoda
22,Gadroc/helios
58,GeertLitjens/ASAP
527,GoogleTrends/data
589,GeekTrainer/Introduction-Programming-Python
406,GabiAxel/ng-polymer-elements
270,GitbookIO/gitbook-cli
485,GameTechDev/IntroductionToVulkan
426,GKalliatakis/Delving-deep-into-GANs
66,GeorgioWan/Oi
66,GMaiolo/mercado-track
159,GunhoChoi/Kind-PyTorch-Tutorial
1101,Glavin001/atom-beautify
16,GenomeUS/keystone-express-sitemap
38,GregFrost/PrusaMendel
29,GrayAreaorg/Summer-Immersive-2014
182,GoogleCloudPlatform/cloud-builders
347,GoBelieveIO/im_service
2031,GoesToEleven/GolangTraining
34,GoogleCloudPlatform/docker-credential-gcr
79,GroaJS/groa
351,Glench/fuzzyset.js
809,GoogleCloudPlatform/nodejs-docs-samples
161,GeometryCollective/geometry-processing-js
264,Galooshi/import-js
30,GoogleCloudPlatform/dataflow-prediction-example
290,Gericop/Android-Support-Preference-V7-Fix
96,GoogleCloudPlatform/android-docs-samples
430,GoogleCloudPlatform/gradle-appengine-templates
77,GoogleCloudPlatform/google-analytics-premium-bigquery-statistics
16,GoogleCloudPlatform/solutions-automated-file-loader-for-bigquery
1173,GabrielAlva/Cool-iOS-Camera
430,GoogleCloudPlatform/gradle-appengine-templates
1282,GarageGames/Torque2D
30,Gsangu/KugouDownloader
223,GMOD/jbrowse
230,GeertWille/sketch-to-xcode-assets-catalog
22,Gelma/LugMap
28,Ghatage/horcrux
21,Gaarv/kadenze-dl
426,GKalliatakis/Delving-deep-into-GANs
127,GoogleChrome/http2push-gae
80,Gottox/child_pty
258,GSA/data
1050,GSA/data.gov
187,Gravebot/Gravebot
88,Gawdl3y/discord.js-commando
290,GPUOpen-LibrariesAndSDKs/Anvil
85,GPUOpen-LibrariesAndSDKs/AMF
64,Gabriel439/Haskell-Lens-Tutorial-Library
95,GibbonEdu/core
41,GoodForPoC/GoodForPoC
3280,GrenderG/Toasty
96,GoogleCloudPlatform/android-docs-samples
310,GDGAhmedabad/Learning-Resources
534,GitAlias/gitalias
14,GenomicParisCentre/eoulsan
16,GavoTrav/subsunday
28,Ghatage/horcrux
297,GcsSloop/ViewSupport
415,Grokzen/redis-py-cluster
426,GKalliatakis/Delving-deep-into-GANs
462,GPflow/GPflow
92,Gainedge/BetterExplorer
343,Gonzih/cljs-electron
270,GitbookIO/gitbook-cli
84,GCC15/bilibili-captcha
267,Grokzen/docker-redis-cluster
131,GoogleCloudPlatform/getting-started-java
6396,GeekyAnts/NativeBase
161,GeometryCollective/geometry-processing-js
144,Guim3/IcGAN
6396,GeekyAnts/NativeBase
31,GeorgeMcIntire/collection_free_DL_resources
392,GetStream/vg
161,GeometryCollective/geometry-processing-js
1410,GetBlimp/django-rest-framework-jwt
149,GradySimon/tensorflow-glove
363,GoogleChromeLabs/MiniMobileDeviceLab
1653,Geal/nom
290,GoogleCloudPlatform/cloudml-samples
6396,GeekyAnts/NativeBase
372,Gbuomprisco/ngx-chips
29,GoogleChrome/devtools-samples
500,Gottox/terminal.js
1725,Guikunzhi/BeautifyFaceDemo
79,GREENBANYAN/PushNotificationManager
512,GcsSloop/diycode
153,Goles/GGTabBar
1047,GoogleChromeLabs/application-shell
713,GeekyAnts/NativeBase-KitchenSink
2031,GoesToEleven/GolangTraining
116,GoesToEleven/golang-web
15,Goktug/NgVideo
23,GaurangTandon/ProKeys
100,GaoKaiHaHa/MyUnityFrameWork
297,GcsSloop/ViewSupport
158,GitIndonesia/awesome-indonesia-repo
325,GadgetCheck/TinderView
364,GoogleCloudPlatform/cloud-functions-emulator
6396,GeekyAnts/NativeBase
290,Gericop/Android-Support-Preference-V7-Fix
11,Gawdl3y/discord-rpbot
79,GoogleCloudPlatform/wordpress-plugins
13,GeKorm/dart-windows
337,GoogleWebComponents/google-map
6396,GeekyAnts/NativeBase
718,GeekyAnts/react-native-easy-grid
77,GllassApp/Caption-Generator
682,GetStream/stream-react-example
102,GeneaLabs/laravel-messenger
1561,Grive/grive
239,GouveaHeitor/nipe
21,GATB/bcalm
1029,GUI/lua-resty-auto-ssl
82,GaelVaroquaux/scikit-learn-tutorial
200,GilLevi/AgeGenderDeepLearning
347,GoogleCloudPlatform/training-data-analyst
310,GDGAhmedabad/Learning-Resources
32,GoogleCloudPlatform/deepbreath
462,GPflow/GPflow
462,GPflow/GPflow
144,Geocld/vue-vueRouter-note-Firebase-mobile
1725,Guikunzhi/BeautifyFaceDemo
29,Gfans/ISPH_NVIDIA_CUDA_CONTEST
82,GaelVaroquaux/scikit-learn-tutorial
2664,GarageGames/Torque3D
271,GoogleCloudPlatform/container-diff
173,GoogleCloudPlatform/forseti-security
140,Generator/Grub2-themes
273,GiacomoLaw/Keylogger
302,Gabriel439/bench
22,GKalliatakis/Adventures-in-deep-learning
253,GoogleChrome/proxy-polyfill
30,GarthTheChicken/Sublime-Text-3-Arc-Dark-theme
21,GyozaGuy/Skype-Electron
322,Granze/awesome-polymer
503,GoogleChromeLabs/howto-components
35,GoogleCloudPlatform/tensorflow-object-detection-example
11,GeoBigData/gbdx-training
25,Gregwar/blocks.js
26,GiterLab/goots
2031,GoesToEleven/GolangTraining
682,GetStream/stream-react-example
13,GStreamer/gst-editing-services
22,GSA/Open-And-Structured-Content-Models
59,Glovo/vue-multianalytics
60,Geal/rust_on_mobile
140,Gnaf/GenesisBlockZero
141,Giveth/minime
93,GitbookIO/theme-default
542,GroundMeteor/db
390,GuillaumeLeclerc/vue-google-maps
11,Greentube/ngx-modal
413,Grsmto/simplebar
1281,GoogleChrome/preload-webpack-plugin
61,GoogleChromeLabs/snapshot
35,GoogleCloudPlatform/tensorflow-object-detection-example
239,GouveaHeitor/nipe
266,Gottwik/Enduro
214,Goles/Battery
3280,GrenderG/Toasty
26,GregoryVds/tcpsnitch
462,GPflow/GPflow
93,GitbookIO/theme-default
18,Gbuomprisco/ng2-expansion-panels
266,Gottwik/Enduro
6396,GeekyAnts/NativeBase
73,Greentube/localize-router
290,GPUOpen-LibrariesAndSDKs/Anvil
85,GPUOpen-LibrariesAndSDKs/AMF
79,GREENBANYAN/PushNotificationManager
266,Gottwik/Enduro
35,GraphCMS/example_01_nextjs_apollo
3280,GrenderG/Toasty
952,GoogleChrome/custom-tabs-client
694,GitbookIO/nuts
22,GeoCenter/StataTraining
12,Github-Classroom-Cybros/Learn-Git-Github
487,GeneralMills/pytrends
138,GoogleCloudPlatform/dataproc-initialization-actions
68,Glavin001/react-hot-ts
240,Geek-1001/Clue
1955,Guake/guake
84,GCC15/bilibili-captcha
1955,Guake/guake
23,GnaneshKunal/scala-native-starter
555,GNS3/gns3-gui
61,GoogleChromeLabs/snapshot
41,GoodForPoC/GoodForPoC
92,Gothdo/range
38,GaloisInc/blt
61,GoogleChromeLabs/snapshot
173,GoogleChromeLabs/airhorn
1457,GoogleChromeLabs/simplehttp2server
503,GoogleChromeLabs/howto-components
59,GianlucaGuarini/animore
2131,Gamua/Starling-Framework
1083,GooTechnologies/goojs
332,GraylinKim/sc2reader
49,GrahamDumpleton/warpdrive
144,Guanghan/darknet
1449,GravityLabs/goose
63,GoogleCloudPlatform/datastore-ndb-python
296,GoogleCloudPlatform/nodejs-getting-started
320,GoogleCloudPlatform/gsutil
432,GoogleCloudPlatform/golang-samples
36,GoogleCloudPlatform/processing-logs-using-dataflow
414,GoogleCloudPlatform/appengine-flask-skeleton
132,GoogleCloudPlatform/appengine-guestbook-python
99,GoogleCloudPlatform/appengine-endpoints-tictactoe-python
44,GoogleCloudPlatform/gcp-service-broker
868,GoogleCloudPlatform/google-cloud-go
35,GangsterHyj/JavaWebInterviewExperience
58,GoogleChrome/credential-management-sample
38,GinSmile/QRobot
74,GuozhuHe/webspider
785,GitTools/GitVersion
11,G33kDude/CodeQuickTester
22,GameServerManagers/Game-Server-Configs
172,Ghadjeres/DeepBach
1076,Grover-c13/PokeGOAPI-Java
28,Gab0/gekkoJaponicus
13,Gaafar/deppie
34,GNUAspell/aspell
399,GlowstoneMC/Glowstone-Legacy
371,GoogleCloudPlatform/java-docs-samples
77,Grazfather/PracticalMalwareLabs
270,GeekLiB/Lee-SLAM-source
15,GitTanvir/uiuStudentRecordSystem
15,GuillaumeGibert/swooz
17,GSA/datagov-deploy
71,Grafikart/CSS3-Loaders
35,Glacier759/Sentiment
201,GetStream/stream-laravel
242,GollyGang/ready
848,GNOME/gimp
32,GIScience/openrouteservice
613,GoesToEleven/golang-web-dev
101,GrenderG/referendum_cat_mirror
159,GoogleCloudPlatform/endpoints-proto-datastore
36,GokuMohandas/Attentional-Interfaces-O-Reilly
84,GerhardR/kfusion
347,Guanghan/ROLO
23,GoogleCloudPlatform/cloud-sql-jdbc-socket-factory
16,GraphProcessor/CommunityDetectionCodes
199,GoogleWebComponents/google-chart
569,GladysProject/Gladys
35,Glacier759/Sentiment
178,GrimoireGL/GrimoireJS
491,GoldenCheetah/GoldenCheetah
79,GoogleCloudPlatform/data-science-on-gcp
80,GoogleCloudPlatform/bdutil
68,GoogleWebComponents/google-apis
59,GoogleWebComponents/google-sheets
35,Glacier759/Sentiment
94,GDG-Xian/crx-transit
179,Gekkio/mooneye-gb
29,GiantToast/language-terraform
124,GoogleCloudPlatform/appengine-django-skeleton
175,GeoffZhu/vue-event-calendar
61,GTNewHorizons/NewHorizons
118,GDSSecurity/wifitap
27,Gerapy/Gerapy
30,GeekZooStudio/O2OMobile_Universal
37,GTMoogle/StreamTheater
368,GoogleChromeLabs/css-triggers
11,GinBaby/hands-on-haskell-meetups
845,GeekLiB/Lee-VR-Source
175,GeoffZhu/vue-event-calendar
1586,GoogleCloudPlatform/google-cloud-node
36,GarfieldLover/GLNavigationArchitectureSet
196,GPPG/GPHandMade
12,GeHou/composer-car
62,GammaGos/ReactNative
366,GraphQLSwift/GraphQL
83,Goyoo/node-k8s-client
26,GeorgeMcIntire/fake_real_news_dataset
21,Galen-Yip/react-redux-router
13,GoogleCloudPlatform/jenkins-packer-agent
14,Gomez/Todotxt
24,Gh0u1L5/WechatMagician-Abundant
590,GrahamDumpleton/mod_wsgi
907,Gaohaoyang/gaohaoyang.github.io
284,Gargron/fileupload
144,GLGJing/ScreenRecorder
11,Griesbacher/histou
28,Griesbacher/nagflux
16,GongDexing/data-generator
45,GetStream/Stream-Example-Nodejs
176,GoogleCloudPlatform/cloudsql-proxy
43,GeekPark/gpk_admin
33,GitPhoenix/DownloadManager
25,Gisonrg/hexo-github-card
61,GetStream/stream-python
35,GoogleCloudPlatform/appengine-custom-runtimes-samples
784,GoogleCloudPlatform/DataflowJavaSDK
457,GavinCT/AndroidMP3Recorder
190,GreyWolfDev/Werewolf
14,Getmrahul/Flask-Graphene-SQLAlchemy
43,Governikus/AusweisApp2
447,GoogleCloudPlatform/google-cloud-java
58,GNOME/glade
1731,GitbookIO/editor-legacy
501,GameXG/TcpRoute2
1279,GameServerManagers/LinuxGSM
137,Gargaj/Bonzomatic
246,GcsSloop/encrypt
620,GoogleCloudPlatform/cloud-vision
173,GoogleCloudPlatform/cloud-functions-go
539,GoogleCloudPlatform/continuous-deployment-on-kubernetes
347,GNOME/gtk
108,GeSHi/geshi-1.0
47,GNOME/evolution
85,GM-Script-Writer-62850/Ubuntu-Mainline-Kernel-Updater
23,GuoJinyu/SimpleZXing
41,GioBonvi/GoogleContactsEventsNotifier
20,GeneralMills/BurrowUI
90,Georce/lepus
19,GNOME/gnome-screenshot
142,GenisysPro/GenisysPro
24,GoesToEleven/lynda
1136,GDG-Korea/PinterestLikeAdapterView
53,Grafikart/dotfiles
21,GoogleCloudPlatform/jetty-runtime
18,GoverSky/HTMLTestRunner
20,GENIVI/dlt-viewer
37,GameBuildingBlocks/FontPruner
58,GavinCT/Crosswalk
19,GongDexing/elasticsearch-mysql
590,GrahamDumpleton/mod_wsgi
57,GNOME/epiphany
126,GerryIsWarrior/ajax
605,Gregwar/Captcha
538,GianlucaGuarini/icaro
186,GoogleCloudPlatform/cloud-sdk-docker
24,GDSSecurity/WCF-Binary-SOAP-Plug-In
714,GabrielAlva/Swift-Prompts
77,Germey/TaobaoMM
44,GoogleCloudPlatform/stackdriver-zipkin
189,GStreamer/gstreamer
32,GcsSloop/Gcs-Vno-Jekyll
135,GiggleAll/php
897,GeekZooStudio/ECMobile_iOS
797,Grabacr07/KanColleViewer
62,GoogleCloudPlatform/appengine-java-vm-runtime
64,GiriB/django-gentelella
27,GitLqr/LQRViedoRecordView
74,GitLqr/MaterialDesignDemo
595,GhostFlying/LocationReportEnabler
32,GcsSloop/Gcs-Vno-Jekyll
75,Grafikart/CakePHP-Media
20,GenTang/spark_hbase
75,GNOME/rhythmbox
135,GiggleAll/php
50,GuoYongfeng/idoc
42,Germey/Zhihu
61,GoesToEleven/csuf
897,GeekZooStudio/ECMobile_iOS
897,GeekZooStudio/ECMobile_iOS
27,GlacierSoft/invoicing
672,Gnod/ParallaxListView
797,Grabacr07/KanColleViewer
31,GeekGhc/adminLTE-for-laravel
46,Germey/TouTiao
136,GallenHu/hexo-theme-Daily
132,GameXG/ProxyClient
167,GlPortal/glPortal
15,GreenDelta/olca-app
34,GodotNativeTools/godot-d
122,GIGAMOLE/ArcProgressStackView
107,GreenSkinMonster/hipda
41,GuiminChu/JianshuExamples
69,Glassdoor/planout4j
43,GolosChain/golos
19,Google1234/Information_retrieva_Projectl-
69,GaryChangCN/zhihu-daily-byVuejs
66,GarageGames/Torque3D-ProjectManager
97,GeeTeam/gt-php-sdk
66,GeeTeam/gt-java-sdk
622,GianlucaGuarini/Vague.js
134,Greg0/Lazer-Database
28,GaoGersy/MultiSelecter
69,GaoGersy/AutoRecycleView
38,GuillaumeSalles/resuggest
13,GoldyMark/ngCityPicker
13,GoldyMark/ngCityPicker
27,GlacierSoft/invoicing
277,Gavin-ZYX/StickyDecoration
885,GeekGhost/Ghost
59,GIKICoder/GRichLabel
225,GuGuss/ARTE-7-Downloader
31,GeekGhc/adminLTE-for-laravel
80,GrailsInAction/graina2
2984,GetmeUK/ContentTools
28,GuoFeilong/ATLoginButton_New
11,GongDexing/database-sync
38,GourdErwa/MyNote
64,GSC-fake/Cossacks-back-to-war
432,GoodieBag/Pinview
260,GeekPress/WP-Quick-Install
11,GoHackers/talks
104,Grafikart/JS-Markdown-Editor
72,GoogleCloudPlatform/google-cloud-intellij
67,GuyCheung/falcon-ngx_metric
14,Gnzlt/AndroidVisionQRReader
1421,GoogleChrome/accessibility-developer-tools
141,GangZhuo/BaiduPCS_NET
42,GitHubWanglei/PieChartDemo
222,GoogleCloudPlatform/Template
57,Gordon-H/ImitationOfWechat
41,GuiminChu/JianshuExamples
97,GeeTeam/gt-php-sdk
22,Geopipe/gltf2glb
80,GrailsInAction/graina2
68,Greathfs/AliPayUiDemo
29,Gant/Gant
920,Gottox/socket.io-java-client
189,GeorgeKimionis/BitcoinLib
34,GodotNativeTools/godot-d
242,Gekkio/imgui-rs
34,GodotNativeTools/godot-d
17,GoogleCloudPlatform/cassandra-cloud-backup
76,Gowee/GoogleMirror
132,GameXG/ProxyClient
61,GradleCN/GradleSide
74,GoogleCloudPlatform/bigdata-interop
80,GrailsInAction/graina2
19,Giwi/camel-kafka
29,GoogleDeveloperExperts/chrome-extension-google-apis
16,GPCsolutions/doliwoo
885,GeekGhost/Ghost
485,Gabriel439/Haskell-Turtle-Library
278,GLSL-Debugger/GLSL-Debugger
280,Greedysky/TTKMusicplayer
59,GIKICoder/GRichLabel
177,GitbookIO/gitbook-pdf
324,GNOME/vala
335,GrahamCampbell/Laravel-Flysystem
948,GavinCT/AndroidMultiChannelBuildTool
615,Gregwar/Image
47,Gernott/mask
170,Grafikart/BlogMVC
327,GianlucaGuarini/jQuery.BlackAndWhite
46,GeekaholicLin/hexo-theme-ylion
201,Guilh/poly
428,GeneaLabs/laravel-caffeine
597,GrahamCampbell/Laravel-Markdown
388,GrahamCampbell/Laravel-Exceptions
118,GrahamDeprecated/Laravel-Dropbox
597,GrahamCampbell/Laravel-Markdown
125,GreenCMS/GreenCMS
237,Glimpse/Home
28,GetJenny/starchat
17,GStreamer/gst-omx
145,Gnurou/busybox-android
249,GoalSmashers/css-minification-benchmark
66,G-E-N-E-S-I-S/TslGame_MULTI_HACK
140,GCorbel/activeform-rails
150,GameXG/shadowsocks_admin
21,GabrielRF/RastreioBot
31,Gabrielr47/pickList
63,GamedevFramework/gf
72,GreenTeaEc/GreenTea1412
157,GSA/https
14,GianlucaGuarini/nodejs-arduino-example
217,GeekZooStudio/ECMobile_PHP
125,GreenCMS/GreenCMS
162,Goddchen/mvn-repo
26,Germey/AutoProxy
30,GeeTeam/gt-csharp-sdk
1091,GeertJohan/go.rice
57,Geodan/DualListBox
148,GaryJones/Gamajo-Template-Loader
264,GetSimpleCMS/GetSimpleCMS
125,GreenCMS/GreenCMS
372,GoogleCloudPlatform/google-cloud-ruby
223,GrahamCampbell/Laravel-GitHub
28,GoogleCloudPlatform/getting-started-dotnet
160,GoogleCloudPlatform/google-cloud-datastore
597,GrahamCampbell/Laravel-Markdown
597,GrahamCampbell/Laravel-Markdown
89,Germey/LaravelGeetest
163,GNOME/gedit
597,GrahamCampbell/Laravel-Markdown
451,GNOME/glib
35,GitHubOfJW/JavenKit
105,Gizra/generator-hedley
198,GoogleCloudPlatform/php-docs-samples
442,GianlucaGuarini/es6-project-starter-kit
30,GetLightBite/StriveSDK_iOS
16,GrassQing/CommonPrintProvider
38,GitaiQAQ/HyaReader
22,GleasonK/SimpleRTC
198,GoogleCloudPlatform/php-docs-samples
75,GoogleCloudPlatform/container-engine-samples
347,GeniusesOfSymfony/WebSocketBundle
193,Gregwar/CaptchaBundle
731,Gaya/queryloader2
101,GrahamCampbell/Laravel-Manager
33,GillCleeren/MyTrains
125,GreenCMS/GreenCMS
338,GravityBox/GravityBox
35,GitHubOfJW/JavenKit
32,GoHackers/awesome-go-China
371,GrahamCampbell/Laravel-Throttle
353,GautamGupta/Simple-Android-OCR
266,GautamGupta/toolbar-button
347,GeniusesOfSymfony/WebSocketBundle
193,Gregwar/CaptchaBundle
223,GrahamCampbell/Laravel-GitHub
14,GaborWnuk/docker-usergrid
198,GoogleCloudPlatform/php-docs-samples
36,GoogleChromeLabs/pr-bot
87,GlacierW/MBA
143,Genius-x/genius-x
35,GitHubOfJW/JavenKit
269,GoogleChromeLabs/web-push-codelab
168,GNS3/dynamips
65,GoogleCloudPlatform/ruby-docs-samples
264,GetSimpleCMS/GetSimpleCMS
148,Grafikart/Zoombox
54,GochoMugo/tgfancy
31,Gabrielr47/pickList
13,GuoJing/linux-kernel-architecture
78,GTMYang/GTMRefresh
89,Germey/LaravelGeetest
63,Gregwar/RST
63,GuoYongfeng/book
51,GabiAxel/paper-fab-transitions
340,GordonLesti/Lesti_Fpc
14,GianlucaGuarini/nodejs-arduino-example
340,GordonLesti/Lesti_Fpc
38,GoogleCloudPlatform/continuous-deployment-bitbucket
190,GaloisInc/saw-script
32,GoHackers/awesome-go-China
355,GoogleCloudPlatform/appengine-php-wordpress-starter-project
176,Grible/timetable.js
35,GetLevvel/message-simulator
30,Guitarbum722/align
89,GrahamCampbell/Laravel-Security
94,GrahamCampbell/Laravel-Binput
45,Godofbrowser/vuejs-dialog
14,GsDevKit/GsDevKit_home
355,GoogleCloudPlatform/appengine-php-wordpress-starter-project
506,GianlucaGuarini/Tocca.js
14,Greenwicher/Awsome-Project
372,GoogleCloudPlatform/google-cloud-ruby
353,GautamGupta/Simple-Android-OCR
266,GautamGupta/toolbar-button
101,GrahamCampbell/Laravel-Manager
247,GNOME/meld
284,Gozala/events
26,GIKICoder/GDataBase
158,GitbookIO/markdown
39,GeeTeam/gt-python-sdk
14,GitbookIO/help.gitbook.com
34,GoogleCloudPlatform/google-cloud-gemserver
12,GustavoCostaW/ngc-float-button
32,GetuiLaboratory/cordova-plugin-getuisdk
20,GabrielGil/TimThumb
28,GrahamCampbell/Laravel-Example
63,Gregwar/RST
35,GNOME/chrome-gnome-shell
372,GoogleCloudPlatform/google-cloud-ruby
630,Gigoteur/PX8
77,GeekZooStudio/O2OMobile_PHP
214,GradleCN/gradledoc
347,GeniusesOfSymfony/WebSocketBundle
193,Gregwar/CaptchaBundle
514,Guidebook/gbkui-button-progress-view
89,Germey/LaravelGeetest
438,GDSSecurity/Docker-Secure-Deployment-Guidelines
438,GDSSecurity/Docker-Secure-Deployment-Guidelines
198,GoogleCloudPlatform/php-docs-samples
31,GitbookIO/hunspell-spellchecker
18,GannicusLiu/Crawler
125,GeSnowBoy/vue-gecode
201,GoodAI/BrainSimulator
89,GrahamCampbell/Laravel-Security
94,GrahamCampbell/Laravel-Binput
223,GrahamCampbell/Laravel-GitHub
67,GeekyTheory/Automatic-API-REST
50,GantMan/jail-monkey
23,Grafikart/carte-apprentissage
42,GoogleChromeLabs/google-sign-in
338,GravityBox/GravityBox
51,GoogleCloudPlatform/container-builder-local
253,GianlucaGuarini/parallax
347,GeniusesOfSymfony/WebSocketBundle
40,GOLDELEC/Huan
33,GillCleeren/MyTrains
35,GitHubOfJW/JavenKit
48,GIScience/openrouteservice-app
125,GeSnowBoy/vue-gecode
25,GXhua/php7_wrapper
29,Gohla/unity3d-fps-networking-prototype
99,GuillaumeBiton/HackerNews7
185,Gaurav0/Universal-LPC-Spritesheet-Character-Generator
16,GoogleCloudPlatform/k8s-stackdriver
81,GoogleCloudPlatform/fluent-plugin-google-cloud
12,GaurangBhatt/BeamlineJS
16,GoogleCloudPlatform/k8s-stackdriver
81,GoogleCloudPlatform/fluent-plugin-google-cloud
742,GPGTools/GPGMail
223,GrahamCampbell/Laravel-GitHub
67,GeekyTheory/Automatic-API-REST
23,Grafikart/carte-apprentissage
111,Golovin-Andrey/xiaomi-mi-13-ubuntu
372,GoogleCloudPlatform/google-cloud-ruby
14,GitbookIO/help.gitbook.com
118,GeneaLabs/laravel-governor
210,GoogleCloudPlatform/google-cloud-php
153,GertjanReynaert/react-intl-translations-manager
170,Gregwar/ImageBundle
23,GeoffZhu/vue-xlsx-table
47,Goatella/Simple-PHP-Login
14,George-Soros/ImageTest
88,Gimaaa/PhotoViewer
11,Ge-Ge/button
321,GeorgeWang03/WYChart
13,GREENBANYAN/NSNetworkManager
123,GJGroup/GJRedDot
51,GinjaChris/pentmenu
213,Guikunzhi/YLFaceuDemo
163,Glow-Inc/TaskSwitcherDemo
41,GREENBANYAN/NSAuthorityManager
213,Guikunzhi/YLFaceuDemo
243,Glitchfiend/BiomesOPlenty
15,GreyLove/GreyRecordCafToAMR
123,GJGroup/GJRedDot
47,GabrielMassana/SearchEmojiOnString-iOS
13,GitHubOfJW/JWDatePickerView
34,GagSquad/SocialSDK
11,GGGHub/WebView
16,GoMint/GoMint
151,GoSSIP-SJTU/Armariris
129,GPMDP/google-play-music-desktop-remote
52,GGGHub/ViewPager
35,G-E-N-E-S-I-S/BattlegroundsChams
12,GeeTeam/gt3-ios-sdk
41,GREENBANYAN/NSAuthorityManager
11,GDAwen/CrashTool
846,GEOSwift/GEOSwift
151,GoSSIP-SJTU/Armariris
11,GDAwen/CrashTool
56,GcsSloop/pager-layoutmanager
151,GoSSIP-SJTU/Armariris
624,GabrielAlva/SwiftPages
96,GoogleCloudPlatform/ios-docs-samples
14,GitHubWanglei/LineChartDemo
66,GideonLeGrange/mikrotik-java
39,Ghosty141/MenuBarControls
540,GiK/GIKPopoverBackgroundView
19,GolangUA/gopher-logos
26,Gav1nMa/GavinHosts
33,GBert/openwrt-misc
12,GitterYang/YQSystemPhotoOperation
37,Gil2015/react-native-table-component
23,GabrielMassana/streamAndSave
20,GuntisTreulands/JigsawDemo
37,GlebRadchenko/AmazingBubbles
808,Glow-Inc/GLCalendarView
111,GrenderG/Prefs
808,Glow-Inc/GLCalendarView
16,GaneshKumarSelvam/LoginIntegrations
23,GabrielMassana/streamAndSave
23,GabrielMassana/streamAndSave
134,Gurpartap/aescrypt
46,GeekZP/ZPActionSheet
48,GocePetrovski/ScrollableSegmentedControl
61,GameTechDev/ASSAO
43,GenericDataSource/GenericDataSource
497,Guzlan/BackgroundVideoiOS
145,GJNilsen/YPDrawSignatureView
13,Guimareshh/Feature-discovery-animations
17,GrayLuo/ScrollViewAutoLayoutTest
37,Gil2015/react-native-table-component
67,GraphQLSwift/Graphiti
381,GoogleCloudPlatform/ipython-soccer-predictions
180,GNS3/gns3-server
497,Guzlan/BackgroundVideoiOS
37,GlebRadchenko/AmazingBubbles
603,Galeas/CocoaPodUI
21,GavinDmello/heinrich
23,Germey/MaoYan
21,Germey/TaobaoProduct
67,GraphQLSwift/Graphiti
28,Guichaguri/BetterFps
14,GTANetworkDev/ExampleResources
603,Galeas/CocoaPodUI
86,GoogleCloudPlatform/community
50,GoogleChromeLabs/pwacompat
27,GoogleCloudPlatform/gcloud-maven-plugin
26,Gerry1218/GXDatabaseUtils
33,G-P-S/cartool
139,GHamrouni/Recommender
524,GlennChiu/GC3DFlipTransitionStyleSegue
17,GeoNet/geohash-iOS
17,GrayLuo/ScrollViewAutoLayoutTest
13,GeekBand/GeekBand-IOS-1501-SampleProject
1337,Gabriel439/post-rfc
43,GenericDataSource/GenericDataSource
84,GLGJing/GIFBuilder
36,Gaya/functional-snake
519,GnosisHub/GHContextMenu
66,GeniusTS/roles
52,GetJobber/prawnto
238,GoogleCloudPlatform/nodejs-docker
12,GSA/github-federal-stats
60,GymbylCoding/CBEffects
257,GliaX/Stethoscope
44,GoogleCloudPlatform/scalable-resilient-web-app
16,Grimthorr/laravel-toast
25,GitbookIO/filterable
59,GrammarViz2/grammarviz2_src
31,GrumpyOldPizza/arduino-STM32L4
846,GoogleChrome/dialog-polyfill
39,GrahamCampbell/Laravel-Bitbucket
66,Gedemon/Civ6-YnAMP
35,GouveaHeitor/Perl-Brasil
62,Garethp/php-ews
59,Guad/NativeUI
15,GitzJoey/TKBARUPHP
49,GravityPDF/gravity-pdf
112,GravityLabs/HighRoller
390,GitTools/GitLink
19,Gethyl/RealTimeTodo
61,Giorgio003/Youtube-TV
49,GitbookIO/plugin-exercises
158,Grabacr07/MetroRadiance
88,GoogleCloudPlatform/php-docker
118,GoogleCloudPlatform/cloud-trace-nodejs
22,Gnucash/gnucash-docs
13,GoogleChromeLabs/a11ycasts
226,Goteo/Goteo
117,GoogleCloudPlatform/dotnet-docs-samples
26,Gottox/jQR
267,GoesToEleven/go_web_app
38,GodotNativeTools/godot_headers
58,GStreamer/gst-rtsp-server
12,GeekyAnts/FlatApp-Flutter
17,GoogleWebComponents/places-app
73,GoIntegro/hateoas-bundle
22,GPII/universal
51,GrumpyWizards/wizMarkdown
551,Gillespie59/eslint-plugin-angular
284,Gillardo/bootstrap-ui-datetime-picker
33,GrosSacASac/worka
18,GrabzIt/grabzit
24,Giwi/android-network-graph
77,GreyRook/gown.js
283,GetStream/stream-django
14,GNOME/gdk-pixbuf
551,Gillespie59/eslint-plugin-angular
59,G33kLabs/Node.VaSH
39,GNOME/tomboy
303,GwtMaterialDesign/gwt-material
36,GetStream/Stream-Example-Py
283,GetStream/stream-django
58,GetStream/django_twitter
154,Gozala/crypto
37,GeneralElectric/javascript
23,Gbuomprisco/ng2-material-dropdown
145,GoogleWebComponents/google-analytics
201,Garethp/ScreepsAutocomplete
151,GregFinzer/Compare-Net-Objects
215,Graylog2/graylog2-images
30,Gonzih/feeds2imap.clj
130,GeorgeChan/captchapng
440,GuillaumeSalles/redux.NET
43,GcsSloop/TinyPng
178,GPUOpen-Effects/TressFX
56,GoogleCloudPlatform/getting-started-php
300,Galooshi/happo
440,GuillaumeSalles/redux.NET
840,GordyD/3ree
194,GrahamCampbell/Laravel-DigitalOcean
36,GNOME/gnome-tweak-tool
59,GabrielDelepine/smooth-scroll
29,Giveth/vaultcontract
79,GerHobbelt/google-diff-match-patch
527,GoodieBag/CarouselPicker
66,GameTechDev/stardust_vulkan
20,GuriK/CodeIgniter-jQuery-Validator
23,GoogleCloudPlatform/compute-ansible-gluster
312,GwonHyeok/StickySwitch
321,GoodieBag/HorizontalPicker
31,Gahshomar/gahshomar
16,GiusepeCasagrande/Cinephile
1234,GoRethink/gorethink
47,GNOME/clutter
13,GNOME/libgee
58,GNOME/gjs
44,GuiaBolso/darwin
1234,GoRethink/gorethink
28,GNOME/zenity
12,GULPF/nimquery
151,GeertJohan/gomatrix
29,GoGoCarl/paperclip-cloudinary
75,GothAck/javascript-x-server
230,GoranM/bdx
12,GuessWhatGame/guesswhat
15,Guanghan/GNet-pose
1549,GitbookIO/javascript
88,GameTechDev/asteroids_d3d12
28,G-E-N-E-S-I-S/ElevateMe
32,GetLevvel/testing-rabbitmq-clustering-with-docker
27,GrapeTec/T-SPLINE
42,GMMan/SteamCloudFileManagerLite
41,GraphAlchemist/GraphofThings
111,Genoil/ZECMiner
157,Guichaguri/DiscordDJ
110,GameTechDev/ISPCTextureCompressor
26,GeneralElectric/CalculiX
34,Genesis-3D/Genesis-3D
111,Genoil/ZECMiner
21,Gajotres/Ionic2FormValidation
83,GluuFederation/oxAuth
157,Guichaguri/DiscordDJ
30,GaloisInc/halfs
52,Granary/granary
54,GeorgeGally/creative_coding
18,GetBlimp/built-with-react
241,Growstuff/growstuff
26,GautamShine/emotion-conv-net
138,GameHackingBook/GameHackingCode
41,GaborSuranyi/overwatch-sound-export
54,GeenPeil/teken
30,GLVis/glvis
26,Gary111/MaskedEditText
86,Greymerk/minecraft-roguelike
98,Gibbs/uk-postcodes
75,GadgetFactory/OpenBench-Logic-Sniffer
14,GantMan/drawer-example
47,GoogleCloudPlatform/app-gradle-plugin
65,GoogleCloudPlatform/stackdriver-errors-js
83,GeekyAnts/reazy
103,GeekyAnts/NativeBase-Sketch-Template
138,G07cha/pomodoro
146,GoogleCloudPlatform/DataflowPythonSDK
21,Georeactor/crypto-geofence
84,GeekyAnts/react-native-hamburger
90,GeekyAnts/ignite-native-base-boilerplate
44,GNOME/gnome-todo
22,GunhoChoi/LSGAN-TF
114,Gabriel439/Haskell-Typed-Spreadsheet-Library
266,Gabriel439/haskell-nix
21,Genmato/M2_Sample
473,GoSecure/malboxes
73,GoogleWebComponents/google-calendar
60,Geant4/geant4
13,GeoNode/django-geoexplorer
93,Graylog2/collector-sidecar
75,GeekyAnts/react-native-native-base-seed
12,GetBlimp/boards-backend
54,GetBlimp/boards
67,GcsSloop/LeafLoading
23,GeorgeAlexandria/CoCo
144,GaretJax/sphinx-autobuild
57,GertjanReynaert/react-native-universal
54,Gabrn/react-native-persistent-job
114,Geek-Organization/geek-programming-books
17,GM-Alex/user-access-manager
47,GabiGrin/angular-editable-text
23,Gajotres/IonicGeolocationDemo
20,GerHobbelt/Developing-a-D3.js-Edge
16,Gamadril/hyperion-remote
106,GPUOpen-Effects/ShadowFX
82,GPUOpen-Effects/AOFX
94,GPUOpen-Effects/GeometryFX
738,GnosisHub/GHWalkThrough
29,GGGHub/LoadingHUD
30,GardenerYun/ACActionSheet
239,Gorcenski/voting-machines
36,G6EJD/ESP32-and-how-to-use-ILI9341-TFT-Display
46,GPUSPH/gpusph
30,GardenerYun/ACActionSheet
2993,GumbyFramework/Gumby
17,GridPlus/contracts
62,Golevka/deformation-transfer
90,GameTechDev/OcclusionCulling
16,GameTechDev/FlipModelD3D12
124,GameTechDev/PresentMon
16,Galland/rkflashtool_rk3066
15,GraxCode/AntiZKM
24,GarfieldJiang/UGFWithToLua
13,Grandbrain/Kalman
140,GPUOpen-LibrariesAndSDKs/VulkanMemoryAllocator
17,GaryniL/Amazon-Price-Alert
67,GeorgK/MQ135
19,GeekZP/ZPRankButton
144,Gnurou/tagainijisho
320,Gamua/Starling-Extension-Particle-System
235,GJGroup/GJAlertController
21,GrinnellAppDev/KDIC-Radio-Android
254,GoogleChromeLabs/gulliver
17,Grafikart/Neon-Startpage
251,Getbeans/Beans
880,GoogleCloudPlatform/PerfKitBenchmarker
15,GBert/misc
19,GoogleChrome/ct-policy
13,GreenSteam/pypr
93,GoSimpleLLC/nbvcxz
15,GeraldBrooks/youtube
11,GrahamCampbell/Matrices
11,GoldRenard/DMOAdvancedLauncher
35,GeoSn0w/iOS-10.1.1-Project-0-Exploit-Fork
15,GeraldBrooks/youtube
11,GaryJones/move-floating-social-bar-in-genesis
16,GNOME/gnome-news
17,GNOME/nautilus-open-terminal
55,GNOME/shotwell
29,GNOME/gnome-backgrounds
11,GNOME/devilspie
63,Glitchfiend/ToughAsNails
689,Granze/react-starterify
15,GladysProject/dev-plaftorm-backend
59,GNOME/vte
617,GPUOpen-Tools/CodeXL
18,GuilhE/android-circular-progress-view
23,GeenPeil/stem
13,GitGuild/gitguild
110,GitHowTo/githowto-content
111,GitbookIO/markup-it
26,GNOME/libsoup
104,GDquest/Godot-30-days-tutorial-challenge-2017
108,Grandt/PHPZip
152,GeekLiB/Source-WeChat
54,Guilh/G-Grid
58,GabMus/razerCommander
32,GrenderG/Color-O-Matic
18,G-Ray/candyflix
15,GhostFlying/LocationReportEnablerXposed
52,Gomah/vue-places
679,GianlucaGuarini/allora
45,GeertJohan/go.hid
104,GDG-Korea/HelloRx
106,GoogleCloudPlatform/cloud-debug-nodejs
38,GerritCodeReview/gerrit
19,GastricSpark/ScrollDatePicker
24,GeneaLabs/laravel-casts
31,GeneaLabs/laravel-mixpanel
78,GortCodex/DNSCrypt-Loader
151,GrappigPanda/notorious
60,GIScience/openrouteservice-legacy
120,GleasonK/android-webrtc-tutorial
57,GluuFederation/community-edition-setup
341,Gridstone/RxStore
273,Glucosio/glucosio-android
33,GauravChaddha1996/CDSRecyclerView
26,GermainZ/Identiconizer
111,GleasonK/AndroidRTC
31,GameGrind/Simple-RPG-in-Unity
30,GoogleChrome/imagecapture-polyfill
76,GPMDP/electron-chromecast
140,GGist/bip-rs
196,GouvernementFR/RepubliqueNumerique
31,Graylog2/graylog2-cookbook
11,GoogleCloudPlatform/endpoints-quickstart
18,G4lB1t/TC2017
15,GMS-SA/roundcube-advanced-search
380,Grarak/KernelAdiutor
37,GDSSecurity/Cexigua
253,GoogleWebComponents/google-signin
13,GoogleChromeLabs/samples-module-loading-comparison
112,GoogleChromeLabs/web-audio-samples
64,GoogleChromeLabs/selenium-assistant
104,GreyGnome/PinChangeInt
42,Gajotres/Ionic2RESTHttpExample
130,GraFiddle/angular-chart
16,GenealogyCollective/gprime
27,GlitchCog/ChatGameFontificator
18,Genotronex/BH1750FVI_Master
46,Gelmir/qBittorrent
32,GuillaumeGomez/tuto-rust-fr
21,GoateePFE/AzureRM
27,GodotBuilder/godot-builds
37,GodotNativeTools/godot-rust
31,GodotNativeTools/godot-cpp
49,GitHubTochkaDev/vuejs-tutorials
19,Georde/geosan
22,GoogleCloudPlatform/dataflow-opinion-analysis
285,Gamua/Sparrow-Framework
67,GammaUNC/GST
60,GPUOpen-Tools/Radeon-GPUProfiler
85,GregBahm/PlaceViewer
81,GuillaumeRochat/container-orchestration-comparison
59,GeertjanWielenga/OJETCourse
82,Guad/sm64o
38,Gnar-Team/Gnar-bot
40,Graylog2/graylog-plugin-aws
15,GluuFederation/gluu-docker
13,Gutza/Converter
19,GigaOM/go-newrelic
66,GaryJones/genesis-header-nav
108,GruppoFilippetti/vertx-mqtt-broker
446,GoogleCloudPlatform/gcsfuse
41,George3d6/Hermes
68,Great-Hill-Corporation/quickBlocks
114,GitTools/GitReleaseNotes
141,GotCms/GotCms
27,GeoscienceAustralia/agdc
18,GnaspGames/Smelt
64,Gregwar/FormBundle
380,Grarak/KernelAdiutor
22,GrifoDev/SuperKernel
79,GoogleCloudPlatform/awesome-google-cloud
163,Gaya/Retina-Sprites-for-Compass
71,GPUOpen-Tools/OCAT
31,GameBuildingBlocks/LuaProfilingTools
91,GoogleCloudPlatform/appengine-gcs-client
13,Gjum/Bat
15,GSA/sam_api
35,GoDjango/godjango-site
13,GDSSecurity/sol-function-profiler
11,GNOME/alacarte
16,GoogleCloudPlatform/cpp-docs-samples
21,GreenFaith/Topics
27,GridPlus/client
56,GrahamDumpleton/mod_wsgi-docker
187,GraphChi/graphchi-java
17,GabrielF7/ACBrTrunk2
45,GGleb/indicator-netspeed-unity
410,GaretJax/phpbrowscap
38,GDSSecurity/Whitepapers
103,George66/Textbook
11,GreenWire-Elektronik/vocore_5110_demo
15,GoldRenard/GTAVSteamControllerNative
81,GongFaxin/protobuf_for_unity
23,GetPublii/theme-Starter
28,GeroldSetz/Mailinator-Domains
638,GaloisInc/cryptol
638,GaloisInc/cryptol
303,GafferHQ/gaffer
22,GrifoDev/SuperKernel
22,GalaticStryder/kernel_lge_msm8974
71,GianlucaGuarini/riot-app-example
104,Gamegur-us/phaser-touch-control-plugin
196,GaryJones/wordpress-plugin-git-flow-svn-deploy
25,GlennMR/800craft
90,GoogleCloudPlatform/python-runtime
18,Gemerz/vue-wechat-editor
82,Guad/sm64o
147,GumTreeDiff/gumtree
38,GenomicParisCentre/dockerfiles
20,GoogleChrome/confluence
30,GinMu/vue-audio
40,GlitchCodec/GLIC
304,Gizra/elm-hedley
228,GNOME/gnome-shell
158,GoogleChromeLabs/discovery
158,GoogleChromeLabs/discovery
158,GoogleChromeLabs/discovery
16,GaryJones/genesis-js-no-js
134,GGBRW/BOOLR
29,GitbookIO/slate-edit-list
149,Gadgetoid/Pinout.xyz
68,Gadgetoid/WiringPi2-Python
13,GamerLivingWill/PowerShellUserGroups
12,GOROman/OculusRift
125,GDSSecurity/GWT-Penetration-Testing-Toolset
13,GobySoft/goby
13,Gwafu/Growthcraft-1.7
16,Gira-X/VMT-Editor
65,GrantSeltzer/KARN
78,Grimthorr/laravel-user-settings
97,Griever/userChromeJS
319,GPGTools/MacGPG2
82,GetLuna/Luna
86,GreatArcStudios/UnityIndieEffects
60,GitTools/GitReleaseManager
55,Glass-lu/Glass.Sitecore.Mapper
34,GrokImageCompression/grok
77,Grawp/rtl8812au_rtl8821au
100,GoogleCloudPlatform/google-cloud-node-todos
49,GoogleCloudPlatform/google-cloud-powershell
15,Greathfs/ZXingDemo
65,GPUOpen-LibrariesAndSDKs/LiquidVR
37,GDGVIT/Devfest-Android-16
18,GeekLiB/caffe-model
92,GoogleCloudPlatform/deploymentmanager-samples
11,GATB/simka
100,GPUOpen-ProfessionalCompute-Libraries/amdovx-core
24,Gorov/JointRCM
346,Golevka/emacs-clang-complete-async
17,Gritzman/libusb
293,GrahamDennis/GDFileManagerKit
101,Gwindow/WhatAndroid
13,Gillespie59/angular2-migration-sample
85,GoogleCloudPlatform/webapp2
16,GEMakers/gea-sdk
25,GEMakers/green-bean
346,Golevka/emacs-clang-complete-async
341,GeospatialPython/pyshp
112,GPUOpen-Tools/RGA
342,Graphify/graphify
14,GuillaumeGomez/this-week-in-rust-docs
33,GalaIO/GalaCoding
100,GPUOpen-ProfessionalCompute-Libraries/amdovx-core
18,GrigoryShushakov/SwiftNN
17,GuoChen-WHU/react-native-pinch-zoom-view
176,GertjanReynaert/react-native-device
15,GNOME/evolution-data-server
11,GNOME/gnome-online-accounts
67,GoogleCloudPlatform/google-auth-library-python
142,GeorgeFilipkin/pulsemixer
52,Guidebook/HideShowPasswordTextField
20,GroundPound/ManFuzzer
147,GDGNanyang/gdgdocs
18,GrigoryShushakov/SwiftNN
133,GameTechDev/MaskedOcclusionCulling
342,Graphify/graphify
89,GregoryFaust/samblaster
138,Ghirro/graphql-network
37,GameTechDev/ClusteredShadingAndroid
112,Gabriel439/slides
26,GentleZhu/Face_Alignment
33,GouveaHeitor/awesome-biohacking
26,GentleZhu/Face_Alignment
36,GoogleCloudPlatform/appengine-sidecars-docker
28,GYZHikari/Semantic-Cosegmentation
396,GPUOpen-LibrariesAndSDKs/RadeonRays_SDK
30,GravityNetwork/Gravity
16,GameInstitutes/RuntimeMeshLoader
18,GrymmyD/UnityBehaviourTree
37,GitHtub/Hearthstone
36,GitGarage/BLEMingleiOS
29,GitGarage/BLEMingleDroid
33,GeoscienceAustralia/earthsci
33,GeoscienceAustralia/ga-worldwind-suite
43,GPUOpen-LibrariesAndSDKs/ForwardPlus11
43,GPUOpen-Tools/GPA
52,Gzsiceberg/kaggle-avito
72,Glavin001/graphql-sequelize-crud
18,Galileo88/Galileos-Planet-Pack
114,GoogleCloudPlatform/appengine-angular-gotodos
103,GediminasMasaitis/PokeEase
76,Genbox/VirusTotal.Net
40,GitBaoChao/BCKeyboard
33,Gang679/GZTimeLine
48,GGGHub/AlbumPicker
48,GGGHub/AlbumPicker
19,GGGHub/ThinShareSDK
31,GeoThings/ReKotlin
57,GJGroup/GJRatioAutoLayout
27,GLChan/ZAKER-C
99,GeniusBrother/HZThemeManager
11,Guikunzhi/GDLiveStreaming
12,GuoZhiQiang/Luban_iOS
69,Gianbacchio/ESP8266-TelegramBot
12,Greyh4t/m3u8-Downloader
570,GeekZooStudio/ECMobile_Android
76,GeniusBrother/HZMenuView
99,GeniusBrother/HZThemeManager
115,GeniusBrother/HZURLManager
22,Gracker/SlideDelete-ListView
25,GetuiLaboratory/react-native-getui
115,GeniusBrother/HZURLManager
428,GeertWille/sketch-export-assets
23,GordenXiao/PolygonChart
419,GeekZooStudio/ECMobile_Universal
48,GRSource/Emoji
115,GeniusBrother/HZURLManager
52,GJNilsen/YPMagnifyingGlass
36,Grungnie/microsoftbotframework
56,GuoFeilong/ATDragViewDemo
36,Grungnie/microsoftbotframework
197,GcsSloop/Gank
28,GaoGersy/StepView
42,GJGroup/GJNetworking
54,GitbookIO/gitbook-convert
726,GoClipse/goclipse
176,GrahamDennis/GDCoreDataConcurrencyDebugging
726,GoClipse/goclipse
176,GrahamDennis/GDCoreDataConcurrencyDebugging
22,Goshin/Buka-Darkness
77,Graphicooooone/BayMax
42,GJGroup/GJNetworking
59,GoBelieveIO/im_ios
11,GirlCunt/AnimationDemo
13,Gargron/tusky-api
84,GDPURJYFS/WellChat
166,Genymobile/mirror
147,Glurt/EdenYouTube
83,GlobalQuran/site
77,GoogleCloudPlatform/solutions-google-compute-engine-cluster-for-hadoop
117,GoogleCloudPlatform/spark-recommendation-engine
176,GrahamDennis/GDCoreDataConcurrencyDebugging
15,Graylog2/graylog-plugin-auth-sso
23,GetGee/G
87,GabrielBianconi/arduino-nunchuk
11,GregRos/parjs
33,GetHighstreet/WatchKitCore
50,GoogleChrome/appr-wrapper
11,GregRos/parjs
27,GitPhoenix/KeyboardView
12,GreatDanton/GoScience
68,GitLqr/LQRImagePicker
42,Grayda/ninja-allone
13,Goondaba/flipclock-screensaver
46,GoesToEleven/html-css-bootcamp
64,GavinCT/SimpleLeakCanary
162,GitLqr/LQREmojiLibrary
46,GlitchGames/GGData
126,GoodieBag/ProtractorView
78,GrowHack/yiqiwan.us
17,GranPC/android-picturepassword
13,GcsSloop/gcssloop.github.io
20,GHdeng/StarBarExample
30,Grishu/ImageEffects
48,Gracker/DelayLoadSample
15,Gujarats/AndroidVideoPlayer
107,GLWallpaperService/GLWallpaperService
208,GNOME/geary
132,GeeJoe/EdgeSlidingBack
28,GeeTeam/gtapp-android
124,GitLqr/LQRAudioRecord
66,GJson/AndroidTools
124,GitLqr/LQRAudioRecord
628,Glamdring/EasyCamera
44,Geolage/blog
93,GcsSloop/Rotate3dAnimation
13,GiuseppeGiacoppo/Android-Clean-Architecture-with-Kotlin
54,GoogleCloudPlatform/appengine-modules-sample-java
38,GoogleCloudPlatform/cloud-trace-java
13,Gaogggg/GoSplash
191,Geekince/WaterWaveView
38,Gramps/GodotSteam
73,GeekyTheory/Raspberry-Pi-Status
62,GoBelieveIO/im_android
44,GavinCT/MeituanLintDemo
114,Gandi/packet-journey
15,GreatLakesEnergy/Mysql-to-influxdb
402,GhostText/GhostText
28,GNOME/gnome-software
47,GuoZhaoHui628/AutoLayoutAll
35,Gearlux/GDeskTunes
51,GabrielGil/c9-lemp
64,GeorgeBourne/grid
19,GreenteaOS/Kernel
36,GreenteaOS/Greentea
18,GuoZhaoHui628/AppMapNavi
62,GoBelieveIO/im_android
78,GeoSn0w/Yalu-Jailbreak-iOS-10.2
12,Giftie/script.cdartmanager
21,Georgynet/Blog-Yii2
11,George-Soros/RecyclerViewTest
33,Geocld/RESRful-API-with-vuejs
26,Gimhoy/WordPress-on-BAE
29,Gentear/CLScrollView
32,GNUSim8085/GNUSim8085
15,GreatV/CloudMusic-Crawler
22,GuiminChu/ShrinkPresentation
60,GNOME/gparted
73,GoogleChrome/browser-bug-search
145,GoogleChrome/http2-push-manifest
51,GoogleCloudPlatform/cloud-pubsub-samples-python
69,GlobalNamesArchitecture/damerau-levenshtein
13,Geekince/Awesome-Architecture
34,GoogleCloudPlatform/elixir-google-api
22,Gazler/oxo
34,GoogleCloudPlatform/elixir-google-api
48,Gregoirevda/reason-graphql-todo-list
34,GoogleCloudPlatform/elixir-google-api
15,Galeria-Kaufhof/stylegen
465,Genshin/PhantomOpenEmoji
30,GrandCru/GoogleSheets
104,GesJeremie/faker-elixir
48,Gregoirevda/reason-graphql-todo-list
34,GoogleCloudPlatform/elixir-google-api
30,GollyGang/ruletablerepository
60,GoogleCloudPlatform/getting-started-ruby
62,GT8Online/weave
34,GoogleCloudPlatform/elixir-google-api
42,Geal/rust-syslog
106,GorillaStack/auto-tag
19,GalacticSoft/Azmyth
57,Gattermeier/nodejs-virus
85,GArik/progit
146,GregWilson/react-native-apple-healthkit
50,GJDuck/GC
68,Generalkidd/Yugioh-For-HoloLens
95,GerryFerdinandus/bittorrent-tracker-editor
33,GolangShow/golangshow.com
85,GrossoMoreira/shpp
17,GuiltyDolphin/org-evil
79,GuillaumeGomez/process-viewer
208,Gottox/node-webterm
20,Grawl/guidelines
57,Gizra/generator-elmlang
41,GoogleChromeLabs/ProgressiveWordPress
81,GouvernementFR/calculette-impots-m-source-code
26,GNOME/libsigcplusplus
166,GPUOpen-Tools/Compressonator
163,GPUOpen-Tools/amd-tootle
34,GodotExplorer/godot-tools
19,GeekFE/arrUniq
54,GeeTeam/gt-node-sdk
25,Geocld/vue-jwt-vueRouter-vueResource
120,GuoYongfeng/webpack-dev-boilerplate
29,GDGNorthAmerica/info-and-resources
56,GPUOpen-LibrariesAndSDKs/AGS_SDK
24,GuoYongfeng/github-notetaker-app
14,Gaohaoyang/ToDo-WebApp
31,GerryIsWarrior/MyBookmarks
32,Gaohaoyang/cv
140,GammaUNC/FasTC
56,GuoYongfeng/react-fundamental
148,GeoJSON-Net/GeoJSON.Net
65,GitbookIO/styleguide
166,Grafikart/ST3-LiveReload
120,GuoYongfeng/webpack-dev-boilerplate
25,GeQi/PixivAgent
58,Ginhing/vue-tagsinput
11,GDquest/godot-3-guides
25,GeQi/PixivAgent
58,Ginhing/vue-tagsinput
20,GabiThume/cactus-light
56,GuoYongfeng/react-fundamental
65,GoogleWebComponents/google-drive
36,GoogleWebComponents/google-url-shortener
99,GoogleWebComponents/google-youtube
120,GuoYongfeng/webpack-dev-boilerplate
68,Gaohaoyang/baidu-ife-practice
65,GuillaumeLeclerc/vue-seo
35,GridProtectionAlliance/openPDC
56,GuoYongfeng/react-fundamental
23,Galen-Yip/render
41,G4lB1t/SmoothCriminal
34,GuoYongfeng/redux-complete-sample
90,Giannoudis/TimePeriodLibrary
39,GoogleChromeLabs/jscost.org
20,GSS-FED/vital-ui-kit
242,GoogleCloudPlatform/go-endpoints
11,GuntherDW/TweakcraftUtils
271,GoogleChromeLabs/houdini-samples
19,GNOME/gstreamermm
43,GNOME/gtkmm
111,Gizra/elm-spa-example
21,Galloman/GTF
148,GoogleWebComponents/googlewebcomponents.github.io
47,GGleb/indicator-systemtray-unity
71,GoogleCloudPlatform/appengine-pipelines
55,GabrielDosReis/ipr
44,GeoffreyPlitt/vagrant-audio
171,GalliumOS/galliumos-distro
25,Gabriel439/nixfmt
36,GjjvdBurg/HugoPhotoSwipe
29,GeoCoq/GeoCoq
15,GarenSidonius/ASU-Dissertation-Template
25,Gabriel439/nixfmt
339,Gabriel439/Haskell-Pipes-Library
107,GNOME/gnome-builder
12,GA-MO/g-hover
163,Glench/Vim-Jinja2-Syntax
23,Giqles/kagglegym
68,GraphWalker/graphwalker-project
15,GolemMediaGmbH/OfficeTemperatureData
58,GR360RY/htpc-ansible
12,Geotab/mygeotab-python
67,GoIncremental/negroni-sessions
15,GNOME/gnome-games
52,Grahnz/TwitchIRC-Unity
27,GoldenGnu/jeveassets
12,GenialX/PHP-CPP-documentation
29,GeoscienceAustralia/PyRate
74,GitLqr/TopsalesSellControlTableDemo
21,Gurpartap/logrus-stack
12,Grillnov/ModelView
24,GDPURJYFS/A-week-to-develop-android-app-plan
18,GrantMegrabyan/AspNet.Identity3.MongoDB
49,GcsSloop/diycode-sdk
12,GehenHe/Recognize-Face-on-Android
33,Guolei1130/android-guidedemo
71,GitLqr/LQRRecyclerViewLibrary
71,GitLqr/LQRRecyclerViewLibrary
56,GoogleCloudPlatform/compute-archlinux-image-builder
49,GcsSloop/diycode-sdk
15,GeekLiB/Albert
20,GalvanicGames/unity-pooler
67,GitLqr/LQRNineGridImageView
33,Guolei1130/android-guidedemo
33,Guolei1130/android-guidedemo
22,GokuMohandas/casual-digressions
11,Grumbel/udraw
189,GoogleCloudPlatform/appengine-mapreduce
71,GitLqr/LQRRecyclerViewLibrary
30,Garyuten/useragentswitcher
21,Geocent/node-hmd
17,GaoGersy/SimpleMutiTypeAdapter
69,GNOME/gnome-music
65,GitbookIO/theme-api
115,GeorgeArgyrakis/FloatingKeyboard
74,Gasparila/TCPTuner
65,GoogleCloudPlatform/compute-video-demo-ansible
73,Geekince/SaundProgressBar
33,Guolei1130/android-guidedemo
48,Grippentech/Asus-E200HA-Linux-Post-Install-Script
158,GeoWebCache/geowebcache
46,GoDaddy-Hosting/ruby-sonar-plugin
128,GenaSG/UnityUnetMovement
24,GUR9000/Deep_MRI_brain_extraction
26,GNOME/gnome-boxes
26,GabrielUlici/django-bootstrap4
48,Gp2mv3/Syntheses
16,GreyWolfDev/Telegram-Theme-Bot
233,GNOME/byzanz
216,Gallopsled/pwntools-write-ups
15,Glennmen/PMSF
15,Glennmen/PMSF
153,GustavoKatel/pushbullet-cli
14,Guichaguri/TickrateChanger
55,GoogleCloudPlatform/appengine-websocketchat-java
13,G-mel/Who-Is-At-The-Door
153,GustavoKatel/pushbullet-cli
37,GNOME/tracker
57,Gethe/wow-ui-textures
212,GoogleCloudPlatform/compute-image-packages
14,GNOME/pygtk
27,Ganneff/tm
19,GDRCD/GDRCD
20,Graylog2/graylog-docker
20,Graylog2/graylog-docker
38,Gericom/MobiclipDecoder
60,GrantMStevens/amCharts-Angular
107,GlitterOrg/pipeline
60,GurudayalKhalsa/Base-CSS-Framework
67,Grafikart/Front-end-boilerplate
19,Geigerkind/ModifiedPowerAuras
54,GelaniNijraj/PyMaterial
28,GregDThomas/jquery-localtime
18,GwtMaterialDesign/gwt-material-table
42,GIScience/GIScene.js
11,GIScience/osmatrix-client
56,Gethe/wow-ui-source
123,GetiPlayerAutomator/get-iplayer-automator
21,Gnat008/PerWorldInventory
106,GermainZ/weechat-vimode
123,GetiPlayerAutomator/get-iplayer-automator
123,GetiPlayerAutomator/get-iplayer-automator
51,GoogleCloudPlatform/appengine-guestbook-go
19,Gericom/YoutubeDS
77,Grumbel/jstest-gtk
14,Gamealition/GPrism
37,Gramps/SteamworksForPython
101,Glamdring/computoser
67,GoogleCloudPlatform/Data-Pipeline
129,GavinJoyce/ember-beats
208,GiK/gik-animated-callout
50,Gargron/xmpp-web
106,GoogleCloudPlatform/solutions-ios-push-notification-sample-backend-java
24,GeniusesOfSymfony/WebsocketAppDemo
18,Gamegur-us/circushtml5
440,GcsSloop/FontsManager
55,Guad/GTACoop
29,Greengroove/GG-LootFilter
232,GetJobber/recurring_select
42,Gnnng/SVDFeature
85,Gericom/EveryFileExplorer
51,GPHemsley/tiff-js
117,Germanunkol/trAInsported
14,GloryFish/Cocos2D-Touchable-Nodes
34,Grafikart/ReorderJS
52,GameTechDev/UE4RealSensePlugin
41,Ganem/EGViewsTabBar
53,GerritErpenstein/ionic2-custom-icons
17,Gabrielr47/easyTable
29,GoodGame/API
15,Gurpartap/Swifter-Reverse-Auth
29,GoodGame/API
22,GPUOpen-Effects/DepthOfFieldFX
352,GetHighstreet/HighstreetWatchApp
24,Geequlim/godot-code
21,Gajotres/Ionic2FirstApp
186,GoBootcamp/book
19,Galooshi/atom-import-js
24,GuoJinyu/AndroidNetworkSpeed
416,Goddchen/Android-Gradle-Examples
25,GAVLab/ublox
20,GloryFish/Cocos2D-Iris-Effects
417,GameJs/gamejs
31,GitLqr/LQRAdapterLibrary
15,GitLqr/LQROptionItemView
23,GloryFish/lua-astar
100,GemHQ/money-tree
25,Geequlim/godot-themes
50,GoogleChromeLabs/cronet-sample
121,GlotPress/GlotPress-WP
18,Gillmog/spriterGM
108,Gawen/virustotal
17,GeorgeMe/wxapp-mall
45,Gabriel439/Haskell-Errors-Library
32,Gabriel439/Haskell-Pipes-Concurrency-Library
18,Guaranteed-Rate/re-flow
16,GeoSn0w/iF0rensics-r2---GeoSn0w
45,GameTechDev/CloudySky
149,Gibbsdavidl/CatterPlots
72,GraphStory/neo4j-ios
30,GeekyAnts/native-base-react-navigation-stack-navigator
11,GENIVI/meta-genivi-dev
36,GENIVI/genivi-dev-platform
95,GianlucaGuarini/nodejs-MySQL-push-notifications-demo
11,GrenderG/TinyList
34,GetShopTV/swagger2
269,GPGTools/GPGKeychainAccess
13,GaloisInc/macaw
53,GNOME/mutter
23,GaloisInc/crucible
263,Gabriel439/Haskell-Morte-Library
14,GGist/ssdp-rs
30,GoogleCloudPlatform/spinnaker-deploymentmanager
20,Grindland/Fuzzgrind
29,Granary/granary2
116,GarettRogers/appengine-apns-gcm
17,GNOME/brasero
26,GaryBoone/PresidentialMonteCarlo
12,GPUOpen-LibrariesAndSDKs/OCL-SDK
16,GoogleCloudPlatform/compute-image-tools
12,GreHack/CTF-challs
143,Grokzen/pykwalify
174,GUI/nginx-upstream-dynamic-servers
45,GoSimpleLLC/jpgAgent
87,GoogleCloudPlatform/DataflowSDK-examples
210,Glavin001/GitLab-Pages
20,GENIVI/vsomeip
54,GENIVI/rvi_core
14,GovReady/easyscap
174,GUI/nginx-upstream-dynamic-servers
14,Gaia-Interactive/gaia_core_php
117,Gnuplotting/gnuplot-palettes
117,Gnuplotting/gnuplot-palettes
12,GENIVI/dlt-daemon
34,GoogleCloudPlatform/pubsub
23,Galvant/gpibusb-pcb
50,Gmousse/dataframe-js
12,GSLabDev/pepper-box
31,GStreamer/cerbero
11,Goyoo/codis-docker
13,GrahamDumpleton/apache-mpm-settings
13,GlenDC/StarEngine
39,GIFEE/GIFEE
132,GoogleCloudPlatform/distributed-load-testing-using-kubernetes
31,GeorgioWan/react-impressjs
34,GoogleCloudPlatform/pubsub
26,GeeQuery/ef-orm
12,GregBowyer/cld2-cffi
119,GenslerAppsPod/scalavro
166,Ghirensics/ghiro
20,Gamevy/pixi-packer
178,GetBlimp/django-websocket-request
14,GoogleCloudPlatform/appengine-last-across-the-finish-line-python
30,GauravSahu/hr_biometric_machine
15,GwtMaterialDesign/gwt-material-patterns
13,GamesDoneQuick/agdq17-layouts
29,GNOME/adwaita-icon-theme
209,GoogleCloudPlatform/kube-jenkins-imager
21,GStreamer/gst-python
11,GregoryPotdevin/searchkit-daterangefilter
15,GodTamIt/.NET-Google-Music-API
34,Gallopsled/pwntools-tutorial
27,GilbertGobbels/GAwesomeBot
38,Gnoxter/mountain_goat
232,GDSSecurity/PadBuster
43,GuoFeilong/SoHOT
36,Gabirel/Hack-SpaceVim
57,Ganapati/Crawlic
79,Grarak/android_device_oneplus_oneplus2
29,GNS3/gns3-vm
25,GoogleCloudPlatform/bigquery-fluentd-docker-sample
134,GoogleCloudPlatform/kubernetes-workshops
59,GoreStarry/Stories_Kingdom
72,Gabriel439/Haskell-Foldl-Library
367,GSA/code-gov-web
35,GeoffreyHecht/paprika
55,GPUOpen-ProfessionalCompute-Libraries/amdovx-modules
42,GMaxera/QtFacebook
58,Galleondragon/qb64
55,GeoSn0w/Myriam
155,GreyGnome/EnableInterrupt
22,GoogleCloudPlatform/cloud-debug-java
89,GNOME/evince
28,Galooshi/vim-import-js
55,GeoSn0w/Myriam
93,GleasonK/android-webrtc-api
79,GoogleCloudPlatform/cloud-bigtable-client
80,GuangchuangYu/clusterProfiler
34,GalaxyEham/FrostyToolSuite
93,GoogleCloudPlatform/cloud-bigtable-examples
14,Groundworkstech/dynamips-gdb-mod
51,GingerBear/Front-end-Developer-Interview-Questions-QA
21,Geal/pgo-rust
23,GabrielRF/telegram-id
23,GabrielRF/telegram-id
19,GoEddie/SQLCover
17,GHPReporter/Ghpr.NUnit
46,GPUOpen-LibrariesAndSDKs/HelloVulkan
35,GPUOpen-LibrariesAndSDKs/Tessellation
50,GlusterFS/Notes
96,GoyaPtyLtd/BaseElements-Plugin
13,GitbookIO/slate-prism
282,Gexos/Hacking-Tools-Repository
33,GringerApps/minimalin
45,GeekyAnts/nativebase-tutorial
13,GreenBuildingXML/gbXML-Schema
23,Gavin-ZYX/SpannableStringBiulderTest
34,GoogleCloudPlatform/appengine-symfony-starter-project
48,GaretJax/django-click
18,GregorBiswanger/json2ts
18,Gyoo/Discord-Streambot
27,GaloisInc/smaccmpilot-stm32f4
19,Guilouz/repository.guilouz
52,GaloisInc/smaccmpilot-build
19,GSA/code-gov-api
36,GPflow/GPflowOpt
31,Gioyik/getExploit
36,GDSSecurity/burpee
15,GDSSecurity/BadSamba
37,Ghostrrr/ghost-theme-uikit
126,GrahamLea/scala-spring-hibernate-maven-webapp
32,Gimly/vscode-matlab
56,GregBowyer/ManagedRuntimeInitiative
91,GNOME/libxml2
15,Gl237man/mineroute
77,GChristensen/enso-portable
47,Graylog2/documentation
15,GaloisInc/lean-protocol-support
78,Galvant/InstrumentKit
66,GameAnalytics/hyper
18,GussyH/hass-telebot
17,GaloisInc/minlibc
53,GWTReact/gwt-react
39,GoogleCloudPlatform/gke-jupyter-classroom
14,GeneralTrademark/print-arena
24,GoSecure/security-cheat-sheet
19,GoaLitiuM/Pulsus
24,GoneUp/Tera_PacketViewer
114,Gutem/http-api-design
36,Grasia/teem
24,GoneUp/Tera_PacketViewer
94,GradiusX/HEVD-Python-Solutions
15,Gifts/Rogue-MySql-Server
31,GDSSecurity/Nmap-Scripts
39,GetAmbassador/redux-clerk
19,Gamefroot/Gamefroot-Texture-Packer
188,GuangchuangYu/ggtree
46,GitbookIO/plugin-mathjax
16,GleasonK/WebRTC-TicTacToe
27,Gizra/drupal-elm-starter
28,GaelVaroquaux/stats_in_python_tutorial
13,GrayHatter/toxcore
71,GuangchuangYu/hexSticker
27,GLab/ToMaTo
14,GeekBand/GeekBand-CPP-1501-Homework
72,Gregwar/Formidable
11,Groundworkstech/pybuspirate2
37,GuangchuangYu/ggimage
21,GuangchuangYu/ChIPseeker
23,GGreenwood/Shinewave
67,Greyh4t/ProxyPool
15,GreatBoy/mvui
236,Gandi/gandi.cli
47,Gawen/tornalet
14,Guilh/CSS-Guidelines
38,GreenleafLab/NucleoATAC
39,GuangchuangYu/emojifont
16,GuangchuangYu/DOSE
21,GuangchuangYu/ChIPseeker
21,GraphMIC/GraphMIC
18,GAVLab/novatel
15,Genecom/FileMakerSampleSolutions
41,GrandComicsDatabase/gcd-django
53,GoogleCloudPlatform/storage-file-transfer-json-python
11,GainaTang/Melbourne-University-AES-MathWorks-NIH-Seizure-Prediction-4th-solution-
84,GeorgeJahad/cdt
29,GunhoChoi/Deep-Learning-For-Beginners
20,Georgetown-IR-Lab/QuickUMLS
150,GoogleCloudPlatform/endpoints-codelab-android
11,GIS-SP-Group/RCA
62,GFA-spec/GFA-spec
14,Gericom/dspatch
11,Glank/Galois
289,Gladdy/EasyOpenCL
21,GeoDirectory/geodirectory
36,GreyRook/Draw2Script
14,GiantSteps/MC-Sonaar
176,GetmeUK/ContentEdit
41,GunhoChoi/DiscoGAN-TF
35,GIANTCRAB/gitlabby-dockerish-laravel
54,GoogleCloudPlatform/prediction-try-java-python
15,Gab-km/msgpack-fsharp
29,GunhoChoi/FusionNet-Pytorch
40,GeekyAnts/native-base-cli
12,GENIVI/CANdevStudio
201,GokuMohandas/fast-weights
23,GNOME/recipes
35,GSA/govt-urls
25,GSA/recalls_api
18,GSA/punchcard
21,GSA/jobs_api
29,GoogleCloudPlatform/cloudml-dist-mnist-example
24,GalvanizeOpenSource/python-resources
20,Glench/Flowsheets-v2
22,GovLab/toolsforcollaboration
22,GovLab/toolsforcollaboration
26,GET-TUDA-CHOPPA/SpelunkBots
11,GaloisInc/ddosflowgen
19,Grzego/async-rl
201,GokuMohandas/fast-weights
22,GovLab/toolsforcollaboration
22,GovLab/toolsforcollaboration
44,GMOD/Apollo
16,GreenleafLab/chromVAR
22,GovLab/toolsforcollaboration
41,GPBeta/nc.js
54,GoogleCloudPlatform/prediction-try-java-python
29,GunhoChoi/FusionNet-Pytorch
201,GokuMohandas/fast-weights
16,GameBelial/ZonyLrcDownLoad
27,GDquest/Blender-power-sequencer
11,GDquest/free-krita-brushes
22,GovLab/toolsforcollaboration
12,GuillaumeAmat/leaflet-overpass-layer
29,Gbury/mSAT
28,GitScrum/postcss-at-rules-variables
74,Gueils/whales
22,Git-Lit/git-lit
18,GabiGrin/elm-codemirror
13,GSA/Open-Data-Collaboration-Sandbox
42,Gotetz/UserNormalTranslator
46,Garufortho/TickedPriorityQueue
12,GoEverywhere/Go-Everywhere
25,GlitchTools/Introwerks
19,Granjow/launchpad-mini
