1578,InfyOmLabs/laravel-generator
145,ITI/ICS-Security-Tools
90,IntellectualSites/PlotSquared
416,IronLanguages/ironpython3
38,IKende/Log4Grid
358,IronWarrior/SuperCharacterController
5732,Intervention/image
1466,ICT-BDA/EasyML
163,IronsDu/brynet
14,Illation/GLFramework
16,Illation/ETEngine
796,ISBX/apprtc-ios
4306,ImageOptim/ImageOptim
6691,IBAnimatable/IBAnimatable
6300,IFTTT/JazzHands
318,ImageTragick/PoCs
605,IGRSoft/KisMac2
8056,Idnan/bash-guide
6860,Instagram/IGListKit
8056,Idnan/bash-guide
85,Invoke-IR/ACE
676,InkProject/ink
129,Image-Py/imagepy
676,InkProject/ink
542,IanHarvey/bluepy
168,ICSec/airpwn-ng
111,IOActive/I-know-where-your-page-lives
29,Ihsoh/isystemx86
17694,IanLunn/Hover
17,ICPCCamp/BlackBoxLinearAlgebra
676,InkProject/ink
341,IntelLabs/hpat
1122,Imangazaliev/DiDOM
341,IntelLabs/hpat
22,ICanBoogie/ICanBoogie
31,IOActive/RepoSsessed
102,ImSoErgodic/py-upset
217,IOActive/jdwp-shellifier
87,Inndy/vue-clipboard2
17,IlianIliev/python-courses
179,Invoke-IR/Uproot
19,IoTsec/Z3sec
19,IoTsec/Z3sec
16,IronWarrior/UnityReplaySystem
87,IVMachiavelli/OSINT_Team_Links
1092,ImageMagick/ImageMagick
6009,IBM-Swift/Kitura
406,IBM-Blockchain-Archive/learn-chaincode
20,IRSgov/IDES-Data-Preparation-Dot-Net
1754,IsseiAoki/SimpleCropView
452,Introduction-to-Tornado/Introduction-to-Tornado
191,IonicaBizau/github-calendar
97,InfiniteRasa/Game-Server
386,IgorAntun/node-chat
23,IjzerenHein/kiwi.js
618,Invoke-IR/PowerForensics
26,IvanSanchez/Leaflet.ImageOverlay.Rotated
921,IonicaBizau/gridly
128,ImminentFate/CompactGUI
282,Imgur/mandible
152,Idnan/like-on-github
1391,ImmortalZ/StereoView
29,Intel-bigdata/TensorFlowOnYARN
29,Intel-bigdata/TensorFlowOnYARN
101,IntelVCL/FastGlobalRegistration
14,Ircam-RnD/pipo-sdk
76,Illumina/hap.py
213,IQAndreas/markdown-licenses
30,Ixox/preenfm2
390,INRIA/spoon
433,InvexGames/MaterialUI
149,Igor10k/ikSelect
17,IdoZehori/Credit-Score
368,IBM/ibm.github.io
11,IBMDataScience/getting-started
25,IBMDataScience/SparkSummitDemo
13,Inouju/mambo
71,InCar/ali-mns
50,IntelRealSense/hand_tracking_samples
34,InteractiveAdvertisingBureau/safeframe
292,InnoArchiTech/datascience-ai-machinelearning-resources
284,Ivony/Jumony
48,IngwiePhoenix/FLTK
380,Icinga/icingaweb2
699,IDSIA/sacred
1923,IdentityServer/IdentityServer4
16,Ivanlh20/MULTEM
534,IBM-Swift/BlueSocket
77,ITensor/ITensor
699,IDSIA/sacred
55,Iragne/PCDN
140,IgniteUI/igniteui-angular2
20,InfiniteSearchSpace/Automata-Gen-3
37,ImprobableStudios/Feather_TFT_LoRa_Sniffer
41,IainNZ/GraphLayout.jl
2012,IdentityServer/IdentityServer3
2012,IdentityServer/IdentityServer3
497,IdentityServer/IdentityServer3.Samples
80,Ironholds/urltools
79,IntelVCL/DirectFuturePrediction
64,INEXTH/Arduino-ESP8266_libs
28,IridescentMia/resume
699,IDSIA/sacred
699,IDSIA/sacred
30,IBM/type
25,IBMDataScience/SparkSummitDemo
1581,IvanVorobei/RequestPermission
23,IrfanBaqui/react-router-v4-tutorial
33,Impro-Visor/Impro-Visor
275,IFSight/d4m-nfs
759,IntelLabs/flrc
88,IBMSparkGPU/GPUEnabler
53,IvanMalison/dotfiles
77,InsightSoftwareConsortium/SimpleITK-Notebooks
751,Icinga/icinga2
20,InfiniteSearchSpace/Automata-Gen-3
37,ImprobableStudios/Feather_TFT_LoRa_Sniffer
562,IjzerenHein/autolayout.js
83,Iconscout/icondrop
100,Iconscout/logodrop
18,Igalia/chromium
52,ITPNYU/ICM-2013
63,ITPNYU/physcomp
660,InfiniteAmmoInc/Yarn
173,IBM/pytorch-seq2seq
291,IBM/BluePic
1158,IronLanguages/main
62,IENT/YUView
214,Inumedia/SlackAPI
477,IonicaBizau/medium-editor-markdown
13,INFO-201/m9-dplyr
54,Illumina/pyflow
760,IRkernel/IRkernel
71,IBM-Bluemix/openwhisk-darkvisionapp
358,InfomediaLtd/angular2-materialize
141,IonicaBizau/node.cobol
292,InnoArchiTech/datascience-ai-machinelearning-resources
2746,IonicaBizau/scrape-it
230,InFoCusp/tf_cnnvis
618,IDPF/epubcheck
699,IDSIA/sacred
89,ICIJ/extract
260,INDExOS/media-for-mobile
80,ImangazalievM/Notelin
67,IndicoDataSolutions/IndicoIo-python
157,IdahoEv/cowboy-elixir-example
699,IDSIA/sacred
699,IDSIA/sacred
699,IDSIA/sacred
129,IBBM/Cascaded-FCN
77,IjzerenHein/react-native-bundle-visualizer
2746,IonicaBizau/scrape-it
3256,InterNations/antwort
544,Ivshti/linvodb3
60,Ilias95/FF-Multi-Converter
173,IBM/pytorch-seq2seq
412,IJHack/QtPass
3256,InterNations/antwort
68,ImageOptim/Sketch-plugin
152,InstaSharp/InstaSharp
312,Inchoo/Inchoo_PHP7
699,IDSIA/sacred
249,Irrelon/ige
21,IdanCo/ng1bs4
412,IJHack/QtPass
37,Integ/WeShoot
1581,IvanVorobei/RequestPermission
238,ITCoders/Human-detection-and-Tracking
247,Intellicode/eslint-plugin-react-native
12,Isilon/isilon_sdk
23,Isilon/isilon_data_insights_connector
58,Intel-bigdata/OAP
282,IonicaBizau/cli-github
58,Intel-bigdata/OAP
111,Ismaestro/angular4-example-app
21,IdanCo/ng1bs4
40,IonicaBizau/git-url-parse
147,Ivoah/minimap
12,IIIT-Delhi/Arche
22,IsNull/TCBrute
32,IntelRealSense/realsense_samples_ros
62,InsightDataScience/data-engineering-ecosystem
14,IronPans/angular-demo
95,Intel-bigdata/ceph-mesos
474,IvBaranov/MaterialFavoriteButton
30,IshitaTakeshi/PCANet
44,Indexhibit/indexhibit
53,IBM/watson-online-store
23,Iamasoldier6/SoldierWeather
16,IBM-Bluemix/capital-weather
16,IEDMS/standard-bkt
221,IshmaelBelghazi/ALI
34,InfiniteAmmoInc/yarn-test
14,IntellijSys/AndroidToDoList
83,Iwark/spreadsheet
95,IntelLabs/SkimCaffe
1268,IDSIA/brainstorm
27,Intel-Technology/Intel-RealSense-Navigation-Library
18,IBM/watson-banking-chatbot
188,Icinga/icingaweb2-module-director
167,Icinga/icinga-vagrant
96,Icinga/dashing-icinga2
26,ISO-B/pmb-pitft
13,Ingener74/Telegram-Bot
490,IPGP/scientific_python_cheat_sheet
14,IntellijSys/AndroidToDoList
14,IntellijSys/AndroidToDoList
14,IntellijSys/AndroidToDoList
75,IhorKlimov/Android-Animations
195,IvBaranov/MaterialLetterIcon
12,Icenowy/xradio
95,IntelLabs/SkimCaffe
155,Intel-bigdata/spark-streamingsql
61,IonicaBizau/reset-your-facebook-account
62,IanWraith/DMRDecode
262,Interkarma/daggerfall-unity
154,ITRav4/PlexRedirect
4436,IonicaBizau/git-stats
30,IKAcc/Joqd
36,Iraka-C/Calci-kernel
2817,IFTTT/RazzleDazzle
145,InQuicker/ktmpl
153,IronPans/freeng
312,IFTTT/SparkleMotion
95,IKende/Beetle.DT
33,Intel-bigdata/imllib-spark
991,IrosTheBeggar/mStream
215,IFmiss/vue-music
149,ITLinuxCL/Varnish-Agent-Dashboard
57,IronsDu/DBProxy
396,IBM-Blockchain/marbles
396,IBM-Blockchain/marbles
47,IG-Group/Havoc
396,IBM-Blockchain/marbles
149,ITLinuxCL/Varnish-Agent-Dashboard
96,IvanChou/aliyun-oss-support
13,IshitaTakeshi/SCW
168,Inventory-Tweaks/inventory-tweaks
239,Ingensi/dockbeat
21,Innqube/ng2-iq-select2
509,Itseez/opencv_for_ios_book_samples
17,InsightDataScience/Awesome-Data-Engineering-Content
52,IvanVolosyuk/diskusage
125,Inori/FuckGalEngine
65,IdentityServer/IdentityServer3.EntityFramework
70,IdentityServer/IdentityServer3.Admin
85,IdentityServer/IdentityServer4.Quickstart.UI
18,InnovaCo/fluentd-scala
298,InsightSoftwareConsortium/ITK
15,InventivetalentDev/AnimatedFrames
17,IjzerenHein/famous-flex-tabbarcontroller
212,ItzBlitz98/torrentflix
12,Infoblox-API/PowerShell
66,Infinidat/infi.clickhouse_orm
65,IBM-Blockchain-Archive/cp-web
72,ITPeople-Blockchain/auction
239,Ingensi/dockbeat
230,IgnitedDatatables/Ignited-Datatables
22,Isithelo/Fraternate
54,IronsDu/Joynet
1759,IonDen/ion.rangeSlider
13,Iamlars/diaries
45,Intermodalics/tango_ros
40,IsraelOrtuno/pipedrive
403,Imgur/imgurpython
695,IanDarwin/Android-Cookbook-Examples
61,ITboy/book
39,InJapan/russianpost-tracking
20,Intel-Corp/sriov-cni
28,Intel-bigdata/SSM
1134,IgnaceMaes/MaterialSkin
155,Iyengar111/NanoLog
17,IM-Netty/IMServer
16,IBM/starcraft2-replay-analysis
30,IBM/microservices-traffic-management-using-istio
130,ImmortalZ/Learn_Depth
374,IdentityModel/oidc-client-js
90,Inndy/fresh-foods
1016,Indatus/dispatcher
31,ISCLOUDX/alisms
1586,IanLunn/jQuery-Parallax
193,Ishmeetsingh97/FontometricsLibrary
1571,IcaliaLabs/Presentr
16,IFS-HSR/SConsolidator
17,IcyApril/CryptoLib
31,IBM-Bluemix/chatbot-watson-android
1652,IFTTT/jot
231,IntelLabs/ParallelAccelerator.jl
407,IcaliaLabs/LoginKit
808,ISchwarz23/SortableTableView
34,ITKTools/ITKTools
348,Integ/BachEditor
128,IvanSanchez/Leaflet.Polyline.SnakeAnim
15,IssabelFoundation/issabel
89,Ifnot/PopConfirm
19,Interfacelab/ilab-media-tools
21,IRDeNial/craigslist-poster
298,InvertGames/uFrame-MVVM
3319,IanLunn/Sequence
3319,IanLunn/Sequence
33,IceEnd/ice-video
58,Ideaviate/html5-css3-js-calculator
27,INnoVationes/Flask-INnoVation
801,IntelRealSense/librealsense
12,InnoFang/GankIO
11,InnoFang/ChangTu
295,Intervention/imagecache
33,IOSDelpan/SmoothTransitionDemo
64,InvidHead/PHer
13,IBM-Bluemix/nodejs-cloudantdb-crud-example
166,IvanVorobei/TwitterLaunchAnimation
948,InvoicePlane/InvoicePlane
80,Inspirato/SwiftPhotoGallery
295,Intervention/imagecache
21,Inpassor/yii2-daemon
29,IxMilia/Dxf
15,IonicaBizau/love-you
773,IonicaBizau/image-to-ascii
948,InvoicePlane/InvoicePlane
25,Intervention/httpauth
17,Imperiopolis/Symbolication
33,IronPans/LazyPicker
801,IntelRealSense/librealsense
33,IceEnd/ice-video
41,Indatus/laravel-PSRedis
487,IonicBrazil/guia-do-desenvolvedor
18,IFmiss/music
108,ItKindaWorks/ESPHelper
51,IamDH4/ttf-wps-fonts
16,IDMComputerSolutions/themes
47,IDMComputerSolutions/wordfiles
102,InterImm/InterImmBook
63,InterNations/SolrQueryComponent
1280,Idered/Editr.js
13,IchHabRecht/content_defender
140,Icinga/icinga2-ansible
82,ILIAS-eLearning/ILIAS
28,ImanMh/persianRex
138,Ivony/DbUtility
71,Intervention/validation
29,IMCCP/CCPCustomCamera
315,InsomniacGames/ig-cachesim
108,Idnan/trending-guides
64,InvidHead/PHer
24,IckleChris/jquery-date-dropdowns
64,IskenHuang/react-native-scrollview-lazyload
11,ImageMarkup/isic-archive
295,Intervention/imagecache
205,IBM/vue-a11y-calendar
82,ILIAS-eLearning/ILIAS
16,IonicaBizau/code-style
205,IBM/vue-a11y-calendar
36,IonicaBizau/node-ipinfo
41,Iazel/magento2-regenurl
71,Intervention/validation
1280,Idered/Editr.js
108,ItKindaWorks/ESPHelper
28,IEvangelist/Mirror
152,ITJesse/UnblockNeteaseMusic
11,InvokIT/js-untar
21,Invertus/brad
33,IDBAI/Daemon-simple
290,InterNations/http-mock
337,IntruderShanky/Frisson
90,IcaliaLabs/guides
175,IonicaBizau/github-stats
47,ImmobilienScout24/restapi-php-sdk
208,IonicChina/ioniclub
304,IQAndreas/github-issues-import
948,InvoicePlane/InvoicePlane
353,Imangazaliev/git-tips
63,InterNations/SolrQueryComponent
26,ICanBoogie/CLDR
75,IonicMaterialDesign/ionic-material-starter
295,Intervention/imagecache
105,Inlife/nexrender
105,IonicaBizau/json2md
20,ISA-tools/OntoMaton
32,ITVlab/TvAppRepo
241,Implem/Implem.Pleasanter
948,InvoicePlane/InvoicePlane
16,IonicaBizau/code-style
15,Ironholds/geohash
63,Intel-Media-SDK/samples
241,Implem/Implem.Pleasanter
12,Idnan/mysql-migrate
205,IBM/vue-a11y-calendar
11,IdeaTrackerPlus/IdeaTrackerPlus
56,Intel-HLS/TileDB
247,Ilhasoft/data-binding-validator
16,IAmPhoenix/Minecraft-Protocol
13,IFmiss/toast
17,Infragistics/livewire
396,IdentityServer/IdentityServer4.Samples
51,ITPNYU/ICM-2015
17,IntelLabs/iACT
79,Inboxen/Inboxen
24,IamMohaiminul/MERNjs
66,IMCCP/CCPScrollView
63,IBM/CognitiveConcierge
14,IT-iOS-xie/didiAdAlertView
14,IT-iOS-xie/didiAdAlertView
94,Ircam-RnD/binauralFIR
66,IMCCP/CCPScrollView
35,ITChong/DouYuTvImitation
20,Inspirelife96/Reader
188,IvanVorobei/SegmentedControl
35,ITChong/DouYuTvImitation
23,IBM-Swift/kitura.io
17,InjoyDeng/ResignTool
1013,IdleHandsApps/IHKeyboardAvoiding
188,IvanVorobei/SegmentedControl
1013,IdleHandsApps/IHKeyboardAvoiding
36,Ibrahimhass/IHEqualizerView
1013,IdleHandsApps/IHKeyboardAvoiding
203,InderKumarRathore/DeviceGuru
1013,IdleHandsApps/IHKeyboardAvoiding
1013,IdleHandsApps/IHKeyboardAvoiding
632,Ink/ThatPhoto
14,InventivetalentDev/NickNamer
68,IMCCP/CCPAFNNetworking
76,Insfgg99x/FGDownloader
23,IBM-Swift/kitura.io
1013,IdleHandsApps/IHKeyboardAvoiding
80,IBM-Swift/BlueCryptor
298,IvanoBilenchi/ICTextView
107,IvanVorobei/ParallaxTableView
42,ISBX/apprtc-node-server
20,IzaakPrats/MLLiveVisionExample
1171,Instagram/ig-json-parser
632,Ink/ThatPhoto
105,Infinality/fontconfig-infinality
15,IanKeen/IKScrollView
53,IanKeen/NonReactiveMVVM
138,InfyOmLabs/adminlte-generator
36,Invoicebus/html-invoice-generator
56,ITechRoof/ITRAirSideMenu
24,IainMcManus/iOSCoreLibrary
110,Invoiced/invoice-generator-api
161,IvanRublev/PersistentStorageSerializable
110,IBM-Swift/swift-ubuntu-docker
161,IvanRublev/PersistentStorageSerializable
418,Isuru-Nanayakkara/Reach
418,Isuru-Nanayakkara/Reach
512,Ink/ThatPDF
325,IamXiaRui/Android_5.0_ViewDemo
45,Ilyushin/google-interview-university
44,IBM-Swift/generator-swiftserver
26,IBM-Swift/Kitura-Credentials
299,IBM-Swift/Swift-Kuery
16,Ircam-RnD/binauralModeled
29,IBM-Swift/swift-html-entities
110,IBM-Swift/SwiftyJSON
1698,IFTTT/FastttCamera
1698,IFTTT/FastttCamera
161,IvanRublev/PersistentStorageSerializable
299,IBM-Swift/Swift-Kuery
557,InderKumarRathore/DeviceUtil
26,Imperiopolis/Swiftly
29,IBM-Swift/swift-html-entities
60,Insight-book/data-science-from-scratch
13,IBM-Blockchain/ibm-container-service
59,IronLanguages/ironpython2
16,Izhido/Quake_For_OSX
33,Isuru-Nanayakkara/InstagramAuthViewController
27,IntrepidPursuits/swift-wisdom
44,Insolita/yii2-adminlte-widgets
91,IngeoSDK/ingeo-ios-sdk
63,IBM-Swift/Aphid
73,Ideame/paypal-adaptive-sdk-nodejs
1698,IFTTT/FastttCamera
29,IBM-Swift/swift-html-entities
83,IBM-Design/ios-animations
13,ICTU/docker-dashboard
71,IDeserve/learn
16,Igor-Palaguta/LiteralsExtension
47,Impactstory/oadoi
30,Instagram/django-workload
44,INFURA/infura
30,IntelOrca/OpenRCT2
557,InderKumarRathore/DeviceUtil
15,IvanVorobei/RateApp
13,IBM-Blockchain/ibm-container-service
573,Izzimach/react-pixi
557,InderKumarRathore/DeviceUtil
1698,IFTTT/FastttCamera
347,Incenteev/ParameterHandler
21,Inist-CNRS/node-inotifywait
600,Irrelon/ForerunnerDB
614,IonDen/ion.sound
260,IdentityModel/AuthorizationServer
14,Influendo/laravel-survivor
1201,Izzimach/react-three
543,ImmortalZ/RadarScan
68,IonicBrazil/ionic2-docs
23,IstanbulPHP/industry
12,InExtenso/win32service
16,Iyeonghun/Mi_Band_SDK
23,Infinety/alerts
27,IbrahimButt/Direwolf-Arch-Rice
287,Irrelon/jquery-lang-js
50,IdentityModel/oidc-token-manager
11,IG-Group/ig-webapi-java-sample
118,IndigoUnited/node-request-progress
209,IQSS/dataverse
113,Iristyle/PerfTap
113,Iristyle/PerfTap
27,IMAmuseum/tap-cms
55,IMA-WorldHealth/bhima-2.X
384,IdentityModel/Thinktecture.IdentityModel.45
420,IdentityServer/IdentityServer2
11,Icenium/Sample-Capture
38,Inist-CNRS/node-xml-mapping
157,IdentityModel/IdentityModel2
48,IdentityServer/IdentityServer4.AspNetIdentity
64,IdentityServer/IdentityServer3.AspNetIdentity
48,InfomediaLtd/angular2-redux
89,IdentityModel/IdentityModel
48,InfomediaLtd/angular2-redux
25,IckleChris/ic-datepicker
1073,Indamix/real-shadow
34,IAMtheIAM/angular-webpack-nodejs-starter
703,ImangazalievM/CircleMenu
658,IntruderShanky/Squint
651,IdentityManager/IdentityManager
37,IndigoUnited/node-proper-lockfile
651,IdentityManager/IdentityManager
762,IntelLabs/RiverTrail
193,IamAdamJowett/angular-click-outside
68,Ian-Foote/rest-framework-generic-relations
131,INN/largo
658,IntruderShanky/Squint
15,InstantQuick/AzureFunctionsForSharePoint
74,InfomediaLtd/angular2-redux-example
526,Igosuki/compass-mixins
68,IDPF/epub-testsuite
34,IAMtheIAM/angular-webpack-nodejs-starter
64,IceEnd/Spruche
23,InsidiousMind/material-bliss-jekyll-theme
229,Imaginea/uvCharts
145,ImangazalievM/Bubbble
193,IamAdamJowett/angular-click-outside
651,IdentityManager/IdentityManager
17,Interstices-/Manifont-Grotesk
32,IBM/Scalable-Cassandra-deployment-on-Kubernetes
32,IanGClifton/auid2
85,IanDarwin/javasrc
233,Incwadra/HabraPack
235,Imgur/incus
93,Involt/Involt
235,Imgur/incus
11,IBM-Bluemix/go-cloudant
12,IojkinKot/PolarisBiosEditor
25,InsZVA/MonkeyDB2
82,IIJ-NetBSD/netbsd-src
14,IBM/Decentralized-Energy-Composer
11,IBM/BlockchainNetwork-CompositeJourney
130,IBM-Blockchain-Archive/car-lease-demo
260,ICTO/ansible-jenkins
13,IonicaBizau/mdify
41,IBM-Bluemix/logistics-wizard
20,IdleHandsProject/thePIDDYBOT
471,InstantWebP2P/node-android
16,InES-HPMM/linux-l4t
207,IgorMinar/Memory-Game
14,Ipsis/Woot
16,IanLondon/general_img_classifier
154,ICanBoogie/Inflector
36,IBM-Swift/Kitura-Request
48,IBM-Swift/Kitura-redis
23,IRNAS/GoodEnoughCNC-PlasmaCutter
14,InsightSoftwareConsortium/ITKPythonPackage
19,Illuminux/ct-ng-linaro-mac
45,INdT/Quasi-Engine
47,IdentityModel/IdentityModel.OidcClient2
23,IBM-Bluemix/nodejs-MEAN-stack
49,IBM/vr-speech-sandbox-vive
64,IndigoUnited/node-cross-spawn-async
41,ItsDeidara/MegaNTR
30,IronLanguages/ironruby-contrib
83,IonicaBizau/emoji.css
27,InteractiveAdvertisingBureau/AdBlockDetection
36,IdleHandsProject/POV_Fidget
154,ICanBoogie/Inflector
124,InflationX/ViewPump
91,Isminoula/DL-to-Rank
11,Innofactor/PluginRegistration
39,Innofactor/FetchXMLBuilder
27,IdleLands/IdleLands
351,IconoclastLabs/rubymotion_cookbook
45,INdT/Quasi-Engine
117,IncredibleWeb/pwa-tutorial
24,IBM/acme-freight
65,Intel-bigdata/CRF-Spark
59,IoannisAntonoglou/optimBench
85,IOActive/Melkor_ELF_Fuzzer
65,Intel-bigdata/CRF-Spark
182,IdeaSpaceVR/IdeaSpace
548,IFTTT/polo
230,Invoke-IR/ForensicPosters
150,IceCreamYou/THREE.Terrain
59,IoannisAntonoglou/optimBench
215,IvanVergiliev/2048-react
150,IceCreamYou/THREE.Terrain
144,IntelLabs/pWord2Vec
15,ITPNYU/ICM-2017
82,IDMNYU/p5.js-speech
14,IljaKosynkin/FFmpeg-Development-Kit
47,IvanTrendafilov/Confucius
501,InternetSemLimites/InternetSemLimites
14,ITelegramBot/PackageTrackerBot
48,Insolita/yii2-migrik
740,Idtk/Blog
17,IonicaBizau/react-weather-app
19,ImpulseAdventure/GUIslice
58,IKende/SmartRoute
21,Icenium/Sample-Barcode-Scanner
11,IronPhreak/Coding-Trainer
43,IntelRealSense/realsense_sdk_zr300
26,Iotic-Labs/py-lz4framed
15,InternationalTradeAdministration/developerportal
32,Ikimea/Browser
1434,ImmortalZ/TransitionHelper
20,IGRSoft/IGRPhotoTweaks
122,IUCompilerCourse/Essentials-of-Compilation
40,Ideolys/carbone
69,IeiuniumLux/AAV
41,Infinideastudio/NEWorld
37,Icemic/search.bakery.moe
23,Inchoo/php-academy
78,IdentityServer/IdentityServer4.EntityFramework
15,Illumina/Nirvana
174,Impactstory/unpaywall
185,Integralist/Grunt-Boilerplate
22,ImmaculatePine/hermitage
176,IceCreamYou/MainLoop.js
292,Indatus/trucker
428,IgniteUI/ignite-ui
51,InternalError503/cyberfox
24,Iambecomeroot/dotfiles
20,Im-dex/xray-162
38,Integreight/1Sheeld-Arduino-Library
39,Innovattic/Android-Font-Library
32,IranOpenFontGroup/Discussions
19,IKAcc/Gorbeh
36,IBM-Bluemix/iot-sensor-tag
31,IKAcc/RangeBrand
19,IKAcc/Gorbeh
38,ITUnity/dev
714,InQBarna/TableFixHeaders
714,InQBarna/TableFixHeaders
561,Idtk/SmallChart
647,ImKarl/CharacterPickerView
21,IhorKlimov/Android-WebRtc
39,Ichabond/Pythonbits
69,IronicBadger/ansible
82,IainAndrew/footer-reveal
89,IonDen/ion.calendar
25,Ifnot/RestfulizerJs
13,ILackPants/Narwhal
27,IGITUGraz/live-plotter
89,IgorTimofeev/OpenComputers
18,IntuitDeveloper/oauth-node-js
18,InvoicePlane/InvoicePlane-3
15,Integralist/dotfiles
12,Indemsys/Delphi_MQTT_mosquitto
44,IridiumIon/SharpJS
13,Ihellmasker/BDO-Planner
15,Ipstenu/dreamspeed
19,IanWambai/Chowder
18,Infinitape/etherjar
51,Igorgro/Material-Design-Framework
13,Instinctlol/automatic-twitch-recorder
12,Infocatcher/UserScripts
26,IUCompilerCourse/support-code-for-students
18,Ihatetomatoes/webpack-101-bootstrap
55,Illutron/AdvancedTouchSensing
97,Islandora/islandora
74,IdentityServer/IdentityServer3.AccessTokenValidation
48,Intrinsec/comission
27,ITPNYU/Obamathon
42,ISBX/apprtc-server
154,IDPF/epub3-samples
453,IFTTT/dash
45,Inndy/ctf-writeup
51,Igorgro/Material-Design-Framework
11,Indemsys/Universal3PHalfBridgeController
31,IcyApril/WhatsChanged
453,IFTTT/dash
133,IanVS/eslint-nibble
13,IBM/IBM-Z-zOS
54,InBetweenNames/gentooLTO
133,IanVS/eslint-nibble
79,Imater/mindmap
18,IBM-Bluemix/DevOps-Services-Docs
53,IBurn36360/Twitch_Interface
119,IndigoUnited/node-promise-retry
93,Ibrahim-Islam/monokai-vs-2015
119,IndigoUnited/node-promise-retry
44,IvanVorobei/Sparrow
235,IAIK/CJAG
12,Integreat/app-android
13,Integreat/cms
49,Ithamar/awutils
38,Intline9/IntWars
22,IgnaciodeNuevo/personal-goals
48,IanHawke/NumericalMethods
133,IanVS/eslint-nibble
40,IonicaBizau/tinyreq
13,InsZVA/ZJUBattlePlatform
13,ImproPhoto/pymicmac
60,IntellexApps/blcheck
308,InteractiveComputerGraphics/PositionBasedDynamics
80,IAIK/drama
34,IonicaBizau/learning-nodejs
26,InstLatx64/InstLatx64
43,IkerGarcia/PocketInstaller
18,IrenejMarc/dpq
26,InstLatx64/InstLatx64
16,Infocatcher/Private_Tab_WE
34,INRIA/awesome-open-science-software
22,Icinga/icingaweb2-module-graphite
100,Infinidat/munch
85,Intel-Media-SDK/MediaSDK
32,IlyaSukhanov/morseapi
29,IonicaBizau/made-in-turkey
18,ICGJKU/APTAM-GPL
55,Ibuprogames/gamedev-resources
86,IntelLabs/HPAT.jl
11,Ignotus/theano-roi-align
17,InceptionCode/Functional-Programming-Exercises
280,InstantUpdate/CMS
12,Insomnihack/Teaser-2017
171,IAIK/armageddon
14,IEEEICSG/IEEE_Taggant_System
63,ITAYC0HEN/A-journey-into-Radare2
35,InseadDataAnalytics/INSEADAnalytics
14,IEEEICSG/IEEE_Taggant_System
33,Itsukara/async_deep_reinforce
86,IvanMalison/okcupyd
25,IcaliaLabs/alpha
86,IzzySoft/Adebar
34,IBMSparkGPU/SparkGPU
206,IngmarStein/Monolingual
65,Iktwo/QuteLauncher
21,Iktwo/components
65,Iktwo/QuteLauncher
21,Iktwo/components
13,Isti115/BlenderRenderController
21,ImpetusGames/UE4-Settings
119,InteractiveComputerGraphics/SPlisHSPlasH
24,Interrupt/doomtest
14,InvertGames/uFrame.ECS
19,InfiniteLibrary/infinite-electron
17,Illumina/Pisces
15,IOSLittleWhite/HMExpressionEvaluator
15,IOSLittleWhite/HMExpressionEvaluator
99,ImKcat/CatZanButton
109,IcaliaLabs/UIImage-ImageCompress
109,IcaliaLabs/UIImage-ImageCompress
26,IBM-Swift/BlueSignals
13,IBM-Swift/Swift-SMTP
24,IBM-Swift/Kitura-HelloWorld-iOS
27,InflationX/Calligraphy
33,Isuru-Nanayakkara/Xcode-Empty-Application-Template
119,Instagram/ig-disk-cache
62,Ironsub/react-orcrist-generator
40,Ironpulse/CRC2017
87,InvidHead/SSLify
87,InvidHead/SSLify
107,InvidHead/Keras_FB
62,Ironsub/react-orcrist-generator
87,InvidHead/SSLify
37,Inferis/UIColor-Hex
62,Ironsub/react-orcrist-generator
43,ITPNYU/ICM-2016
20,IBM-Swift/OpenSSL
14,InteractiveAdvertisingBureau/vmap
28,InteractiveAdvertisingBureau/vast
21,ISADBA/anemometerAudit_SQL
21,Imbad-vc/DouyuTVDanmuAssistant
15,IBM-MIL/MILCarouselCollectionView
186,Intermark/IMQuickSearch
13,Ikagaka/Ikagaka.js
43,IronsDu/DServerFramework
42,ISchwarz23/Algorithms-Part1---Assignments
55,Ice-MT/react-native-imUI
26,Izaron/Platformer
45,InerziaSoft/ISSoundAdditions
91,Instabug/Instabug-iOS
16,IvanLeonenko/CustomizedClickOnce
14,IBM/janusgraph-utils
103,IonicaBizau/Flattiance
12,ITpandaffm/ffmBlog
84,Infocyte/PSHunt
17,IIInsomnia/ctiy-picker
175,IvorHu/RealStuff
40,ImKarl/JianshuApp
53,ImportEffort/SplashActivityDemo
46,ItKindaWorks/ESP8266
22,IanLinsdell/Raspberrypi
177,ImKarl/WaitView
12,IhorKlimov/Events
59,Ironsub/fdcon-point
99,Ironsub/quick
83,Iojjj/RoundedCornersBackgroundSpan
13,IBM-Swift/CCurl
60,IBM-Swift/Kitura-net
40,IBM-MIL/android-splash-screen
101,IcaliaLabs/kaishi
229,ImmortalZ/jellyball
33,Intracto/SecretSanta
40,Icinga/chef-icinga2
26,ImpulseAdventure/JPEGsnoop
37,ImJasonH/gcping
25,I2PC/scipion
115,IrcDotNet/IrcDotNet
220,Instrument/cyclops
13,Intline9/i360gm
34,IT61/it61-rails
124,ID25/rails_emoji_picker
31,IndiscriminateCoding/clarity
67,InfiniteSearchSpace/PyCl-Convergence
70,IceCreamYou/Nemesis
13,Instamojo/instamojo-py
15,IcaliaLabs/plis
28,InsightDataScience/ansible-playbook
643,IgorMinar/foodme
36,I3ck/cppOpt
66,ImaginaryLandscape/django-nocaptcha-recaptcha
30,IBM/todo-list-fabricV1
11,IohannRabeson/VCVRack-Simple
48,INN/docs
15,IllegalArgument/Huffman11
34,IvanZhuck/kosher_wp_seeder
41,IMFTool/IMFTool
40,IBM/Scalable-WordPress-deployment-on-Kubernetes
15,Instamotor-Labs/mirakle
15,Ink/gatekeeper
15,IncSTK/rathole
14,Infineon/DPS310-Pressure-Sensor
167,In-Touch/laravel-newrelic
29,ImUrlaub/Sonoff
11,Innovate/OT-2-SDK
23,IBM-Swift/swift-buildpack
115,IcaliaLabs/sabisu-rails
24,IonicChina/Mobile-front-end-tutorial
24,ITCNZ/vue-dropload
31,IronPans/slide3D
12,Icemic/huozi.js
11,IceEnd/CANAAN
23,Itxaka/flask-template
65,IonDen/ion.checkRadio
73,IBM-Swift/HeliumLogger
43,IntelliTect/EssentialCSharp
74,InsightDataScience/pegasus
13,ITfoxtec/ITfoxtec.Identity.Saml2
74,InsightDataScience/pegasus
25,InnerNight/rich-edit-text
1057,IonicaBizau/github-contributions
85,ItsJonQ/kreate
133,Imaginarydesign/webdev-checklist
15,Imballinst/react-bs-datatable
13,ITpandaffm/LexianManager
28,Inist-CNRS/node-csv-string
12,Igorbek/typescript-plugin-styled-components
123,InteractiveBrokers/tws-api-public
40,IlyaKirillov/GoUniverse
27,IlyaKirillov/GoProject
27,IlyaKirillov/GoProject
35,Ironholds/jammr
13,IBMResearch/python-api-client-quantum-experience
37,Informer/spirit.js
11,Igalia/phpreport
52,ItsMeAra/aToolTip
13,Innoxia/liliths-throne-public
63,ImageOptim/libimagequant
16,IanLunn/scrollIntent
63,ImageOptim/libimagequant
11,InfraSIM/infrasim-compute
30,ITEC-ELWG/FE-Study
30,ITEC-ELWG/FE-Study
17,IntrepidPursuits/react-page-object
71,ImmortalZ/ViewPagerIndicator
28,IMSGlobal/LTI-Tool-Provider-Library-PHP
126,IraKorshunova/folk-rnn
32,IonicaBizau/magnesium
15,IppClub/Dorothy-SSR
16,IjzerenHein/famous-refresh-loader
13,IBM/serverless-home-automation
136,IBM-Design/icons
279,Ivaylo-Popov/Theano-Lights
14,INCF/BIDS-examples
53,Ian09/CF-NADE
19,IndigoDomotics/alexa-hue-bridge
126,IraKorshunova/folk-rnn
467,IonicaBizau/node-cobol
23,IdeasoftLabs/http-batch-client
47,IBM-Bluemix/bluechatter
19,Inria-Prosecco/proscript-messaging
101,ID1258/oh-my-i3
67,IonicaBizau/terminal-flat-theme
45,Informatic/esp8266-sniffer
28,IMAmuseum/visitorflow
315,Imroy/pubsubclient
57,IQSS/workshops
169,Irqbalance/irqbalance
30,Imaginea/lms
38,I-hate-farms/elementary-tweaks
54,InfiniteLibrary/infinite-reader
38,IamBlueSlime/DOHA
81,Integralist/ProVim
17,ISA-tools/SequenceLogoVis
16,ItsJonQ/lil-b
12,Inve1951/BetterDiscordStuff
217,ImageEngine/cortex
34,Inuits/monitoring-plugins
81,Icehawk78/FrozenCookies
22,IDPF/archive-widgets
11,Icinga/icingaweb2-module-cube
84,IIIF/awesome-iiif
30,InfiniteAxis/SmaugFUSS
35,Isuru-Nanayakkara/IJProgressView
29,IntertechInc/android-custom-view-tutorial
28,Instrument/middleman-template
32,IBM-Bluemix/real-time-tone-analysis
20,IlliniHackers/start-here
22,ISOBlue/isoblue-software
19,IHCantabria/Leaflet.CanvasLayer.Field
44,Intline9/HeroWars
12,Intel-Corp/CPU-Manager-for-Kubernetes
35,IvyApp/ivy-codemirror
13,IGNF/librjmcmc
69,Infernus666/FragmentOrientedApplication
208,Idered/cssParentSelector
11,InjectionDev/LeagueSharp
25,IBM-Blockchain-Archive/SDK-Demo
85,Intermark/Buoy
85,Intermark/Buoy
19,IcecaveStudios/parity
89,IBM-Watson/design-guide
85,Intermark/Buoy
85,Intermark/Buoy
85,Intermark/Buoy
17,I-M-I/League-of-Legends-Camera-Tool
79,Illumina/manta
57,IBAnimatable/IBAnimatableMaterial
18,Imgur/IMGTreeTableViewController
213,IdeasOnCanvas/Ashton
361,Instrument/Vicinity
28,IBM-i2/Analyze
41,IvyApp/ivy-videojs
31,IndoorAtlas/android-sdk-examples
11,IjzerenHein/pnglib-es6
257,IFTTT/kashmir
12,Inferis/IIAutoNSCoding
50,IGRSoft/LockMeNow
17,Iwasawafag/node-potrace
18,IBM-Bluemix/Kitura-Starter
277,Intrepidd/working_hours
11,IMSGlobal/openbadges-validator-core
98,Idnan/furnish-js
724,Ideon/SmudgeKit
33,Ilya-Gh/Typewriter
33,InvertGames/uFrame.Documentation
26,IEMod/IEMod.pw
69,IssamLaradji/NeuralNetworks
860,IcaliaLabs/furatto
13,IndicaInkwell/language-gdscript
860,IcaliaLabs/furatto
302,IFTTT/IFTTTLaunchImage
40,Inferis/IIAsyncViewController
13,ImmobilienScout24/afp-cli
228,IBM-Bluemix/phonebot
52,Ibsciss/ruby-middleware
24,Intermark/longbow
30,IngoScholtes/pathpy
17,IdleHandsProject/esp_ornaments
31,Ivonhoe/dexguard
31,Ivonhoe/dexguard
41,IBM-Swift/BlueSSLService
100,Infiniswap/infiniswap
22,IntelLabs/SpMP
247,IgnorantGuru/spacefm
13,IvanSafonov/grpc-cmake-example
16,IHTSDO/SNOMED-in-5-minutes
17,IBM-Bluemix/get-started-node
12,IanHarvey/minicrypt
72,Intel-Corp/multus-cni
19,IBM-Blockchain-Archive/fabric-images
22,IntelFsp/FSP
37,InternetCensus2012/InternetCensus2012
30,Icinga/puppet-icinga2
13,ItsDizzy/angular2-auth
39,IzakMarais/reporter
24,INSANEWORKS/centos-packer
15,IBM-Bluemix/multiple-deployment-options
45,Infoblox-Development/Infoblox-API-Python
77,Idnan/git-random
18,IshentRas/cookbook-openshift3
24,Ivana-/Liscript-GUI-Java-Swing
48,IonicaBizau/github-profile-languages
59,IonicaBizau/made-in-brazil
39,IzakMarais/reporter
62,IMCG/books
659,IdeaBlade/Breeze
15,Implem/Implem.CodeDefiner
26,InteractiveAdvertisingBureau/adstxtcrawler
117,InQuicker/kaws
269,Ink/codeblock.js
320,IAIK/rowhammerjs
17,IamGianluca/arm
23,Inndy/CTF-From-Zero-To-One
15,Inndy/zzvm
23,Inndy/CTF-From-Zero-To-One
108,IfcOpenShell/IfcOpenShell
26,IFGHou/wapiti
39,ISS-SOA/class-SOA-repo
31,IRNAS/KORUZA
75,IanSeyler/easy_x86-64
39,InfoSecIITR/tools
51,ImpalerWrG/Khazad
40,Impactstory/impactstory-tng
51,IGI-111/Smith
41,Introvertuous/react-native-mqtt
18,Ignotus/vim-cmake-project
271,IMcPwn/browser-backdoor
12,InQuest/awesome-yara
11,IIE-LibD/libd
102,Iojjj/LikesLayout
12,InQuest/awesome-yara
11,Integralist/vim-mypy
23,IIK3D/Sculpt_Brushes
30,IHTSDO/sct-snapshot-rest-api
23,ITDevLtd/MCVirt
14,IOActive/SearchAndCollect
14,IOActive/SearchAndCollect
13,Igalia/mesa
111,InfoSecIITR/reading-material
47,IxpertaSolutions/freer-effects
19,IBM/Java-MicroProfile-on-Kubernetes
46,Integralist/RequireJs-Example
58,IBAMR/IBAMR
99,IndigoUnited/node-promptly
19,IEEERobotics/bot
22,Illuminux/arm-cross-sysroot
309,ICTeam28/PiFox
13,IBMStreams/samples
20,IBM-Bluemix/openwhisk-workshops
21,ITPNYU/p5-deeplearn-js
29,Ikarus76/UEJoystickPlugin
13,Iridesscent/web-server
63,IvanVolosyuk/wifikeyboard
15,Ingenico-ePayments/connect-sdk-php
44,Ironholds/WikipediR
74,IDI-Systems/acre2
56,Ipstenu/wporg-plugin-guidelines
13,Ingenico-ePayments/connect-sdk-client-android
13,IronPark/coinex
44,Inchoo/magento2-Inchoo_Stripe
37,IBM-MIL/IBM-Ready-App-for-Healthcare
15,INRIA/libpointing
23,IndEcol/Dashboard
20,ICL-SML/Doubly-Stochastic-DGP
11,InternationalColorConsortium/RefIccMAX
28,Infinity/Kali
47,ISosnovik/nets
87,IUNetSci/botometer-python
143,Impactstory/depsy
56,Izzimach/react-webaudio
45,Ironholds/rgeolocate
20,Ironholds/rwars
12,InfiniteSearchSpace/Automata-Totalistic-Gen-4
35,Islandora-Labs/islandora_vagrant
48,IGx89/meteor
40,IonicaBizau/made-in-india
51,IntelPNI/brainiak
37,IndicoDataSolutions/Foxhound
509,IndicoDataSolutions/Passage
18,IndicoDataSolutions/plotlines
22,IoSR-Surrey/untwist
14,IronWarrior/ProjectileShooting
88,IlyaGrebnov/libbsc
47,Illumina/canvas
51,IntelPNI/brainiak
51,IntelPNI/brainiak
509,IndicoDataSolutions/Passage
83,IntelLabs/rnnlm
83,IntelLabs/rnnlm
41,IDEO-coLAB/nomad
22,INCF/pybids
22,INCF/pybids
283,Igalia/pflua
22,IoSR-Surrey/untwist
16,ItalianDevs4PM/Yuriko-CS
13,Intrepid/clang-upc
41,IDEO-coLAB/nomad
12,InsightSoftwareConsortium/ITKSoftwareGuide
509,IndicoDataSolutions/Passage
13,IndicoDataSolutions/IndicoIo-ruby
25,IdentityServer/IdentityServer3.WsFederation
11,IlhwanHwang/Yaminator
12,IonicaBizau/text-animation
24,Incoma/Incoma
166,Ichoran/thyme
