18,jaime-olivares/wpf-propertygrid
853,jonnnnyw/php-phantomjs
3836,java-decompiler/jd-gui
625,jindrapetrik/jpexs-decompiler
1368,jbogard/MediatR
22,jeancsil/flight-spy
78,jseidl/virtuaplant
52,jussihi/PUBG-map-hack
13490,jlmakes/scrollreveal
108,jduv/AppDomainToolkit
1130,jingle1267/android-utils
16,jaisonfdo/LocationHelper
1221,jaredrummler/AndroidProcesses
236,jiayy/android_vuln_poc-exp
1814,jamiewilson/predawn
45,jiongjionger/NeverLag
9206,jenkinsci/jenkins
1159,jasonlong/cayman-theme
226,joy0304/Joy-Blog
561,jonschlinkert/sublime-markdown-extended
358,jhaddix/domain
3987,jupeter/clean-code-php
22874,justjavac/free-programming-books-zh_CN
348,jsonfx/jsonfx
1394,jiangmiao/auto-pairs
2866,jenssegers/laravel-mongodb
12160,jiahaog/nativefier
50,jonatan1024/clrinject
10722,junegunn/fzf
48444,jwasham/coding-interview-university
11945,julycoding/The-Art-Of-Programming-By-July
7353,js-cookie/js-cookie
1205,jackmoore/zoom
4508,jgraph/drawio
335,jawil/GayHub
41,jarikomppa/escapi
345,jmrapp1/TerraLegion
11,jtanx/libclipboard
4387,jazzband/django-debug-toolbar
1812,justintv/Twitch-API
1818,jeromedalbert/real-world-react-apps
8313,jhipster/generator-jhipster
1070,jfilter/Sublime-Text-Plugins-for-Frontend-Web-Development
257,jslegers/cascadeframework
20267,jgthms/bulma
3908,janhuenermann/neurojs
7463,jshint/jshint
888,johnkorzhuk/grabient
174,justsml/escape-from-callback-mountain
2442,jondot/react-flight
12922,jasmine/jasmine
161,jprichardson/redux-watch
453,juliancwirko/react-s-alert
15183,jondot/awesome-react-native
5741,julienschmidt/httprouter
550,jlord/patchwork
44,jashkenas/lil-license
2004,jamesob/desk
1671,joshwcomeau/react-flip-move
32059,jakubroztocil/httpie
6346,jwilder/nginx-proxy
20267,jgthms/bulma
140,j-min/tf_tutorial_plus
468,johnpatrickmorgan/wtfautolayout
14965,jaywcjlove/awesome-mac
43,joaomlourenco/novathesis
69,javiercf/react-markdown-loader
4707,junyanz/CycleGAN
407,jackying/h-ui
25,jasonpang/tcp-holepunching
97,jwasham/practice-cpp
997,justjavac/awesome-awesomeness-zh_CN
6693,jobbole/awesome-python-cn
867,jarjin/LuaFramework_UGUI
12,jaysonsantos/bmemcached-rs
69,jacquelinekay/petra
2968,jaegertracing/jaeger
6525,jikexueyuanwiki/tensorflow-zh
359,jpbarrette/curlpp
196,japaric/discovery
300,jrfonseca/xdot.py
773,jrfonseca/gprof2dot
653,jvm-profiling-tools/perf-map-agent
5506,judasn/IntelliJ-IDEA-Tutorial
195,javamonkey/beetl2.0
497,jaywcjlove/iNotify
3525,jeromeetienne/jquery-qrcode
48,jgaa/restc-cpp
3799,joeldev/JLRoutes
2279,jonathanslenders/ptpython
15,jerryryle/fuckingfunctionpointers.com
115,josephernest/SamplerBox
149,johnmcfarlane/unformat
2641,jepsen-io/jepsen
1444,json-iterator/go
990,jobbole/awesome-cpp-cn
129,jblakeman/apt-select
81,jacobsa/fuse
1444,json-iterator/go
2056,jikeytang/sublime-text
1962,jokermonn/-Api
2427,johnlui/Learn-Laravel-5
1488,jobbole/awesome-machine-learning-cn
6352,jobbole/awesome-java-cn
24,jiyfeng/drlm
26573,josephmisiti/awesome-machine-learning
401,jolestar/go-commons-pool
184,jinfagang/weibo_terminator_workflow
1801,jinfagang/weibo_terminater
2829,jobbole/awesome-programming-books
401,jiacai2050/sicp
424,julius-speech/julius
9332,justjavac/awesome-wechat-weapp
27,jokinkuang/stepbystep
9332,justjavac/awesome-wechat-weapp
1675,johnno1962/Xtrace
246,jay-mahadeokar/pynetbuilder
7425,jp9000/obs-studio
31502,jekyll/jekyll
909,jrsoftware/issrc
50,jankolkmeier/node-upd-hole-punching
1648,jdsjlzx/LRecyclerView
1833,jwt/ruby-jwt
3706,jobbole/awesome-javascript-cn
2950,jtyjty99999/mobileTech
1172,junhyukoh/deep-reinforcement-learning-papers
46,jacksu/machine-learning
1621,jshaw87/Cheatsheets
4617,jgamblin/Mirai-Source-Code
2110,jfinal/jfinal
185,jpkrause/AndroidProxySetter
1618,juliocesarfort/public-pentesting-reports
4349,jantimon/html-webpack-plugin
132,jrainlau/vue-occupy
15549,juliangarnier/anime
148,jawil/webpack2
1058,jorgenschaefer/elpy
2099,jiaaro/pydub
693,john-kurkowski/tldextract
13,jenkinsci/acunetix-plugin
11,joeferner/node-tshark
1113,jedireza/aqua
551,jedireza/frame
231,joeferner/node-http-mitm-proxy
71,jjf012/PassiveScanner
203,jobertabma/ground-control
25,jantonakos/ThreatHuntingExcursions
524,joaomatosf/jexboss
354,jiajunhuang/blog
13,jenkinsci/acunetix-plugin
22,jax777/portscan
49,jiyis/register
294,jfoote/exploitable
21,jpiechowka/jenkins-cve-2016-0792
232,jseidl/GoldenEye
1759,jfoenixadmin/JFoenix
26769,jashkenas/backbone
10805,jessesquires/JSQMessagesViewController
6142,johnezang/JSONKit
31964,jlevy/the-art-of-command-line
697,joerick/pyinstrument
1417,javallone/regexper-static
64,jjethwa/rundeck
268,jivoi/pentest
1172,jivoi/awesome-ml-for-cybersecurity
14,jianmou/VulnCTF
434,jeasonstudio/CN-VScode-Docs
3004,jonls/redshift
114,justincavery/am-i-responsive
29,jflyup/goMS17-010
28,jagerzhang/CCKiller
557,jeansfish/RFC6749.zh-cn
819,java-json-tools/json-schema-validator
4675,justinwalsh/daux.io
8594,joewalnes/websocketd
1018,joedicastro/vps-comparison
436,jiqizhixin/Artificial-Intelligence-Terminology
41,jt6211/hadoop-dns-mining
755,jeremylong/DependencyCheck
605,jklmnn/imagejs
82,jwplayer/jwdeveloper-demos
213,jm33-m0/massExpConsole
11,junneyang/micro-service-practice
1172,jivoi/awesome-ml-for-cybersecurity
11742,jaredhanson/passport
1818,jpetazzo/nsenter
334,jotform/css.js
787,jirengu-inc/animating-resume
1329,jpillora/notifyjs
868,jobbole/awesome-php-cn
643,jscad/OpenJSCAD.org
8309,jeromeetienne/AR.js
5657,jlevy/og-equity-compensation
13,jerkar/jerkar
54,jeffheaton/jeffheaton-book-code
1155,joemasilotti/UI-Testing-Cheat-Sheet
365,jaridmargolin/inspect-process
136,jythontools/jython
8160,jquery-validation/jquery-validation
1277,jaywcjlove/linux-command
755,jeremylong/DependencyCheck
638,jasnig/ZJScrollPageView
23,jd8001/LPPL
39,jiayaoqijia/OblivP2P-Code
1378,jitsi/jitsi
3219,jteeuwen/go-bindata
891,joggerplus/awesome-weex
132,jjkester/django-auditlog
79,jaryee/wechat_sogou_crawl
213,jm33-m0/massExpConsole
49,jekil/hostmap
173,jullrich/pcap2curl
551,jaredhaight/PSAttack
31964,jlevy/the-art-of-command-line
796,jivoi/awesome-osint
583,jaredthecoder/awesome-vehicle-security
605,jklmnn/imagejs
26,jheretic/onionboat
4034,jquery/esprima
1704,jhao104/proxy_pool
724,justjavac/Flarum
92,justinsteven/dostackbufferoverflowgood
13,joshwatson/binaryninja-bookmarks
588,jordwalke/VimBox
994,json-schema-faker/json-schema-faker
173,jullrich/pcap2curl
10805,jessesquires/JSQMessagesViewController
1534,jiaair/Linkee
50,jas502n/St2-052
2605,jobbole/awesome-ios-cn
2270,jokkedk/webgrind
310,jewlofthelotus/SlickQuiz
14366,jashkenas/coffeescript
31964,jlevy/the-art-of-command-line
2317,junyanz/pytorch-CycleGAN-and-pix2pix
8762,junegunn/vim-plug
318,jaywcjlove/mysql-tutorial
2000,jiang111/awesome-android-tips
119,jiang111/AndroidPush
96,jegonzal/PowerGraph
1862,jobbole/awesome-c-cn
534,juju/errors
6792,jinzhu/gorm
6596,jaredreich/pell
1515,jshjohnson/Choices
21,joswr1ght/MobileAppReportCard
512,joe-shenouda/awesome-cyber-skills
3473,jdan/cleaver
3169,johnmyleswhite/ML_for_Hackers
924,jtesta/ssh-mitm
173,jullrich/pcap2curl
53,jimmy54/iRime
59,jesjos/active_record_upsert
706,jhaddix/tbhm
117,jensvoid/lorg
160,jackMannino/OWASP-GoatDroid-Project
1509,junit-team/junit5
773,josiahcarlson/redis-in-action
91,jaesung2061/anvel
37,joyqi/mobile-device-js
3902,jonathanslenders/python-prompt-toolkit
577,jae-jae/QueryList
931,jxtech/wechatpy
35,jupyterlab/jupyterlab_app
190,jupyter-attic/docker-notebook
474,jindongwang/MachineLearning
3277,jgthms/css-reference
1704,jhao104/proxy_pool
10874,jmcunningham/AngularJS-Learning
133,jaggerwang/zqc-app-demo
431,jhades/spring-mvc-angularjs-sample-app
30,jaredhaight/Invoke-MetasploitPayload
2034,jedisct1/dnscrypt-proxy
889,jcjohnson/densecap
339,johanhaleby/kubetail
2528,joomla/joomla-cms
1386,jarulraj/sqlcheck
70,jmortega/osint_tools_security_auditing
20,jonfaustman/django-frontend
32,jonfaustman/django-frontend-skeleton
85,julytian/qqMusicPlayer
376,jhabdas/fetch-inject
1837,jivesoftware/PDTSimpleCalendar
2466,jemalloc/jemalloc
57,jmendeth/protobuf-inspector
118,jwarby/jquery-pagewalkthrough
329,jmcmanus/pagedown-extra
2407,jersey/jersey
2880,jgilfelt/android-viewbadger
309,joschu/modular_rl
16,jdupl/lancoder
133,jaiwalker/setup-laravel5-package
95,je-ge/spring-boot
873,justdeleteme/justdelete.me
334,johnf/m3u8-segmenter
13,jlouros/PowerShell-toolbox
54,joshDelta/Gloom-Framework
81,jsok/hiera-vault
1950,junegunn/vim-easy-align
226,jvns/ruby-stacktrace
2441,jostmey/NakedTensor
46716,jquery/jquery
3658,jsplumb/jsplumb
2027,jbt/markdown-editor
10155,jquery/jquery-ui
13,jlouros/PowerShell-toolbox
54,joshDelta/Gloom-Framework
363,jfacorro/clojerl
320,justcoding121/Titanium-Web-Proxy
500,joeaudette/cloudscribe
3473,jumpserver/jumpserver
560,jasonGeng88/blog
567,jupyter/dashboards
2614,jsonresume/resume-cli
3469,jianghejie/XRecyclerView
47,jwplayer/jw-showcase
6348,jverkoey/nimbus
13796,jdg/MBProgressHUD
160,jackgitgz/CnblogsSpider
1936,jarun/googler
277,jordanpotti/AWSBucketDump
5121,joke2k/faker
628,jd/tenacity
13,julien6387/supvisors
781,jinfagang/tensorflow_poems
372,jsocol/django-ratelimit
526,jkphl/gulp-svg-sprite
2401,jpush/aurora-imui
173,jpmorganchase/cakeshop
988,jobbole/awesome-design-cn
2595,joeblau/gitignore.io
395,jrainlau/markcook
78,jobertabma/virtual-host-discovery
134,jansorg/BashSupport
702,jmoiron/humanize
277,jordanpotti/AWSBucketDump
119,jacob-baines/elfparser
904,jacoco/jacoco
3314,java-native-access/jna
206,jdereg/json-io
42,javaConductor/gserv
1206,jamesdbloom/mockserver
276,jupyter/atom-notebook
327,jhaddix/pentest-bookmarks
1314,jgraph/mxgraph
34,jaco-project/jaco-js
353,jwasham/practice-python
143,jeffbski/pkglink
60,jawache/smile-to-unlock
131,jkup/pullit
33,johneiser/OSCP
188,jokergoo/circlize
307,jeffreybreen/twitter-sentiment-analysis-tutorial-201107
1261,jenkinsci/pipeline-examples
35,jenkinsci/marathon-plugin
77,jenkinsci/pipeline-aws-plugin
189,jenkinsci/pipeline-model-definition-plugin
1284,jpetazzo/dind
5575,jquery-ui-bootstrap/jquery-ui-bootstrap
18,jcheng31/DarkSkyApi
4237,jdorn/json-editor
6907,jsdoc3/jsdoc
2562,jianliaoim/talk-os
2321,judasn/Linux-Tutorial
21,jFastCGI/jfastcgi
673,jobbole/awesome-dotnet-cn
406,jessesquires/PresenterKit
333,jkpang/PPBadgeView
442,jessesquires/JSQCoreDataKit
23323,johnpapa/angular-styleguide
842,jcavar/refresher
646,jamy0801/LGWeChatKit
920,jiecao-fm/SwiftTheme
2925,jpetazzo/pipework
459,javaee/glassfish
247,jopengroup/android-gooview
1940,javaee-samples/javaee7-samples
334,javaee/javaee-spec
2110,jsdelivr/jsdelivr
46716,jquery/jquery
16,jooray/motion-detection
228,jimfleming/recurrent-entity-networks
22,jimmy201602/celery-monitor
19,jimmy201602/django-gateone
12,jimmy201602/webterminal
19,jkreps/azkaban
1179,jakogut/tinyvm
12,jasoncodingnow/bitcoinLiteLite
371,jech/dht
12,jflyup/nat_traversal
94,jmpews/pwn2exploit
358,jondavidjohn/hidpi-canvas-polyfill
19,jasonkarns/bats-mock
2666,joeyespo/grip
282,juj/MathGeoLib
48,jgamblin/badactors
16,jasonkeene/python-ubersmith
1217,jazzband/django-model-utils
1128,jackc/pgx
1314,jgraph/mxgraph
1477,johnkerl/miller
586,joedicastro/dotfiles
146,jvandemo/angular-growl-notifications
64,judwhite/NsqSharp
1128,jackc/pgx
3376,jmoiron/sqlx
1839,joewalnes/reconnecting-websocket
27,jfbastien/musl
2407,jersey/jersey
82,jupyterhub/binderhub
151,jf3096/zhihu-particle
1235,jirikavi/AngularJS-Toaster
230,jeffijoe/typesync
2857,jackocnr/intl-tel-input
595,justjavac/ChromeSnifferPlus
3515,jquery/jquery-mousewheel
423,jsix/go2o
1379,jcc/blog
70,json-api-php/json-api
674,jeremeamia/super_closure
630,jobbyphp/jobby
3349,jawil/blog
1462,jitsi/jitsi-meet
1034,juju/juju
366,johnpapa/vscode-angular-snippets
11,johnpapa/vscode-azure-functions-tools
49,jpush/jpush-docs
501,jan-molak/jenkins-build-monitor-plugin
129,jasonwbw/DensityPeakCluster
14674,jcjohnson/neural-style
850,junegunn/limelight.vim
1537,junegunn/goyo.vim
2189,joelgrus/data-science-from-scratch
1830,jaagr/polybar
1002,jikeytang/front-end-collect
40,jorya/raw-os
2451,jvns/pandas-cookbook
583,jatinshah/ufldl_tutorial
336,jindongwang/transferlearning
14674,jcjohnson/neural-style
78,jobertabma/virtual-host-discovery
50,jgor/dork-cli
327,jhaddix/pentest-bookmarks
2741,jpillora/xdomain
2700,jopohl/urh
200,joxeankoret/pyew
11,jum/tinyftp
441,jessfraz/bane
1462,jdwittenauer/ipython-notebooks
620,javascript-obfuscator/javascript-obfuscator
12,jrotty/typecho-yodu
2216,jeromelebel/MongoHub-Mac
338,jtdaugherty/brick
23,jelmerk/maven-settings-decoder
28,jd-boyd/python-lzo
1183,jboss-javassist/javassist
57,jorycn/thinkphp-zcms
4741,jessfraz/dockerfiles
65,jankapunkt/latexcv
277,jordanpotti/AWSBucketDump
4818,json-api/json-api
301,janikvonrotz/awesome-powershell
16,jgigler/Powershell.MWA
282,jingyanjiaoliu/angular-guide-zh
3349,jawil/blog
18,jbe2277/musicmanager
1530,jprichardson/string.js
15,joe-williams-cccu/OSIRTv2
100,jfd/optparse-js
355,juansacco/exploitpack
146,jolicode/GifExceptionBundle
272,johnkary/phpunit-speedtrap
99,josch/img2pdf
4744,jedisct1/libsodium
22,jenkinsci/zap-plugin
480,jenkoian/hacktoberfest-checker
11259,janl/mustache.js
456,jdiamond/Nustache
18,jayeshchauhan/SKANDA
1386,jarulraj/sqlcheck
19979,joshbuchea/HEAD
132,jens-maus/RaspberryMatic
15,jkkj93/MINT-WEBSHELL-DEFENDER
14,jmeter-templates/wordpress
29,jeffbryner/MozDef
38,jackmiras/placeholderj
200,joxeankoret/pyew
188,jesusprubio/bluebox-ng
4119,jedi4ever/veewee
1350,joshfire/jsonform
4237,jdorn/json-editor
371,jech/dht
3473,jumpserver/jumpserver
489,jcodec/jcodec
2441,jostmey/NakedTensor
3819,jdamcd/android-crop
118,jsor/geokit
39,jlukic/frontend-stuff
124,jmikola/geojson
1891,jiayihu/pretty-algorithms
25,jaumard/ngx-dashboard
34,joevennix/lan-js
2562,jianliaoim/talk-os
564,jawj/OverlappingMarkerSpiderfier
46716,jquery/jquery
66,jtripper/sslnuke
16,jkennethcarino/DroidOVPN
32,jlianphoto/iver
17,john-blessing/vue-filter-bar
5575,jquery-ui-bootstrap/jquery-ui-bootstrap
31,jojozhai/security
1055,java8/Java8InAction
4741,jessfraz/dockerfiles
2321,judasn/Linux-Tutorial
171,jshvarts/OfflineSampleApp
10155,jquery/jquery-ui
816,jinatonic/confetti
10736,jfeinstein10/SlidingMenu
84,jrspruitt/ubi_reader
245,jeanphorn/wordlist
84,jameslyons/pycipher
486,jekil/awesome-hacking
683,jirengu/frontend-interview
1132,jsfront/month
150,jiaxiaogang/SMG
344,jberlana/JBCroppableView
2055,johnil/VVeboTableViewDemo
776,jspahrsummers/xcconfigs
284,jarvan4dev/vue-multi-page
12,jiangqideng/codeInBlogs
560,jasonGeng88/blog
2640,jimbojsb/launchrocket
42,judasn/IntelliJ-IDEA-Java-Conversation
1112,jobbole/awesome-mysql-cn
690,julien-lafont/Mocky
9674,jgm/pandoc
777,jamiemcg/Remarkable
46716,jquery/jquery
2216,jsfront/src
46716,jquery/jquery
3349,jawil/blog
383,justjavac/justjavac.github.com
110,javaee/javamail
1457,justjavac/Programming-Alpha-To-Omega
54,joshDelta/Gloom-Framework
814,jkpang/PPNetworkHelper
220,johnlui/Swift-MMP
592,justjavac/ReplaceGoogleCDN
28,jellonek/rosapi
2907,jupyter/notebook
133,johnpaulada/microsoftmlserver-docker
1273,jcoleman/tomcat-redis-session-manager
13796,jdg/MBProgressHUD
42,johannesjo/super-productivity
8937,jtoy/awesome-tensorflow
213,jaywcjlove/vim-web
905,jaywcjlove/handbook
110,jacksyen/gk7-douban
632,jline/jline2
708,jxnblk/styled-system
533,jeremycole/innodb_diagrams
120,juriansluiman/SlmQueue
580,jadianes/spark-py-notebooks
80,jd/pifpaf
1843,jpillora/chisel
245,jeanphorn/wordlist
576,joeddav/devol
26,janeczku/go-ipset
21,jay/gethooks
78,jobertabma/virtual-host-discovery
1112,jobbole/awesome-mysql-cn
7223,jakevdp/PythonDataScienceHandbook
241,janschulz/knitpy
17,jonnyyu/FastDFS.Net
91,jquatier/eureka-js-client
1196,jeasonlzy/NineGridView
3003,jasarien/Provenance
331,jackrex/FakeWeChatLoc
15,jljusten/LZMA-SDK
34,jekor/gressgraph
756,joxeankoret/diaphora
5575,jquery-ui-bootstrap/jquery-ui-bootstrap
1296,jpmorganchase/quorum
52,jpmorganchase/quorum-examples
1324,juliangaal/python-cheat-sheet
68,joanbono/Snorter
355,juansacco/exploitpack
4741,jessfraz/dockerfiles
3015,jipegit/OSXAuditor
915,justwatchcom/gopass
51,jaegertracing/jaeger-client-python
1153,joeferner/node-java
756,joxeankoret/diaphora
36,jed/certbot-route53
4258,jnunemaker/httparty
2442,jwilder/docker-gen
275,jectychen/wechat-v2ex
1480,jenkinsci/docker
1055,java8/Java8InAction
3376,jmoiron/sqlx
251,jolestar/kubernetes-complete-course
110,javaee/javamail
4346,j-delaney/easy-application
870,johnculviner/jquery.fileDownload
1273,jcoleman/tomcat-redis-session-manager
905,jaywcjlove/handbook
859,jobbole/awesome-css-cn
334,javaee/javaee-spec
49,justjavac/cheatsheets
2907,jupyter/notebook
42,jetstack/tarmak
480,jenkoian/hacktoberfest-checker
9674,jgm/pandoc
21,jay/gethooks
29,junegunn/fzf-bin
17,joseluisq/awesome-bash-commands
9674,jgm/pandoc
714,js-joda/js-joda
712,jtablesaw/tablesaw
213,jirfag/go-queryset
455,jdkato/prose
1626,jpuri/react-draft-wysiwyg
1183,jwasham/computer-science-flash-cards
1394,jwilder/dockerize
8070,jordansissel/fpm
781,janishar/mit-deep-learning-book-pdf
16,jenkinsci/credentials-binding-plugin
3003,jasarien/Provenance
59,jgrahamc/lulip
60,jstepien/flames
65,jbruchon/winregfs
276,jedisct1/libsodium.js
867,jarlen/PhotoEditDemo
2984,jhurray/JHChainableAnimations
220,johnlui/Swift-MMP
931,jokermonn/permissions4m
298,jkpang/PPGetAddressBook
308,jkpang/PPCounter
814,jkpang/PPNetworkHelper
476,jkpang/PPNumberButton
56,jafaripur/iran-locality-database
49,jupyterlab/jupyterlab-google-drive
2433,jazzband/pip-tools
133,jjdxmashl/jjdxm_update
2685,jgilfelt/chuck
4516,jgilfelt/SystemBarTint
14,jivoi/offsec_pdfs
89,janl/io
342,justincormack/ljsyscall
2685,jgilfelt/chuck
133,jjdxmashl/jjdxm_update
4516,jgilfelt/SystemBarTint
1790,jcbrand/converse.js
316,jsxc/jsxc
251,jolestar/kubernetes-complete-course
112,j6mes/httplib
301,jamielhf/vue
62,johnnyxmas/ScanCannon
18,joeyxy/python
15,jinwyp/AngularJS-Learning-Demo
1103,jieyou/remote_inspect_web_on_real_device
93,jetty-project/embedded-jetty-jsp
133,jetty-project/embedded-jetty-websocket-examples
56,javachen/grab
38,jrainlau/vue-donut
18,jskz/react-redux-websocket-chat
26,jackhutu/jackblog-express-angular
19,jannunzi/mean-stack-authentication-and-registration-with-passport
891,jobbole/awesome-android-cn
80,jenly1314/NeverCrash
62,jojomi/docker-hugo
211,janlelis/idiosyncratic-ruby.com
194,james91b/ida_ipython
225,jmmcatee/cracklord
726,jwage/purl
674,jerairrest/react-chartjs-2
134,joselfonseca/laravel-api
227,joepie91/python-whois
256,jesparza/peepdf
582,jobbole/awesome-sysadmin-cn
182,juj/emsdk
12,jsoendermann/rn-section-list-get-item-layout
347,jaweii/Vue-Layout
21651,jashkenas/underscore
13639,julianshapiro/velocity
35,jenkinsci/coding-webhook-plugin
311,justmoon/node-bignum
4965,josdejong/mathjs
169,jiqizhixin/AI00
106,jessfraz/pony
61,jpalanco/alienvault-ossim
63,joelhooks/egghead-react-redux-image-gallery
756,jobbole/ProgrammingProjectList
1544,jmpressjs/jmpress.js
1738,justinfrankel/licecap
540,jderose9/dash-to-panel
18,jayjanssen/vagrant-percona-deprecated
1887,jhalterman/failsafe
6498,junit-team/junit4
295,jakubkulhan/bunny
985,justinrainbow/json-schema
1758,jnicol/particleground
535,jacktasia/dumb-jump
311,jwiegley/dot-emacs
1708,jwiegley/use-package
777,joshdick/onedark.vim
254,jeffkreeftmeijer/vim-numbertoggle
299,jadianes/data-science-your-way
2016,jupyter/docker-stacks
476,jasongilman/proto-repl
458,jaceklaskowski/mastering-apache-spark-book
1322,justmarkham/scikit-learn-videos
113,jseabold/depy
2577,jupyter/jupyter
2369,jiangqqlmj/FastDev4Android
253,joshuaulrich/quantmod
185,jingpang/LearnVIORB
823,jrnold/ggthemes
266,jbkunst/highcharter
161,joeyajames/Python
16,jwmi/Bayesian-Statistics
2249,junyanz/iGAN
1198,jamesmawm/High-Frequency-Trading-Model-with-IB
271,jw2013/Leetcode-Py
823,jrnold/ggthemes
11,jjallaire/sparklingwater
541,jennybc/googlesheets
90,jennybc/gapminder
285,junegunn/vim-peekaboo
128,jbryer/likert
74,joelthchao/tensorflow-finetune-flickr-style
2249,junyanz/iGAN
1747,jisungk/deepjazz
328,junstor/memadmin
16,johnny5550822/Ho-UFLDL-tutorial
75,jtalbot/riposte
1006,joblib/joblib
412,jleclanche/fireplace
20,jeffandersen/node-express-sample
507,justdark/dml
97,jindongwang/activityrecognition
234,justdoit0823/pywxclient
249,jgrenon/angular-desktop-app
345,jonniespratley/angular-cms
144,johnpapa/hottowel-angular-typescript
190,joola/joola
9077,jessepollak/card
19,jonasrosland/vagrant-mesos
1882,jrjohansson/scientific-python-lectures
450,jainaman224/Algo_Ds_Notes
13,jtescher/example-ember-rails-dashboard
1708,jrowberg/i2cdevlib
450,jainaman224/Algo_Ds_Notes
99,jerryd/gtk-fortran
450,jainaman224/Algo_Ds_Notes
1181,jesolem/PCV
63,junglelord/spider-course-2
720,jasonmayes/Twitter-Post-Fetcher
86,jwplayer/jw-showcase-appletv
83,jbum/Whitney-Music-Box-Examples
497,jocicmarko/ultrasound-nerve-segmentation
76,jerpint/rubiks_cube_convnet
4117,jtleek/datasharing
442,juanchosaravia/KedditBySteps
1770,javaSwing/NeteaseCloudWebApp
11,jseppanen/cifar_lasagne
33,josephmisiti/awesome-deep-learning
87,jonesgithub/book-1
1091,jonathan-bower/DataScienceResources
11,jseppanen/cifar_lasagne
33,josephmisiti/awesome-deep-learning
235,jmportilla/Udemy-notes
638,jmportilla/Complete-Python-Bootcamp
86,jmportilla/Udemy---Machine-Learning
39,jmportilla/Statistics-Notes
1036,jhu-ep-coursera/fullstack-course4
338,jlord/offline-issues
18,junlulocky/AirTicketPredicting
370,jimhester/lintr
83,jeffThompson/ProcessingTeachingSketches
15,joedayz/spring-boot-samples
16,jasonjoh/node-calendar-sync
15,jackiehluo/practice
15,johnwalley/d3-tube-map
92,jkitchin/pycse
698,jakevdp/WhirlwindTourOfPython
201,jprichardson/node-suppose
13,jpmml/jpmml-lightgbm
1102,jhlywa/chess.js
13,jeffcampbell/meetup-slack
1181,jesolem/PCV
30,j-min/DL-for-Chatbot
3308,jbhuang0604/awesome-computer-vision
99,jquery/jqueryui.com
38,jbarham/pgsql.go
111,jsquared21/Intro-to-Java-Programming
11,jasoet/MangaTownDownloader
222,jrosdahl/miniircd
5979,jeasonlzy/okhttp-OkGo
1513,jjdxmashl/jjdxm_ijkplayer
1310,jeroenjanssens/data-science-at-the-command-line
111,jmstanto/data-science-r
1091,jonathan-bower/DataScienceResources
4117,jtleek/datasharing
4117,jtleek/datasharing
3308,jbhuang0604/awesome-computer-vision
389,janeczku/calibre-web
139,jinwchoi/awesome-action-recognition
31,juan-cardelino/stasm
4117,jtleek/datasharing
93,j123b567/scpi-parser
3308,jbhuang0604/awesome-computer-vision
3308,jbhuang0604/awesome-computer-vision
104,jslee02/awesome-robotics-libraries
665,jlem/WebDevChallenge
1751,johnpapa/ng-demos
403,jhw-dev/CircleLoadingView
255,jhw-dev/RxSwift-CN
73,jkchao/vue-emoji
774,jkpang/PPRows
522,jiqizhixin/ML-Tutorial-Experiment
280,jpillora/node-edit-google-spreadsheet
2158,journeyapps/zxing-android-embedded
40,janelia-flyem/gala
69,json-schema-org/json-schema-org.github.io
307,jaredhanson/connect-ensure-login
1518,jaredhanson/passport-local
1212,jmurzy/react-native-foldview
43,jorisbontje/sleth
41,jalkanen/cassandracalculator
2257,jonmiles/bootstrap-treeview
17,jmatraszek/microbrust
4311,jayphelps/git-blame-someone-else
780,jiahuang/d3-timeline
1566,jlord/git-it-electron
31,jbkunst/shiny-apps
312,juliandewit/kaggle_ndsb2017
4516,jnv/lists
37,juanrmn/Arduino-Telescope-Control
16,jeromyanglim/introduction-to-r-one-day-workshop
46,jachiam/cpo
268,jeongyoonlee/Kaggler
633,jimuyouyou/node-interview-questions
82,jkaberg/tvhProxy
35,jhlau/online_twitter_lda
12,jasperyang/GibbsLDApy
210,justmarkham/pycon-2016-tutorial
145,jimulabs/google-music-mock
992,janishar/PlaceHolderView
339,jstrait/beats
99,jeffreydwalter/arlo
1663,jcjohnson/torch-rnn
877,jshackles/Enhanced_Steam
742,jeromelachaud/freelancer-theme
281,jakzal/phpqa
61,jpmml/jpmml-model
19,java-opengl-labs/hello-triangle
37,java-opengl-labs/modern-jogl-examples
2056,jsantell/dancer.js
992,janishar/PlaceHolderView
389,jpotts18/mean-stack-relational
62,jakemmarsh/neural-network-stock-predictor
81,jtauber/blockchain
48,jkossen/showoff
1663,jcjohnson/torch-rnn
1434,johntitus/node-horseman
1251,justquick/django-activity-stream
282,juthilo/run-jekyll-on-windows
156,joaopedronardari/OpenCV-AndroidSamples
986,jrvansuita/MaterialAbout
12,jsnowacki/xppy
3057,jprichardson/node-fs-extra
647,jtleek/dataanalysis
4516,jnv/lists
1149,jeffposnick/create-react-pwa
95,jinfagang/tensorflow_novelist
2568,jkaving/intellij-colors-solarized
266,jirutka/spring-rest-exception-handler
610,jeffh/Fox
1124,jmschrei/pomegranate
42,jperl/stock2vec
69,jiajunzhangnlp/EUREKA-MangoNMT
2486,jonathantneal/svg4everybody
113,jiayihu/ng-animate
74,jzaefferer/commitplease
2243,jlord/sheetsee.js
5216,jonobr1/two.js
2797,jp9000/OBS
5321,jbranchaud/til
92,jimniels/teamcolors
651,jbmouret/matplotlib_for_papers
18,jbeluch/meetup-rsvper
1663,jcjohnson/torch-rnn
694,javiersantos/MLManager
15,jollivetc/debugJS
57,jbwhit/OSCON-2015
780,jiahuang/d3-timeline
285,jorgegarcia/UnityOSC
112,jorangreef/sudo-prompt
44,jcacerec/jacktrip
2033,jcjohnson/fast-neural-style
64,jciolek/docker-protractor-headless
10003,jwagner/smartcrop.js
787,jdberry/tag
1408,jwplayer/jwplayer
93,jetstack-experimental/cert-manager
209,jakearchibald/navigation-transitions
118,jenslind/electron-positioner
780,jaredhanson/connect-flash
40,jaxxstorm/unseal
3097,jschr/textillate
1469,johnotander/pixyll
2012,jhnns/rewire
640,jamietre/ImageMapster
81,jorisroovers/gitlint
105,jpillora/node-torrent-cloud
1332,jpillora/cloud-torrent
3237,jaredpalmer/formik
504,janeasystems/nodejs-mobile
1360,jasonslyvia/react-lazyload
179,jonathantneal/closest
754,jhipster/jhipster-sample-app
185,jamieowen/glsl-blend
731,jhurliman/node-rate-limiter
240,jwilder/mongodb-tools
39,johndatserakis/koa-vue-notes-web
857,jaredhanson/passport-facebook
93,johnstonbl01/clementinejs-fcc
47,jemjabella/PHP-Mail-Form
13,josepcurto/Customer-Analytics
2158,journeyapps/zxing-android-embedded
115,jcalaz/xmarket-server
214,jhauswald/lucida
1625,jlord/git-it
229,jlafon/ansible-profile
845,jeffreyjackson/mac-apps
516,jumartin/Calendar
83,jasnig/CollectionViewLayout
366,jonwagner/Insight.Database
127,jackmott/LinqFaster
67,jpdillingham/Utility.CommandLine.Arguments
3079,johncarl81/parceler
284,jhalterman/typetools
200,jperriere/Lists
37,jelovirt/dita-ot-markdown
1047,joshburgess/not-awesome-es6-classes
17,jpwright/subway
42,jawg/osm-contributor
1184,justinmeister/Mario-Level-1
86,jiasenlu/AdaptiveAttention
137,jayleicn/scipy-lecture-notes-zh-CN
249,jupyter-incubator/sparkmagic
445,jamesotron/faye-rails
63,jfsantos/keras-tutorial
23,joaolcorreia/RFM-analysis
120,jinfagang/pytorch_chatbot
327,jgthms/html-reference
24,josephch405/ML-Playground
148,j1z0/vim-config
13,jellychen/net-Ballet
32,jeroen/js
992,janishar/PlaceHolderView
140,jaredrummler/AndroidShell
136,jasonwyatt/Android-DebugPort
240,joaofaro/KCFcpp
74,jwlim/tracker_benchmark
101,jiamings/wgan
234,jazzsaxmafia/show_and_tell.tensorflow
889,jaybaird/python-bloomfilter
59,jamesthomson/R2D3
29,jolars/eulerr
19,jbochi/facts
2292,jakubroztocil/cloudtunes
146,jrconway3/Universal-LPC-spritesheet
28,jmiazga/angularjs-styleguide-snippets
208,joyent/manatee
394,joshlong/bootiful-microservices
2290,jwtk/jjwt
1325,jphp-compiler/jphp
86,jgoerzen/pygopherd
186,jbrennan/xcode4themes
248,jsmarkus/the-little-mongodb-book
382,jasonday/printThis
991,jdsutton/Technical-Interview-Megarepo
176,jwilder/docker-discover
100,jamesoff/simplemonitor
442,jiangqizheng/vue2-MiniQQ
19,janverschelde/PHCpack
3079,johncarl81/parceler
1332,jonathanpenn/ui-auto-monkey
21,jlefrique/moderncv
32,jbendig/fix-rs
30,jhjourdan/C11parser
731,joebew42/study-path
68,jeremywen/webkitSynth
33,jlleblanc/nodejs-joomla
184,josegonzalez/php-dotenv
2024,js2coffee/js2coffee
62,jumpinjackie/bootstrap-viewer-template
13,jamesdhutton/Interpreter
626,jozefg/learn-tt
5216,jonobr1/two.js
1595,jakiestfu/himawari.js
626,jozefg/learn-tt
2529,jerryscript-project/jerryscript
205,jmschrei/yahmm
45,jnaulty/metermaid-monitor
30,jaesik817/programmable-agents_tensorflow
619,jgarff/rpi_ws281x
15,jeremycole/avr
4301,jquery-form/form
2541,jtblin/angular-chart.js
27,johnwlambert/YoloTensorFlow229
107,jonocarroll/mathpix
149,jupyter/help
99,justin-lathrop/c
70,j-lord/zen
960,josdirksen/learning-threejs
907,jcalazan/ansible-django-stack
2240,jasondavies/d3-cloud
960,josdirksen/learning-threejs
26,jwiegley/git-annex-el
59,jyp/boon
27,jglasse/OSVR
122,joeyschoblaska/rails5chess
11,jeffreyan11/uci-chess-engine
1265,junyanz/interactive-deep-colorization
112,joshlong/flux-flix-service
816,jimmyxu/chnroutes
99,jtsiomb/c11threads
5156,jscs-dev/node-jscs
194,johnalexandergreene/Geom_Kisrhombille
8337,javve/list.js
1996,json-path/JsonPath
557,jobbole/awesome-python-books
462,jpsierens/webpack-react-redux
136,josephreisinger/vowpal_porpoise
17,junhyukoh/value-prediction-network
11,jsdom/webidl2js
13,jamshark70/ddwChucklib-livecode
710,jirsbek/SSH-keys-in-macOS-Sierra-keychain
387,jlongster/backend-with-webpack
83,juanwmedia/vue-firebase
75,johnpapa/angular-first-look-hosted
1048,johnpapa/lite-server
75,johnpapa/angular-first-look-hosted
152,jedmao/eclint
877,jshackles/Enhanced_Steam
72,jblang/XaoSjs
1245,jashkenas/ruby-processing
30,judgej/wc-api-custom-meta
164,johnwun/js4ai
164,jiamings/fast-weights
66,jscheid/dtrt-indent
194,josegonzalez/python-github-backup
69,jefftranter/6502
26,jaspervdj/haskell-beginners-projects
924,japgolly/scalajs-react
968,json4s/json4s
11,jacobj10/GitSicc
54,jauhien/iron-llvm
134,johnglover/sound-rnn
594,jackaudio/jack2
8994,janpaepke/ScrollMagic
128,justinmk/vim-syntax-extra
15,jdfreder/poster
1265,junyanz/interactive-deep-colorization
62,jackunion/tooloud
95,jimstudt/ook-decoder
191,jadianes/winerama-recommender-tutorial
30,jupe/mongoose-query
17,junhyukoh/value-prediction-network
38,jazzyarchitects/fasttext-node
29,jiangzhuo/OpenSourceGameServerEngine
42,jquery/gsoc
136,josephreisinger/vowpal_porpoise
3691,jspahrsummers/libextobjc
833,javiersantos/AppUpdater
79,jelgblad/angular2-masonry
132,jrainlau/draw-something
71,jwipeout/rails-directory-structure-guide
162,jbe2277/waf
14,jetreports/EPPlus
75,jongalloway/Angular-and-ASPNET-Build2014
182,jsix/cms
120,jasmine/jasmine.github.io
1157,jakubgarfield/Bonobo-Git-Server
1461,jaredrummler/AnimatedSvgView
101,jaychang0917/SimpleApiClient
3079,johncarl81/parceler
18,julienrf/pfe-samples
654,joh/when-changed
131,jaredrummler/ColorPicker
17,jarkko-hautakorpi/Arduhdlc
742,jeromelachaud/freelancer-theme
360,j256/ormlite-core
215,jeremyfry/PikaChoose
14,jaidevd/pyticks
697,jarv/cmdchallenge
36,jonbakerfish/TweetScraper
168,jayrambhia/Tooltip
33,jparyani/mediagoblin
12,josephpconley/R
252,jhorey/ferry
793,joke2k/django-environ
12,josephpconley/R
37,jbkunst/r-posts
69,jdeboer/ganalytics
1578,jarun/Buku
1212,jstpcs/lnxpcs
34,jennybc/repurrrsive
8337,javve/list.js
2553,jsoma/tabletop
49,jeffprestes/AndroidMQTTDemo
394,jadore801120/attention-is-all-you-need-pytorch
3097,jschr/textillate
1114,justmarkham/DAT8
7263,jwilm/alacritty
198,jcreamer898/expressiso
535,jaungiers/LSTM-Neural-Network-for-Time-Series-Prediction
253,jruizgit/rules
677,jockchou/gitblog
88,jasjeetIM/Mask-RCNN
15,jiadeng/pose-ae-demo
60,jasper-lu/doppler-android
535,jaungiers/LSTM-Neural-Network-for-Time-Series-Prediction
130,jeff1evesque/machine-learning
394,jadore801120/attention-is-all-you-need-pytorch
48,johnb30/py_crepe
59,jitbit/CsvExport
45,jnaulty/metermaid-monitor
30,jaesik817/programmable-agents_tensorflow
33,jacobeisenstein/gt-css-class
191,jacobeisenstein/gt-nlp-class
11,jeffreyhuang1/two-stream-action-recognition
774,jrosebr1/imutils
544,justmarkham/DAT4
192,justmarkham/pandas-videos
137,jayleicn/scipy-lecture-notes-zh-CN
737,jakevdp/sklearn_pycon2015
37,jstac/quantecon_nyu_2016
35,jaesik817/SequentialData-GAN
1059,jcjohnson/cnn-benchmarks
97,juanklopper/MIT_OCW_Linear_Algebra_18_06
43,jeroen/sys
14,jimhester/rarrow
23,jayfeng1/Craigslist-Pricing-Project
269,justmarkham/python-reference
482,jwkvam/bowtie
709,jupyter-widgets/ipywidgets
252,jovyan/pythreejs
39,jupyter/nbformat
36,jleb/AHKHID
36,jonbakerfish/TweetScraper
382,jupyter/nbdime
1124,jmschrei/pomegranate
444,jshomes/learning-resources
2655,jamesflorentino/nanoScrollerJS
270,joearms/crypto_tutorial
11,jeffreyhuang1/two-stream-action-recognition
143,jbornschein/mpi4py-examples
557,jobbole/awesome-python-books
20,joequery/quizlet
839,jcjohnson/pytorch-examples
121,jacobgil/keras-cam
96,jacobgil/keras-grad-cam
800,joscha/play-authenticate
158,jessicayung/self-driving-car-nd
17,jacobeisenstein/bayes-seg
39,jonsafari/clustercat
16,jimbozhang/kaldi-gop
122,jpmml/jpmml-sklearn
241,jpmml/jpmml-evaluator
839,jcjohnson/pytorch-examples
335,julian121266/RecurrentHighwayNetworks
160,jbhuang0604/SelfExSR
20,jiangsutx/SPMC_VideoSR
26,joost-de-vries/sbt-typescript
83,joost-de-vries/play-angular-typescript.g8
180,jturgasen/my-links
1663,jcjohnson/torch-rnn
125,jph00/part2
1265,junyanz/interactive-deep-colorization
394,jadore801120/attention-is-all-you-need-pytorch
195,jhlau/doc2vec
876,jhabdas/react-native-webpack-starter-kit
77,jfmatth/openshift-django17
857,jaredhanson/passport-facebook
102,jaredhanson/passport-linkedin
314,jaredhanson/passport-twitter
506,jaredhanson/passport-google-oauth
119,jrowny/brackets-snippets
2285,jeffknupp/sandman
719,joelburget/d4
71,jvandemo/angular-contentful
656,jfaster/mango
300,jigsaw-projects/jigsaw-payment
59,jpkleemans/angular-validate
2290,jwtk/jjwt
523,johnpapa/gulp-patterns
38,jdeisenberg/etudes-for-clojurescript
563,jeduan/cordova-plugin-facebook4
37,json-schema-form/json-schema-builder
2077,json-schema-form/angular-schema-form
11,joncodo/SailsAngularStarter
44,johnpapa/angular-cosmosdb
1996,jsor/jcarousel
3057,jprichardson/node-fs-extra
31,jhaoda/smscenter
117,jennybc/happy-git-with-r
73,jimmy-ren/vcnn_double-bladed
67,jenkins-infra/jenkins.io
385,jadianes/spark-movie-lens
1275,jenkinsci/pipeline-plugin
1744,jezen/is-thirteen
36,jdachtera/node-rtpmidi
51,josephwilk/mud
7263,jwilm/alacritty
86,jmhessel/fmpytorch
274,jakevdp/sklearn_scipy2013
241,jpmml/jpmml-evaluator
122,jpmml/sklearn2pmml
30,jwh5566/my_oms
2557,johannilsson/android-pulltorefresh
124,jtleek/talkguide
531,joelgrus/fizz-buzz-tensorflow
53,joeltrew/JLTGradientPathRenderer
62,jackunion/tooloud
99,johnmpotter/npm-trends
194,josegonzalez/python-github-backup
69,jefftranter/6502
1250,jamesob/tinychain
1408,jamesroutley/write-a-hash-table
97,jonasschmidt/ex_json_schema
7263,jwilm/alacritty
740,jyapayne/Web2Executable
123,jterrace/sphinxtr
1754,jimeh/git-aware-prompt
252,jovyan/pythreejs
2352,jupyterhub/jupyterhub
21,jtobin/deanie
1416,jbrownlee/CleverAlgorithms
50,jml/servant-template
802,julmot/mark.js
23,jfager/jdiscript
103,jakobwilm/slstudio
877,j4velin/Pedometer
13,jamshark70/ddwChucklib-livecode
28,jheatmap/jheatmap
128,jpush/jpush-api-python-client
1020,jborg/attic
343,jasperproject/jasperproject.github.io
13,javaee/grizzly-ahc
111,javaee/grizzly
131,jkup/mastering-chrome-devtools
95,jimstudt/ook-decoder
1059,jcjohnson/cnn-benchmarks
789,jensoleg/swagger-ui
422,jariz/Noti
2233,jaredpalmer/razzle
150,jquery/themeroller.jquerymobile.com
740,jyapayne/Web2Executable
83,jarulraj/databaseology
957,jcoglan/sylvester
188,jdunmire/kicad-ESP8266
591,jpmens/mqttwarn
591,josefprusa/Prusa3
327,jedisct1/libsodium-php
1408,jamesroutley/write-a-hash-table
215,jorgenkg/python-neural-network
84,joshuajnoble/ofxKinectCommonBridge
343,jplehmann/coursera
1666,jameysharp/corrode
152,jherico/OculusSDK
579,jostmey/rwa
2352,jupyterhub/jupyterhub
1312,jorgebastida/awslogs
135,jorilallo/react-native-emoji
367,julianguyen/ifme
92,jorgegonzalez/beginner-projects
120,jasmine/jasmine.github.io
809,junedomingo/movieapp
346,jshanson7/react-native-swipeable
751,jemise111/react-native-swipe-list-view
20,jasongin/noble-uwp
847,jdorfman/awesome-json-datasets
149,jeaye/orchestra
55,jwiegley/emacs-chess
134,johnglover/sound-rnn
54,jauhien/iron-llvm
11,joelasonian/colour-clock-rebuild
65,jloehr/HID-Wiimote
126,jesusgollonet/ofpennereasing
90,jmfieldman/Cadmium
27,jonnenauha/obj-simplify
31,jgolebiowski/graphAttack
647,johnpapa/angular-tour-of-heroes
116,johnpapa/angular2-force
394,joshlong/bootiful-microservices
25,jhipster/devoxx-2016
32,jackwilsdon/original-github-navigation-bar-color
675,justinyhuang/Functional-Programming-For-The-Rest-of-Us-Cn
31,jhorology/nks-presets-collection
1674,jw84/messenger-bot-tutorial
42,jihunchoi/recurrent-batch-normalization-pytorch
253,jruizgit/rules
492,juxt/yada
46,jamesdbrock/hffix
196,jbremer/vmcloak
1109,joefitzgerald/packer-windows
790,jmcunningham/AngularJS2-Learning
211,joshdmiller/angular-placeholders
39,johnpapa/vscode-angular1-snippets
233,jfrazee/awesome-nifi
44,johnpapa/angular-cosmosdb
69,jmcooper/ng2-fundamentals
3354,jackmoore/autosize
370,jaketrent/html-webpack-template
188,jshjohnson/Animate
220,jsdir/react-ladda
1360,jasonslyvia/react-lazyload
49,junedchhipa/stacked-cards
10003,jwagner/smartcrop.js
563,jeduan/cordova-plugin-facebook4
199,jsynowiec/node-typescript-boilerplate
1646,jaukia/zoomooz
171,jakewmeyer/Geo
302,jonahvsweb/touchpoint-js
821,jaypei/emacs-neotree
99,jiamings/cramer-gan
45,jpotts18/stylometry
223,jlund/spotify-export
301,jakearchibald/simple-serviceworker-tutorial
1537,jMonkeyEngine/jmonkeyengine
782,jdf/processing.py
13,jeanfabre/PlayMakerCustomActions_U4
11,johnoneil/arib
1626,jaspervdj/hakyll
1338,javaparser/javaparser
191,jadianes/winerama-recommender-tutorial
504,janeasystems/nodejs-mobile
17,junhyukoh/value-prediction-network
92,jorgegonzalez/beginner-projects
1184,justinmeister/Mario-Level-1
504,janeasystems/nodejs-mobile
17,jiangyongjian/JYJForm
14,jonatanolofsson/cpplot
410,jpush/jpush-react-native
526,jacklam718/react-native-popup-dialog
811,jfinkels/flask-restless
915,jgthms/minireset.css
4908,johnno1962/injectionforxcode
3691,jspahrsummers/libextobjc
681,jossmac/react-images
821,joonty/vdebug
551,jgm/peg-markdown
915,jgthms/minireset.css
3765,jonathantneal/flexibility
507,joshuaclayton/unused
34,joekain/BlockingQueue
4186,julienXX/terminal-notifier
27,johnpapa/pluralsight-vscode-samples
1960,jroimartin/gocui
780,jaredhanson/connect-flash
156,js-functional/js-funcional
3237,jnordberg/wintersmith
154,joemaddalone/react-native-todo
11,jamiemcd/JogJournal
556,jpush/jpush-phonegap-plugin
2814,javascript-society/javascript-path
1366,jekyll/jekyll-admin
27,jgw96/electron-quick-start
176,jolicode/php-ar-drone
18,jeschke/water-wave-packets
127,jackmott/LinqFaster
889,jaybaird/python-bloomfilter
82,jakobehn/GitFlow.VS
108,jarjin/ServerFramework
78,jchannon/Botwin
76,jkroepke/2Moons
101,jaychang0917/SimpleApiClient
809,junedomingo/movieapp
686,jjobes/SlideDateTimePicker
231,jparkie/GivesMeHopeAndroidClient
236,jakoch/awesome-composer
30,jshvarts/DaggerAndroidMVVM
165,jenkinsci/android-emulator-plugin
19,joshuajnoble/blepdroid
104,jianshijiuyou/ShareSomeSitesAndTools
81,jaimegildesagredo/expects
717,jeantimex/ios-swift-collapsible-table-section
1621,jstedfast/MailKit
300,jigsaw-projects/jigsaw-payment
237,jesyspa/linear-cpp
924,japgolly/scalajs-react
1189,jazzband/django-pipeline
76,jejacks0n/temporal
40,jaredhanson/utils-merge
16,juinc/python_data_science_and_machine_learning_bootcamp
644,jaehyunp/stanfordacm
877,j4velin/Pedometer
36,jamesmontemagno/app-imagesearch-cogs
1319,jdesboeufs/connect-mongo
90,jacklam718/react-native-card-view
22,jirawatee/FirebaseRealtimeDatabase-Android
77,joeshub/css-in-react
188,jasnell/proposal-istypes
986,jenssegers/date
1918,jsvine/waybackpack
72,jes/hardbin
82,jlinn/stripe-api-php
67,jeremykenedy/laravel-material-design
468,jhallen/joes-sandbox
22,jacobandreas/neuralese
1332,jquery/jquery-migrate
8337,javve/list.js
770,jimmykuu/gopher
4203,jplayer/jPlayer
65,joaocruz04/JSoap
37,jadianes/data-journalism
495,juliasilge/tidytext
85,justmarkham/dplyr-tutorial
555,jmoenig/Snap--Build-Your-Own-Blocks
34,jakevdp/JupyterWorkflow
85,jtleek/slipper
44,jupyterhub/zero-to-jupyterhub-k8s
39,jantman/repostatus.org
300,jpos/jPOS
90,jonlabelle/Trimmer
1059,jcjohnson/cnn-benchmarks
72,jraska/Console
7535,jacomyal/sigma.js
1114,justmarkham/DAT8
696,jbangert/trapcc
61,jichu4n/basic_wm
693,junegunn/seoul256.vim
462,jnurmine/Zenburn
174,jedisct1/dnscrypt-server-docker
1077,jelmer/dulwich
61,joedel/spaced-repetition
362,joestelmach/natty
180,jhipster/jhipster-uml
809,junedomingo/movieapp
270,joearms/crypto_tutorial
101,jlouis/enacl
505,jasondavies/bloomfilter.js
235,jonbruner/generative-adversarial-networks
1184,justinmeister/Mario-Level-1
106,jackpopp/geodistance
751,jemise111/react-native-swipe-list-view
809,junedomingo/movieapp
198,jsappme/react-native-firebase-starter
2534,jquery-boilerplate/jquery-boilerplate
507,jeckman/YouTube-Downloader
171,jaimeMF/youtube-dl-api-server
56,joshdjuric/Skatter
203,jonathantneal/media-player
206,jaredsburrows/android-gif-example
49,jasonwyatt/AsyncListUtil-Example
118,jussikinnula/angular-socket-io-chat
728,jrowny/react-absolute-grid
156,jstuckey/gulp-gzip
839,jcjohnson/pytorch-examples
79,jzadeh/aktaion
88,jasjeetIM/Mask-RCNN
172,jpmckinney/tf-idf-similarity
44,jupyterhub/zero-to-jupyterhub-k8s
39,jantman/repostatus.org
105,justicesuh/faking-contributions
51,jareddlc/OpenFit
199,jayleicn/animeGAN
606,jek/blinker
3237,jaredpalmer/formik
729,jschneier/django-storages
48,juliasilge/janeaustenr
12,jimthompson5802/kaggle-BNP-Paribas
56,jiborobot/jibo-sdk
2033,jcjohnson/fast-neural-style
89,jem/jemdoc
2352,jupyterhub/jupyterhub
234,jazzsaxmafia/show_and_tell.tensorflow
385,jadianes/spark-movie-lens
191,jadianes/winerama-recommender-tutorial
709,jupyter-widgets/ipywidgets
44,jupyterhub/zero-to-jupyterhub-k8s
49,jupyterhub/jupyterhub-tutorial
471,johnmyleswhite/BanditsBook
391,jxieeducation/DIY-Data-Science
742,jamesturk/jellyfish
88,jghaines/lambda-auth0-authorizer
16,jmenga/requests-aws-sign
199,jayleicn/animeGAN
606,jek/blinker
30,jorvi/shiki
31,jasonjoh/pythoncontacts
2233,jaredpalmer/razzle
1638,jhen0409/react-native-debugger
55,jaredleekatzman/DeepSurv
86,jmhessel/fmpytorch
221,jpmurray/awesome-spark
61,janusvr/janus-server
22,jimfleming/unity-to-rust
3226,jgthms/web-design-in-4-minutes
31,jukedeck/nottingham-dataset
12,jacob-meacham/serverless-plugin-git-variables
977,javierbyte/control-user-cursor
469,jcsalterego/historian
86,johntitus/coinx
84,jthaman/ciTools
25,joshloyal/pydata-amazon-products
26,jmsteinw/Notebooks
84,jthaman/ciTools
68,jessicayung/machine-learning-nd
158,jessicayung/self-driving-car-nd
1512,jcupitt/libvips
31,jpmml/jpmml-xgboost
45,jlmd/SimpleNeuralNetwork
28,jckantor/CBE20255
102,jay3dec/PythonFlaskMySQLApp---Part-1
31,jaddison/django-simple-templates
145,jeffalstott/powerlaw
383,juleswhite/mobilecloud-14
10065,jquery/jquery-mobile
100,joaquinvanschoren/ML-course
51,johansatge/workflowy-php
51,justmarkham/pydata-dc-2016-tutorial
1114,justmarkham/DAT8
3507,jonschlinkert/remarkable
384,jlegewie/zotfile
73,jonasrottmann/realm-browser
557,jqs7/Jqs7Bot
5059,jhy/jsoup
74,jinliming2/Chrome-Charset
5059,jhy/jsoup
580,jjmartres/Zabbix
7263,jwilm/alacritty
117,jacobgil/pytorch-pruning
1975,jOOQ/jOOQ
839,jcjohnson/pytorch-examples
747,jaredly/hexo-admin
87,jiyfeng/rl4nlp
59,jaungiers/Multidimensional-LSTM-BitCoin-Time-Series
308,jazzsaxmafia/show_attend_and_tell.tensorflow
158,jessicayung/self-driving-car-nd
17,jiasenlu/visDial.pytorch
59,jiweil/Jiwei-Thesis
292,jacobandreas/nmn2
2033,jcjohnson/fast-neural-style
26,jimenbian/csdn-resume-achieve-system
1471,junegunn/redis-stat
6642,jigish/slate
2173,jprante/elasticsearch-jdbc
6642,jigish/slate
193,jimmysuncpt/Algorithms
4301,jquery-form/form
151,jqPlot/jqPlot
465,jmespath/jmespath.py
685,jimradford/superputty
7263,jwilm/alacritty
100,justmarkham/DAT5
457,jisaacso/DeepHeart
33,jpmml/r2pmml
13,jpmml/jpmml-r
23,jafflerbach/spatial-analysis-R
70,julian-poidevin/MBPMid2010_GPUFix
234,jpswalsh/academicons
49,jeremystan/tidyjson
100,joaquinvanschoren/ML-course
352,jtleek/rpackages
742,jamesturk/jellyfish
235,joshvillbrandt/goprohero
3467,jsbin/jsbin
648,jobbole/awesome-web-dev-books
15,jloh/csf-ansible-role
3817,jonsuh/hamburgers
181,jasonreece/css-burrito
16,jeffjzx/mit-6.824-labs-2016
98,jivoi/junk
2304,jaredhanson/oauth2orize
191,jadianes/winerama-recommender-tutorial
72,jadianes/spark-r-notebooks
46,jastarex/DeepLearningCourseCodes
575,joshwnj/react-visibility-sensor
31,jgolebiowski/graphAttack
41,johnmyleswhite/StreamStats.jl
89,joshday/OnlineStats.jl
674,jubatus/jubatus
1059,jcjohnson/cnn-benchmarks
5114,jonas/tig
774,jrosebr1/imutils
61,jdblischak/workflowr
83,jarulraj/databaseology
43,jonathf/chaospy
235,jonbruner/generative-adversarial-networks
24,johnhw/computationalchi2017
240,jaor/geiser
436,justbur/emacs-which-key
43,jkff/ire
329,jvm-profiling-tools/async-profiler
84,jthaman/ciTools
831,jrudolph/sbt-dependency-graph
639,jupyter-scala/jupyter-scala
239,jaberg/hyperopt
46,jastarex/DeepLearningCourseCodes
172,jeffheaton/t81_558_deep_learning
629,jed/browserver-client
316,jonnyreeves/js-logger
52,jacobp100/cssta
203,jonathantneal/media-player
28,jeremy-hawes/google-maps-coordinates-polygon-tool
1135,jbtule/cdto
11,joehand/stripe-dat
119,jabbany/ABPlayer
922,jabbany/CommentCoreLibrary
57,juanfranblanco/vscode-solidity
1475,jquery/jquery-color
536,jtriley/StarCluster
24,jwplayer/sparksteps
31,jwplayer/jwalk
628,jippi/hashi-ui
24,jliemansifry/streetview
1408,jamesroutley/write-a-hash-table
51,jacobgil/pyfishervector
241,jpmml/jpmml-evaluator
15,jpmml/jpmml-tensorflow
104,josephwilk/image-resizer
2256,jdan/isomer
2529,jerryscript-project/jerryscript
1512,jcupitt/libvips
1059,jcjohnson/cnn-benchmarks
2290,jwtk/jjwt
1996,json-path/JsonPath
145,js-accounts/accounts
507,jeckman/YouTube-Downloader
171,jaimeMF/youtube-dl-api-server
1797,javiereguiluz/EasyAdminBundle
979,jasonlong/geo_pattern
20,jikexueyuanwiki/simple
654,jelbourn/material2-app
2304,jaredhanson/oauth2orize
20,juhgiyo/EpServerEngine.cs
12,jhagelback/OpprimoBot
26,johannesjo/generator-angular-auto-admin-loopback
792,jeeeyul/eclipse-themes
355,jlyman/RN-NavigationExperimental-Redux-Example
370,jeyoder/ThingsInSpace
1024,jamierumbelow/codeigniter-base-model
64,jaredhanson/passport-oauth2-client-password
857,jaredhanson/passport-facebook
27,jakevdp/mst_clustering
86,joshpangell/single-use
21,jigarius/drupal-migration-example
181,jojoin/tppl
175,jazzsaxmafia/video_to_sequence
109,jaruba/wcjs-player
253,jruizgit/rules
244,jgm/yst
132,jcchurch13/Mechaduino-Hardware
308,jgrancher/react-native-sketch
883,jfahrenkrug/WWDC-Downloader
890,jakubgarfield/expenses
24,jcgertig/date-input-polyfill
29,jiborobot/pixi-animate-extension
611,jaredhanson/passport-http-bearer
2304,jaredhanson/oauth2orize
857,jed/lave
77,johnpapa/pwa-angular
895,juliangruber/review
4092,jakesgordon/javascript-state-machine
3193,jxnblk/rebass
15,juliandavidmr/awesome-nest
77,johnpapa/pwa-angular
1104,jingweno/godzilla
28,johnpapa/vscode-pwa
158,jbristowe/awesome-nativescript
654,jelbourn/material2-app
2304,jaredhanson/oauth2orize
263,jenkinsci/java-client-api
2881,jaredpalmer/backpack
1408,jamesroutley/write-a-hash-table
1048,johnpapa/lite-server
341,jublonet/codebird-js
629,janodvarko/harviewer
736,jtrussell/angular-snap.js
12,jonathan-casarrubias/ng2-service-events
14,jeffochoa/laravel-package-boilerplate
142,jamesturk/django-secretballot
366,jazzband/django-axes
368,johnno1962/Xprobe
18,jrudio/go-plex-client
101,janeczku/docker-machine-vultr
252,jaredhanson/passport-oauth2
840,julien-truffaut/Monocle
127,josefbacik/kernelscope
571,jfromaniello/passport.socketio
1618,johang/btfs
38,jouni-kantola/inline-chunk-manifest-html-webpack-plugin
92,jeancroy/fuzz-aldrin-plus
250,jgraichen/redmine_dashboard
1325,jphp-compiler/jphp
5059,jhy/jsoup
563,jeduan/cordova-plugin-facebook4
278,jalaali/moment-jalaali
81,jackfranklin/tilvim
20,jasongin/noble-uwp
12,jkroso/abs-svg-path
156,jpsim/JPSImagePickerController
349,jcmellado/js-aruco
93,jantimon/html-webpack-harddisk-plugin
144,jimmiw/php-time-ago
21,jaz303/ColorScope.js
23,jamesseanwright/react-animation-frame
8994,janpaepke/ScrollMagic
2503,jonathantneal/sanitize.css
4203,jplayer/jPlayer
131,joebuhlig/OFScripts
84,jamiekurtz/WebApi2Book
69,jasonkarns/css-reset
33,jgamblin/censys
575,jmreidy/grunt-browserify
614,joelgriffith/navalia
12,juddflamm/oled-js-pi
650,jensarps/IDBWrapper
158,jflex-de/jflex
13,jonnyzzz/kotlin.xml.bind
1416,jbrownlee/CleverAlgorithms
243,jbrownlee/CleverAlgorithmsMachineLearning
141,jonstipe/number-polyfill
759,j3k0/cordova-plugin-purchase
200,jlebensold/peckish
57,jscottsmith/react-scroll-parallax
299,javierbyte/react-blur
681,jossmac/react-images
50,jameslnewell/styled-components-breakpoint
291,jupyter/jupyter-drive
13,jupyter-widgets/jupyter-sphinx
171,jflyfox/jfinal_cms
1504,jceb/vim-orgmode
142,joshbtn/excelFormulaUtilitiesJS
14,jenkinsci/rancher-plugin
260,jenkinsci/JenkinsPipelineUnit
216,javatuples/javatuples
131,jyfc/ebook
43,jaketrent/react-social-icons
3817,jonsuh/hamburgers
992,jaebradley/uber-cli
1408,jamesroutley/write-a-hash-table
12,jordan-g/Segregated-Dendrite-Deep-Learning
1347,joeferner/redis-commander
18,jcjohnson/tiny-imagenet
3079,johncarl81/parceler
288,jamesmoss/flywheel
41,jprichardson/node-github-download
15,jenstornell/kirby-boiler-field
143,jamboree/co2
11,james-d-mitchell/libsemigroups
1222,johngrib/vim-game-code-break
26,jonschlinkert/set-value
79,jcmoraisjr/haproxy-ingress
410,jgraph/jgraphx
467,jsmreese/moment-duration-format
59,jiweil/Jiwei-Thesis
499,jvandemo/generator-angular2-library
878,jwiegley/git-scripts
551,jaubourg/jquery-jsonp
257,jwadhams/json-logic-js
307,juliemr/ng2-test-seed
154,joemaddalone/react-native-todo
79,jshawl/updog
1312,jorgebastida/awslogs
33,jeffbcross/bad-rxjs
230,jkuri/ng2-datepicker
1609,jdewit/bootstrap-timepicker
7263,jwilm/alacritty
79,jkuri/ngx-slimscroll
47,jovaneyck/CrossDomainRequestsInJavascript
199,jsynowiec/node-typescript-boilerplate
40,johnpapa/vscode-angular-essentials
499,jvandemo/generator-angular2-library
298,jbogard/Respawn
1621,jstedfast/MailKit
1077,jakemmarsh/angularjs-gulp-browserify-boilerplate
5059,jhy/jsoup
353,jwagenleitner/groovy-wslite
2173,jprante/elasticsearch-jdbc
35,jeancarl/node-red-labs
1096,jdeferred/jdeferred
1927,jorgebastida/gordon
355,jlyman/RN-NavigationExperimental-Redux-Example
36,jiwonbest/amazing-angular-projects
260,jasongin/nvs
499,jvandemo/generator-angular2-library
243,jkup/functional-javascript
430,jaystack/repatch
263,js-n/awesome-npx
2233,jaredpalmer/razzle
317,jimmynicol/image-resizer
4092,jakesgordon/javascript-state-machine
13,json-schema-faker/json-schema-server
34,jing-interactive/FaceVFX
24,jeantimex/solve-leetcode-problems
126,javaSwing/MusicAPI
68,jfree/fxgraphics2d
301,javers/javers
547,jarro2783/cxxopts
26,jxcore/jxcore-release
305,jaxio/celerio-angular-quickstart
1048,johnpapa/lite-server
309,johnstonbl01/clementinejs
93,johnstonbl01/clementinejs-fcc
72,jblang/XaoSjs
14,joelmoniz/Shape-Sketch
86,jbaiter/pyomxplayer
1253,jakegiltsoff/sassline
491,jh3y/driveway
132,jonathantneal/fitie
23,jasonlevine/The-Nature-of-Livecoding
97,jackschaedler/jazzari
33,jcbagneris/fms
535,jaungiers/LSTM-Neural-Network-for-Time-Series-Prediction
6325,jsonmodel/jsonmodel
88,jonreid/XcodeWarnings
4203,jplayer/jPlayer
59,jiweil/Jiwei-Thesis
195,jhlau/doc2vec
839,jcjohnson/pytorch-examples
2054,jaz303/tipsy
3079,johncarl81/parceler
431,jeasonlzy/HeaderViewPager
1048,johnpapa/lite-server
2182,jeasonlzy/ImagePicker
88,jdevoo/twecoll
150,jenslody/gnome-shell-extension-openweather
1457,jasonlong/isometric-contributions
1610,jaysalvat/vegas
7535,jacomyal/sigma.js
94,juba/scatterD3
3766,josdejong/jsoneditor
612,jgm/pandoc-templates
27,jcrist/ptime
7535,jacomyal/sigma.js
4203,jplayer/jPlayer
92,jedireza/generator-hapi-style
370,jprichardson/node-google
100,jptoto/log4net.ElasticSearch
2900,jmcarp/robobrowser
49,johnwhitington/ocamli
878,jwiegley/git-scripts
20,jiekechoo/NLPStudy
68,jlindsey15/RAM
381,jupyter/nbgrader
253,jruizgit/rules
73,jattenberg/RankLib
1024,jamierumbelow/codeigniter-base-model
39,jacobsoo/Decoder-JJEncode
292,jonathantneal/postcss-normalize
991,joanbruna/stat212b
573,j-easy/easy-rules
78,jacksu/awesome-es
1111,jOOQ/jOOL
107,jonocarroll/mathpix
72,jmdhappy/xxpay-master
199,jayleicn/animeGAN
1447,jgm/gitit
969,jgrapht/jgrapht
925,johnpolacek/stacktable.js
92,jetlang/core
14,jetlang/remoting
1265,junyanz/interactive-deep-colorization
16,jhamrick/nbgrader-demo
90,jacoxu/encoder_decoder
45,joshlong/spring-and-google-protocol-buffers
2295,jayphelps/core-decorators
991,jdsutton/Technical-Interview-Megarepo
43,jeanqasaur/against-junior-faculty-stress
247,jcugat/django-custom-user
46,jastarex/DeepLearningCourseCodes
172,jpmckinney/tf-idf-similarity
16,jhamrick/nbgrader-demo
28,jimkang/annoy-node
172,jpmckinney/tf-idf-similarity
13,j2kun/lp-diet
629,janodvarko/harviewer
274,jwbuurlage/category-theory-programmers
1408,jamesroutley/write-a-hash-table
293,jenil/bulmaswatch
836,js-platform/node-webrtc
394,jarrekk/imgkit
32,jpf/okta-pysaml2-example
381,jupyter/nbgrader
326,jsreport/jsreport
2529,jerryscript-project/jerryscript
29,jggatc/pyjsdl
79,jaredly/ohai
86,johntitus/coinx
444,jonashaag/klaus
261,joaotavora/sly
85,jcurl/SerialPortStream
4690,jackmoore/colorbox
793,joke2k/django-environ
128,jkeyes/python-intercom
92,jaydenxiao2016/JEasyCheck
17,jjz/react-native
186,jrottenberg/ffmpeg
12,jordanh/ffmpeg2gif
5114,jonas/tig
241,jimeh/tmux-themepack
729,jschneier/django-storages
647,johnpapa/angular-tour-of-heroes
45,johnpapa/one-with-angular
102,jan-molak/serenity-js
208,jxnblk/tachyons-components
225,joshwcomeau/key-and-pad
494,joshwcomeau/redux-vcr
319,jordwest/news-feed-eradicator
447,jackspirou/clientjs
2881,jaredpalmer/backpack
439,jonschlinkert/markdown-toc
292,jcushman/pdfquery
847,jdorfman/awesome-json-datasets
1131,jpsim/SourceKitten
1312,jorgebastida/awslogs
101,jaychang0917/SimpleApiClient
14,joshfinnie/jobs.nodedc.com
4091,jakiestfu/Medium.js
997,jakubnabrdalik/gitkurwa
30,jimthedev/angular2-falcor-webpack-builder
221,jessetane/queue
60,jsoendermann/MongoStyleGuide
2077,json-schema-form/angular-schema-form
7263,jwilm/alacritty
241,jimeh/tmux-themepack
402,jmathai/elodie
66,janestreet/async
555,janestreet/core
43,joehand/neat-log
119,julien-c/epub
89,jongacnik/gr8
130,jweisbeck/Crossword
26,juliangruber/abstract-random-access
1387,junegunn/fzf.vim
20,jakevdp/jakevdp.github.io-source
231,jhiesey/peercloud
570,jmurphyau/ember-truth-helpers
911,jeffbski/redux-logic
78,jaydipdave/quickdefencewaf
1154,jonashaag/bjoern
555,jzaefferer/jquery-treeview
554,jiffyclub/snakeviz
587,jodal/pykka
21,jordansissel/vagrant-port
1160,josephschmitt/Clamp.js
17,jez/pandoc-sidenote
98,juliangamble/clojure-ants-simulation
186,jbittel/django-mama-cas
194,jiangxincode/cnblogs
229,jiegzhan/multi-class-text-classification-cnn-rnn
139,jeffbcross/omnibinder
2628,jeanphix/Ghost.py
142,jbmusso/gremlin-javascript
22,jbittel/base32-crockford
299,jsonata-js/jsonata
1171,jetstack/kube-lego
11,jarekwg/django-apscheduler
186,jenkinsci/docker-slaves-plugin
315,jenkinsci/docker-plugin
182,jae-jae/Userscript-Plus
15,joosthub/pytorch-nlp-tutorial-nyc2017
30,jinfagang/LSTM_learn
59,jperla/sentiment-data
266,jeffkit/wechat
166,jsvine/pdfplumber
340,joshgerdes/jekyll-uno
336,jsocol/pystatsd
185,jych/nips2015_vrnn
1518,jpadilla/pyjwt
25,jmaih/RISE_toolbox
46,julython/julython.org
112,jupyter-widgets/declarativewidgets
11,jaimyoung/ipds-kr
300,joshuaslate/mern-starter
31,jirutka/ldap-passwd-webui
84,jessegrosjean/documents.com
117,joaquimserafim/vagrant-nodejs-redis-mongodb
148,jesusfv/Comparison-Programming-Languages-Economics
490,jmportilla/Python-for-Algorithms--Data-Structures--and-Interviews
35,jakevdp/BayesianAstronomy
244,jalvesaq/Nvim-R
25,jahangirmohammed/serverless-crud-scala
19,jetsonhacks/jetsonTX1GPIO
33,jiaqianghuai/tf-lstm-crf-batch
730,jesseweed/seti-ui
163,jesseweed/seti-syntax
1129,jech/polipo
48,jbnunn/Alexa-MyQGarage
219,jonromero/forex_algotrading
16,jdblair/sunspec
594,jwa107/Photoshop-Export-Layers-to-Files-Fast
104,junks/linkedInScraper
554,josephmisiti/generic-django-project
1775,jcubic/jquery.terminal
22,jldbc/pybaseball
18,jeromeku/Python-Financial-Tools
161,jupyter-attic/dashboards_server
64,jupyter-attic/dashboards_bundlers
18,jeromeku/Python-Financial-Tools
2554,jorgebastida/glue
239,josefrichter/resize
766,jbeder/yaml-cpp
471,jiweil/Neural-Dialogue-Generation
104,jaara/AI-blog
41,jwang/pgpane
32,jeff-davis/PostgreSQL-Temporal
106,jfloff/pywFM
43,jasonyaw/CDAE
544,jameslyons/python_speech_features
344,jbornschein/draw
167,jemygraw/TechDoc
1892,jgrahamc/httpdiff
7284,javan/whenever
69,jindulys/EbloVaporServer
490,jmportilla/Python-for-Algorithms--Data-Structures--and-Interviews
217,jamon/playmusic
22,jstac/edtc-code
35,junwei-wang/cpabe
120,jakecoffman/go-angular-tutorial
12,jeetp465/Aspect-Based-Sentiment-Analysis
18,jcppman/code-player
11,jasonrhodes/how-to-react
34,jsksxs360/Word2Vec
35,junwei-wang/cpabe
1176,johnwheeler/flask-ask
13,jittat/thailand-oi-tasks
253,jsimone/webapp-runner
17,jsCow/jscow-node-editor
682,japerk/nltk-trainer
980,jkphl/svg-sprite
489,jdg/oauthconsumer
497,jupyter/colaboratory
24,junfenglx/reasoning_attention
100,jamesrobertlloyd/gp-structure-search
19,jamesrobertlloyd/automl-phase-2
252,jazzsaxmafia/Weakly_detector
77,jflanigan/jamr
153,jiweil/Hierarchical-Neural-Autoencoder
75,jackdb/jackdb-heroku-plugin
506,jupyter/tmpnb
61,jazzsaxmafia/dcgan_tensorflow
159,jupyterhub/dockerspawner
146,jrg365/gpytorch
61,jberkus/atomicdb
19,jgm/filestore
471,jbarlow83/OCRmyPDF
12,jocelynj/osm-polygons-generation
32,jcreus/pywikidata
19,jakblak/socketio-demos
12,jiyfeng/tfkld
33,jiyfeng/DPLP
77,jflanigan/jamr
53,johnflynnjohnflynn/BalanceSPTeufelsbergReverb
120,java-webbee/webBee
145,jeremycastelli/Wordpress-new-project-config
35,jchiatt/headless-wp
32,jjkke88/RL_toolbox
127,jupyterhub/jupyterhub-deploy-docker
32,jerry81333/StockProdiction
154,jamesmishra/mysqldump-to-csv
18,jacobeisenstein/probabilistic-lexicon-classification
146,joshbetz/config
18,jiyfeng/entitynlm
109,jamesward/happytrails
195,joekiller/logstash-kafka
62,jarnokurlin/fullcalendar
5653,joemccann/dillinger
1129,jech/polipo
730,jesseweed/seti-ui
163,jesseweed/seti-syntax
773,jazzband/django-widget-tweaks
1796,jaredks/rumps
132,janestreet/base
157,jimdigriz/debian-mssp4
189,jfree/jfreechart
490,jmportilla/Python-for-Algorithms--Data-Structures--and-Interviews
357,jonsamwell/angular-auto-validate
15,justiniso/polling
30,jmelett/pyfx
12,jrios6/Math-of-Intelligence
35,johnyf/openstreetmap
116,jeanqasaur/research-group-resources
74,jazzsaxmafia/Inpainting
87,jcaddel/maven-s3-wagon
331,jclouds/jclouds
115,jwlin/ptt-web-crawler
46,johnoneil/MangaTextDetection
74,jzmq/book
35,justmarkham/trump-lies
128,josephwilk/semanticpy
436,jundongl/scikit-feature
3010,justjavac/Google-IPs
3902,jquery-backstretch/jquery-backstretch
306,jenetics/jenetics
46,jaredpalmer/react-persist
72,jsnell/ratas
212,jakevdp/sklearn_pycon2014
14,jisonami/Jisonami2
62,jaesik817/Interaction-networks_tensorflow
227,jettan/tikz_cnn
2024,jenkinsci/blueocean-plugin
19,jinfagang/pytorch_cycle_gan
249,justjavac/AngularJS-Learning-zh_CN
49,jawil/datePicker
231,jeffpar/pcjs
27,judge0/api
73,jaysonsantos/jinja-assets-compressor
149,julianser/hed-dlg-truncated
42,jsk-ros-pkg/jsk_recognition
20,johannesgerer/jburkardt-m
42,jsk-ros-pkg/jsk_recognition
20,jwlin/web-crawler-tutorial
55,junyuseu/ResNet-on-Cifar10
56,jma127/pyltr
200,jackdb/pg-app-dev-vm
56,jonathanhart/pixelmask
82,jimthunderbird/php-to-c-extension
150,jehna/ga-lite
151,jwpttcg66/NettyGameServer
118,josephwright/beamer
319,jjangsangy/ExplainToMe
177,jcubic/jquery.splitter
137,jingweiz/pytorch-dnc
93,jasonish/libevent-examples
3594,jisaacks/GitGutter
144,jeroen/mongolite
199,jkehler/awslambda-psycopg2
48,jarfo/kchar
149,julianser/hed-dlg-truncated
18,jbmohler/mortgage
1500,jhuckaby/webcamjs
23,jysung/activity_detection
231,joaquimrocha/Skeltrack
201,jmcnamara/libxlsxwriter
26,jtronics/G-Code-jViewer
4381,jmechner/Prince-of-Persia-Apple-II
57,jefflovejapan/drench
22,jcristovao/haskell-cheatsheets
260,justzx2011/openyoudao
23,jez/latex-homework-class
907,jackzhang1204/sewise-player
12,jsoma/storytelling-2015
22,jimin530/VoiceRecognition_siri
85,jbwhit/jupyter-tips-and-tricks
49,jgoodyear/ApacheKarafCookbook
443,jkuri/ngx-uploader
1787,joshcam/PHP-MySQLi-Database-Class
18,jasononeil/hvm
629,joeyguo/blog
14,jetsonhacks/buildJetsonTX1Kernel
33,jloehr/AR-Sandbox
35,jcyk/CWS
13,jcyk/greedyCWS
25,jiesutd/SUTDAnnotator
839,jakubroztocil/cointrol
124,jiasenlu/HieCoAttenVQA
25,jsforce/gulp-jsforce-deploy
382,jserv/facebooc
85,jimenbian/DataMining
238,jakearchibald/appcache-demo
46,jiaxiaogang/PR_DBHelper
44,jonidelv/generator-create-redux-app
60,jimmie33/Caffe-ExcitationBP
425,jondot/awesome-weekly
562,jekyll/minima
62,junzis/pyModeS
38,jibancanyang/Semi-supervised_Neural_Network
25,jkitchin/vasp
66,jhlch/ds-for-telco
29,jnwei/neural_reaction_fingerprint
56,jaylinwang/jekyll-pithy
986,jinzhu/now
542,jsonpickle/jsonpickle
12,jcwleo/Reinforcement_Learning
13,jordimurgo/votarem
36,jamesls/semidbm
22,jameszaghini/bonjour-demo-osx-to-ios
160,jadijadi/bestoon
286,jacebrowning/memegen
12,jgeisler0303/CANFestivino
34,jameslantz/planepath
42,jgorset/django-shortcuts
1232,jmcnamara/XlsxWriter
124,jonathanrocher/pandas_tutorial
27,jokecamp/jokecamp.com
87,jansenicus/www-coursera-downloader
24,jeonghwan-kim/2016-webframeworks-codelab-nodejs
34,josephw/titl
24,jdesgats/ILuaJIT
2508,jacoborus/nanobar
5718,jaredreich/notie
694,jjgod/mac-dictionary-kit
115,joshuaulrich/TTR
137,jkitchin/jmax
29,jamesgao/kiln_controller
1176,johan/world.geo.json
62,jisaacks/MaxPane
137,jingweiz/pytorch-dnc
27,joanaz/MMM-MirrorMirrorOnTheWall
29,jingli9111/EUNN-tensorflow
1787,jonkykong/SideMenu
113,jgehrcke/python-cmdline-bootstrap
69,jingchenUSTC/SVDRecommenderSystem
20,jalexandre0/saci-temperature-controller
26,jiny2001/dcscn-super-resolution
15,joanvila/aioredlock
34,jexuswebserver/JexusManager
46,jeremiecook/protonmail-theme
17,jiyfeng/RSTParser
403,junedomingo/react-native-rename
500,jacobgil/keras-dcgan
38,jisaacks/ChainOfCommand
81,jirutka/validator-collection
41,jdrudolph/goenrich
65,jdfreder/ipython-d3networkx
38,jmtomczak/vae_vampprior
12,jeffThompson/Word2VecAndTsne
70,jeffhammond/HPCInfo
1114,jstat/jstat
1652,jez/vim-as-an-ide
82,jimhorng/awesome-interview-mindset
123,jxwufan/AssociativeRetrieval
65,jdfreder/ipython-d3networkx
929,jquense/yup
111,jgonggrijp/pip-review
46,jekbradbury/examples
14,jsharpna/DavisSML
36,jacobandreas/psketch
85,jimenbian/DataMining
3594,jisaacks/GitGutter
574,joewalnes/web-vmstats
319,jjangsangy/ExplainToMe
118,josephwright/beamer
30,juandavm/em4gmm
88,jimmyn/aws-mqtt-client
43,jumoel/mario-astar-robinbaumgarten
486,jakevdp/sklearn_tutorial
15,jxnl/pycon2016-datatalks
62,jimmycallin/pydsm
88,jinntrance/shanbay-crx
78,jasonim/github-guide
194,jarjin/uLua
33,jeongyoonlee/data-science-process-management
373,jojoldu/junior-recruit-scheduler
147,jmahler/mips-cpu
452,jonschlinkert/sublime-monokai-extended
96,jakubpawlowicz/git-cheat-sheet
33,jjz/weixin-mina
3594,jisaacks/GitGutter
19,jcelliott/inquire
3594,jisaacks/GitGutter
65,joel16/3DSident
143,jvaelen/2048
41,jlizier/jidt
19,jcelliott/inquire
37,jhjin/tensorflow-cpp
130,johngodley/redirection
16,janakiramm/Kubernetes-multi-container-pod
3594,jisaacks/GitGutter
22,jsergio123/script.module.urlresolver
605,jgthms/marksheet
284,jdeng/rbm-mnist
12,junlulocky/PyBGMM
53,jcheng5/googleCharts
61,jayroh/html5_boilerplate_wordpress
481,jxnblk/react-x-ray
123,jxwufan/AssociativeRetrieval
12,john182/CalculoTributario
888,jsvine/markovify
585,jeffheaton/aifh
36,jadianes/kdd-cup-99-spark
17,jorgengrythe/beamforming
27,johnazariah/csharp-algebraictypes
231,jfecher/ante
38,josegonzalez/python-slack-tunes
149,jtriley/pystun
425,jondot/awesome-weekly
138,jpemartins/speex.js
225,jreijn/spring-comparing-template-engines
211,jeanpan/react-native-camera-roll-picker
323,jaysoo/react-native-menu
812,jalkoby/squasher
46,jamb0ss/awesome-ambient-noises
42,juliascript/Algorithms-and-Data-Structures
681,jamesdlow/open-airplay
367,jzbontar/mc-cnn
107,jtripper/dns-tcp-socks-proxy
718,jayrambhia/Install-OpenCV
2200,jubos/fake-s3
44,jackfranklin/html-dist
401,jakebian/snaptile
360,jaweii/vueg
129,jaysonsantos/python-binary-memcached
32,jaysonsantos/django-bmemcached
547,jmhobbs/terminal-parrot
137,jpush/jpush-api-nodejs-client
1906,javierbyte/img2css
654,jondot/ReactNativeKatas
80,jesusprubio/strong-node
303,joe011/python
303,joe011/python
18,jpogran/puppet-vscode
68,jacobbo/WebEye
53,jmacdotorg/plerd
28,jasonslyvia/bjut_crawler
11,jxls080511/stockPrediction
13,jwo/inventory-cable
1081,jquery-ui-rails/jquery-ui-rails
23,jiffies/jblog
711,jxnblk/colorable
87,japerk/nltk3-cookbook
90,justpsvm/hexo-theme-primer
1145,json-c/json-c
41,jeanboydev/Android-JNITest
2552,jaysalvat/jquery.facedetection
263,jessfraz/.vim
12,jameswei/rss-subscription
142,jsankey/android-junit-report
64,joshsoftware/code-curiosity
17,jshawl/active-storage
816,jamesmontemagno/Xamarin.Plugins
182,jasonrbriggs/stomp.py
1298,jdc0589/JsFormat
15,joaomgcd/AutoPebble-Pebble-app
14,jackzhenguo/leetcode-csharp
186,jamesmawm/Mastering-Python-for-Finance-source-codes
77,jhawthorn/meh
1688,jenssegers/agent
135,jaagr/dots
127,jasonmcintosh/rabbitmq-zabbix
475,jacobdufault/fullserializer
261,jeremyletang/rust-sfml
601,jmoon018/PacVim
2202,jonan/ForkHub
68,juanplopes/icpc
308,jeaye/value-category-cheatsheet
72,johnlui/My-First-Framework-based-on-Composer
746,johnnylambada/WorldMap
4131,jariz/vibrant.js
592,jeffehobbs/embedresponsively
188,jsocol/django-jsonview
12,jkingsman/regex-replace
47,joeywen/fudannlp
119,janicduplessis/react-native-scrollable-header
552,json-schema-org/json-schema-spec
2648,joestump/python-oauth2
86,jerrywu2013/Python
69,jed-frey/FreeNAS-Gogs
51,jblindsay/whitebox-geospatial-analysis-tools
386,jsprodotcom/source
113,jsoverson/todomvc
12,jmrf/HOG-Pedestrian-Detector
11,jamescarr/locust.io-demo
26,jvgomez/fastmarching
511,jselbie/stunserver
293,jeroenpeeters/docker-ssh
25,jice1001/websocket
1104,jackdcrawford/five
192,justone/dotfiles
15,joidegn/leo-cli
49,jschx/etc
16,juvee/virastar
47,jadijadi/justforfun
117,jecelyin/920-text-editor-v2
3248,joelittlejohn/jsonschema2pojo
67,jeffknupp/omega
24,jasonish/docker-snort
2552,jaysalvat/jquery.facedetection
287,jexp/batch-import
31,jiwenxing/qiniu-image-tool-win
392,jiacai2050/gooreplacer4chrome
444,joggerplus/JPFPSStatus
119,jaspernbrouwer/powerline-gitstatus
961,jeneser/douban
170,jrief/django-admin-sortable2
255,jpush/jpush-api-php-client
16,js05212/MXNet-for-CDL
34,jancelin/geo-poppy
659,jrief/django-websocket-redis
200,jsha/blocktogether
527,jglovier/resume-template
426,jappix/jappix
316,jmacd/xdelta
16,jordanhudgens/devcamp-portfolio
151,joostkremers/writeroom-mode
76,jackrex/AndroidCacheFoundation
333,jameslk/awesome-falsehoods
455,jnr/jnr-ffi
53,jpush/jchat-ios
16,jashion/BMTNavigationBar
616,jrendel/SwiftKeychainWrapper
676,jaykz52/CKCalendar
6480,jverdi/JVFloatLabeledTextField
73,joeshang/CATextLayerTest
53,jkpang/PPNumberButtonSwift
589,johnil/VVeboImageView
145,jinht/NewsChannel
46,jinht/GuidePages
204,jkpang/PPAutoPackageScript
71,jinht/DocViewer
598,johnlui/SwiftNotice
140,jineshfrancs/LazyLoadingViews
535,jineshfrancs/CaptchaImageView
55,jixiang0903/MineHeadDemo
