104,keijiro/RDSystem
801,keijiro/Skinner
591,keijiro/KinoGlitch
183,keijiro/MiniEngineAO
1141,ketoo/NoahGameFrame
24,konnected-io/konnected-security
5445,kubernetes/minikube
1009,kinosang/piwik
1957,knownsec/KCon
1745,kstenerud/KSCrash
2360,kolyvan/kxmovie
1579,kewlbear/FFmpeg-iOS-build-script
1706,kbandla/APTnotes
12494,kennethreitz/python-guide
15211,kdn251/interviews
4778,kevana/ui-for-docker
563,kgryte/awesome-peer-to-peer
45,keijiro/NNAOTest
598,keystone-engine/keystone
17,kobykahane/NpEtw
4582,kitze/sizzy
466,kriasoft/babel-starter-kit
13125,kripken/emscripten
94,kevinongko/vue-numeric
97,kerryjiang/LogMaster4Net
27741,kubernetes/kubernetes
191,ktaranov/sqlserver-kit
27741,kubernetes/kubernetes
19725,kenwheeler/slick
72,kosenko/ui
34,keannan5390/Xamarin.Plugin.FAB
15702,kriasoft/react-starter-kit
27378,kamranahmedse/developer-roadmap
40,kvnol/front-end-handbook-2017
88,kvnol/aprenda-frontend
678,krasimir/webpack-library-starter
20830,karan/Projects
2153,k0shk0sh/FastHub
3700,kazzkiq/balloon.css
2399,kpdecker/jsdiff
2153,k0shk0sh/FastHub
8116,karpathy/convnetjs
43,keon/speed
931,kootenpv/neural_complete
183,keijiro/unity-dither4444
95,kleinee/jns
214,kaosat-dev/CoffeeSCad
70,kellyk/javascript-simon
1438,kakserpom/phpdaemon
2150,kbengine/kbengine
4321,kanaka/mal
188,ksvc/KSYMediaPlayer_iOS
136,kernelmachine/cargo-profiler
24,konstruktoid/ansible-role-hardening
2586,kaldi-asr/kaldi
700,kokke/tiny-AES-c
1023,kerryjiang/SuperSocket
1916,kbastani/spring-cloud-microservice-example
44,kcloze/multiprocess
223,kbengine/kbengine_unity3d_warring
1122,kenberkeley/react-demo
128,kisli/vmime
319,kriskowal/q-io
52,kexun/jdk_source_learning
8489,knockout/knockout
169,kaeyleo/jekyll-theme-H2O
35,ksco/SLua
16,kevinlin311tw/caffe-multilabel
15,karta0807913/caffe-yolo-9000
66,kenshinji/yddict
561,kaichunlin/android-transition
617,kingsic/SGQRCode
22,kevin-smets/android-chromium
2550,kissyteam/kissy
289,kh-kim/stock_market_reinforcement_learning
5163,koral--/android-gif-drawable
294,khalilbijjou/WAFNinja
896,knownsec/Pocsuite
30,kbdancer/smsweb
52,kokororin/typecho-plugin-Access
14,kovige/NetScan
45,kongnanlive/bubble-scroll
794,kongnanlive/SideBar
1010,kayalshri/tableExport.jquery.plugin
169,kanflo/opendps
263,koenbuyens/kalirouter
80,kd8bny/LiMEaide
396,kkHAIKE/fake115
118,kotakanbe/go-cve-dictionary
289,kriansa/openboleto
1636,koolshare/koolshare.github.io
39,klassm/andFHEM
17775,koajs/koa
557,kurtmckee/feedparser
302,knownsec/rtcp
275,kkdai/project52
870,kristovatlas/osx-config-check
7542,kailashahirwar/cheatsheets-ai
85,k0keoyo/Some-Kernel-Fuzzing-Paper
122,keijiro/unity-webview-integration
28,kernelzeroday/opparis
67,kitctf/writeups
588,kost/dvcs-ripper
251,kz26/PyExcelerate
17775,koajs/koa
163,krakenjs/post-robot
275,kkdai/project52
89,kongcup/ZMConfuse
2714,kubernetes/helm
1657,kennethreitz/maya
231,kanzure/pdfparanoia
399,kennethreitz/background
611,k3oni/pydash
347,krisfields/django-baker
8847,kevinzhow/PNChart
2243,kennethreitz/grequests
2416,keepassxreboot/keepassxc
5746,k4m4/movies-for-hackers
452,kgretzky/evilginx
2416,keepassxreboot/keepassxc
29,kbeflo/evilportals
375,kosborn/p2p-adb
26,karelorigin/XSS-Problems
1957,kennethreitz/awesome-coins
327,kevinburke/nacl
473,koajs/static
8905,kesenhoo/android-training-course-in-chinese
3195,kyleduo/SwitchButton
316,kgretzky/dcrawl
17775,koajs/koa
847,k4m4/kickthemout
15,kevoj/angular-editor-fabric-js
394,kongchen/swagger-maven-plugin
1410,keremciu/sketch-iconfont
130,keithito/tacotron
340,kamikat/tttfi
1540,koth/kcws
12,kira8565/elastic-grok-script-plugin
2464,kahopoon/Pokemon-Go-Controller
408,kiddyuchina/Beanbun
556,keenwon/antcolony
2221,keon/awesome-bits
4255,kelseyhightower/confd
162,kflorence/jquery-deserialize
16047,kahun/awesome-sysadmin
268,k4m4/onioff
27,khr0x40sh/metasploit-modules
307,kfei/docktorrent
2230,kholia/OSX-KVM
452,kgretzky/evilginx
2018,kennethreitz/setup.py
83,krakenjs/grumbler
7874,kataras/iris
13,kou/php-document-search
97,kati-frantz/Laravel-5.3-and-Vue-js-2.0-social-network
316,kr/pty
18,kasperwelbers/corpus-tools
758,kitetail/zttp
66,kylef-archive/podenv
3874,kbrsh/moon
8847,kevinzhow/PNChart
4960,kennethreitz/httpbin
1319,konpa/devicon
1115,kohsuke/winsw
61,kirei/fpdns
499,kovidgoyal/html5-parser
291,keystone-engine/keypatch
907,kaitai-io/kaitai_struct
13,kyechou/firmanal
272,kodie/npm-gif
132,kr1sp1n/node-vault
1484,kubernetes/dashboard
1275,kubernetes/charts
14,krwes/fit-php
38,kartik-v/yii2-widget-activeform
418,kaiye/kaiye.github.com
2000,kitasuke/PagingMenuController
260,kukumaluCN/JXT_iOS_Demos
1437,karpathy/arxiv-sanity-preserver
23,kefirski/contiguous-succotash
93,kefirski/pytorch_RVAE
3403,keepassx/keepassx
9009,koalaman/shellcheck
90,keithjjones/hostintel
1065,kayhayen/Nuitka
325,koajs/session
357,koopjs/koop
29,kimg-bo/kimgbo
3439,kshvmdn/fsql
2446,kishikawakatsumi/UICKeyChainStore
56,keijiro/KlakLasp
126,keijiro/Lasp
43,keijiro/KinoStreak
1148,kevinhughes27/TensorKart
2575,kamyu104/LeetCode
3551,kennethreitz/records
44,kongluoxing/celerybeatredis
124,kennethrapp/phasher
1965,kint-php/kint
179,kentcdodds/api-check
5794,kaushikgopal/RxJava-Android-Samples
5462,koush/ion
4423,kamranahmedse/git-standup
16,kirigayakazushin/DreamScene
14,kennel209/owasp-testing-guide-v4-gitbook
89,k3170makan/PyMLProjects
225,kevthehermit/VolUtility
309,kamranzafar/JCL
11,kui/executable-war-sample
4880,kennethreitz/pipenv
3490,kickstarter/rack-attack
684,knorrie/network-examples
942,kvhnuke/etherwallet
272,kodie/npm-gif
13,ksoichiro/gradle-console-reporter
426,kylef/JSONWebToken.swift
49,kbjr/node-cards
3466,kovidgoyal/calibre
9723,keen/dashboards
398,knownsec/RD_Checklist
9380,keon/algorithms
1207,krzysztofzablocki/LifetimeTracker
206,kfiroo/react-native-cached-image
1838,kaishin/Gifu
418,kaiye/kaiye.github.com
182,kLike/ZhiHu-RxSwift
2446,kishikawakatsumi/UICKeyChainStore
513,kfei/slack-cleaner
3681,karpathy/neuraltalk2
655,kennethreitz/delegator.py
9380,keon/algorithms
104,kubernetes/dns
237,kadtools/kad
59,kai5263499/osx-security-awesome
77,kenjiaiko/binarybook
38,kilink/ghdiff
395,krobertson/deb-s3
548,knadh/localStorageDB
4880,kennethreitz/pipenv
217,kennknowles/python-jsonpath-rw
5940,kimmobrunfeldt/progressbar.js
4880,kennethreitz/pipenv
1658,koding/kite
2440,kachayev/fn.py
253,kubernetes-incubator/service-catalog
1275,kubernetes/charts
1119,kairosdb/kairosdb
6631,kristoferjoseph/flexboxgrid
5940,kimmobrunfeldt/progressbar.js
742,kevinastone/django-api-rest-and-angular
52,kekyo/FSharp.Control.FusionTasks
4137,kr/beanstalkd
122,koajs/koa-hbs
382,kryptxy/torrench
161,katzer/cordova-plugin-printer
293,kenyee/angularjs-cart
3045,knightliao/disconf
45,kolide/osquery-go
431,kalessil/phpinspectionsea
626,kenwheeler/brogrammer-theme
3672,kennethreitz/autoenv
9380,keon/algorithms
2869,kootenpv/whereami
235,kks32/phd-thesis-template
83,kootenpv/gittyleaks
17,khai-tran/BurpJDSer
3592,kdzwinel/betwixt
26,krystalgamer/dec2struct
221,keenwon/jqPaginator
322,koto/xsschef
63,karek314/ethereum-mining-pool-php
4474,krzyzanowskim/CryptoSwift
5186,kickstarter/ios-oss
3914,karllhughes/side-project-marketing
83,karpathy/randomfun
338,klausw/hackerskeyboard
18,kudelskisecurity/cryptochallenge17
68,krmaxwell/tinfoleak
76,keithjjones/visualize_logs
5090,krisk/Fuse
804,katzgrau/KLogger
239,koush/vysor.io
365,killswitch-GUI/SimplyEmail
3322,kni-labs/rrssb
323,kenjis/ci-phpunit-test
12,kba/hocr-spec
6142,kelseyhightower/kubernetes-the-hard-way
93,k8sdb/cli
1380,ksimka/go-is-not-good
136,kelseyhightower/kubernetes-initializer-tutorial
57,kelseyhightower/kubernetes-envoy-sds
32,kubernetes/apiextensions-apiserver
143,kevthehermit/PasteHunter
66,krzysiekpiasecki/Gentelella
903,karlseguin/the-little-go-book
188,kamranahmedse/php-geocode
135,krakenjs/makara
91,kmkatsma/angular2-webpack-starter-gentelella
2635,keybase/client
758,keraf/NoCoin
159,kotobukki/BDA
3027,kartik-v/bootstrap-fileinput
62,klaubert/waf-fle
1225,keleshev/schema
622,kristjankorjus/Replicating-DeepMind
1300,kubernetes/contrib
43,kfcd/chaizi
102,koen301/myfocus
38,kimjuny/koa-react-universal
9723,keen/dashboards
1492,knq/chromedp
9380,keon/algorithms
1759,kevin-wayne/algs4
9068,karma-runner/karma
33,kost/mikrotik-npk
1720,kalcaddle/KodExplorer
110,k4m4/dymerge
277,kilimchoi/cryptocurrency
162,kana/vim-arpeggio
3102,kubernetes/kops
3551,kennethreitz/records
69,kzu/GitInfo
1986,kasketis/netfox
277,kilimchoi/cryptocurrency
435,kn007/silk-v3-decoder
120,ketn4391/android_silk_v3_decoder
16,kevinabrandon/AboveTustin
11144,keystonejs/keystone
4319,ksky521/nodeppt
130,kitecomp/kitekit
1000,kymjs/EmojiChat
762,kokoabim/iOSOpenDev
2635,keybase/client
9380,keon/algorithms
59,karolmajta/git-xd-hook
2635,keybase/client
124,kelseyhightower/istio-ingress-tutorial
20,kubernetes/ingress-gce
329,kubernetes-incubator/client-python
242,kubernetes/autoscaler
552,kz8s/tack
6142,kelseyhightower/kubernetes-the-hard-way
478,kivy/plyer
2477,keon/awesome-nlp
2381,kevinsawicki/http-request
216,kamalmostafa/minimodem
64,kaibozhou/ssh-auto-login-manage
411,kekeh/mydatepicker
12180,kilimchoi/engineering-blogs
55,kaola-fed/foxman
925,kolorobot/spring-mvc-quickstart-archetype
760,kaaproject/kaa
79,keera-studios/haskell-game-programming
68,kusti8/hue-plus
228,kaikramer/keystore-explorer
1168,kylef/Stencil
21,koppen/csv_query
258,klauscfhq/tusk
2218,kdchang/reactjs101
522,kisenka/svg-sprite-loader
1765,kakuilan/china_area_mysql
189,keijiro/FFmpegOut
4151,kivy/python-for-android
3102,kubernetes/kops
52,kelseyhightower/helloworld
1069,krzysztofzablocki/LineDrawing
83,krintoxi/NoobSec-Toolkit
183,kristate/krackinfo
81,keybase/go-keychain
83,krintoxi/NoobSec-Toolkit
183,kristate/krackinfo
530,kevthehermit/RATDecoders
96,kismetwireless/kismet
51,kinlane/csv-converter
1183,kubeless/kubeless
58,k55k32/you-draw-i-guess
211,kuychaco/algoClass
12,kujian/zanshang
185,koeninger/kafka-exactly-once
2362,keepfool/vue-tutorials
2025,kazupon/vue-validator
1486,kenberkeley/redux-simple-tutorial
1517,kbrsh/wing
2362,keepfool/vue-tutorials
46,khairul169/gdsqlite
1486,kenberkeley/redux-simple-tutorial
17,khoin/2048fm
25,kyle1106/OXUL103-Jailbreak
921,kriasoft/nodejs-api-starter
714,kriasoft/isomorphic-style-loader
3455,kolodny/exercises
266,kaorun343/vue-property-decorator
43,k2huang/blogpost
2139,krisleech/wisper
300,kannokanno/previm
16,kn9ts/start-to-grunt
1375,kylef/swiftenv
631,kobolog/gorb
51,kkdai/maglev
4101,kickstarter/android-oss
265,kingfengji/gcForest
4657,koush/AndroidAsync
5246,kjw0612/awesome-deep-vision
1507,kuz/DeepMind-Atari-Deep-Q-Learner
201,kentsommer/keras-inceptionV4
54,kevin70/springboot-vue-webpack-examples
553,kaz-Anova/StackNet
4172,kjw0612/awesome-rnn
5246,kjw0612/awesome-deep-vision
428,kaonashi-tyc/Rewrite
330,kuleshov/cs228-material
14226,knsv/mermaid
244,klutometis/roxygen
21,kateto/Network_Analysis_R_Examples
51,kbenoit/ITAUR
25,kmike/russian-tagsets
145,krasserm/machine-learning-notebooks
610,keeferrourke/la-capitaine-icon-theme
155,keeferrourke/capitaine-cursors
1948,karan/Projects-Solutions
323,khanamiryan/php-qrcode-detector-decoder
6759,karpathy/char-rnn
121,krambertech/spa-webinar
44,kwmsmith/fwrap
16,kichiki/WaoN
186,kuangliu/pytorch-cifar
61,krips89/opendetection
58,kassambara/factoextra
58,kassambara/factoextra
156,kuangliu/pytorch-retinanet
269,kmewhort/pointer_events_polyfill
540,karulis/pybluez
871,kenberkeley/vue-demo
137,kohpangwei/influence-release
1154,khan4019/front-end-Interview-Questions
637,kvh/ramp
25,kuangliu/pytorch-ssd
634,kpzhang93/MTCNN_face_detection_alignment
6537,kivy/kivy
14,kyleatmore/KyleFitnessPal
355,kevin28520/My-TensorFlow-tutorials
6106,kdeldycke/awesome-falsehood
214,kakoni/awesome-healthcare
34,kenstone/AngularTypeScriptDemoCode
1090,kyleduo/TinyPNG4Mac
288,kablaa/CTF-Workshop
17,keenerd/quickblob
261,kmagiera/babel-watch
42,kushaltirumala/trump-slackbot
130,kazunori279/TensorFlow-for-absolute-beginners
28,kmonsoor/data-must-watch
2610,kirang89/pycrumbs
1167,keplr-io/quiver
58,koteth/python_mcl
46,krystianity/keras-serving
48,ky0ncheng/drrr-like-chat
725,ksylvest/jquery-gridly
30,kuuurt13/ng-block-ui
23,kevin11h/YelpDatasetChallengeDataScienceAndMachineLearningUCSD
13,knowitall/yelp-dataset-challenge
18,kastnerkyle/net
18247,kamranahmedse/design-patterns-for-humans
11,kdemoya/barcamp-redux
1046,kippt/jekyll-incorporated
285,kevinohara80/nforce
494,kofigyan/StateProgressBar
595,kakajika/RelativePopupWindow
256,kieferk/dfply
378,kinneyyan/36krReader
64,kylemcdonald/openFrameworksDemos
275,keijiro/ShaderSketches
15,kendrickkay/knkutils
11,kendrickkay/GLMdenoise
1616,kevin-montrose/Jil
623,kevin-montrose/Sigil
52,kateto/R-Network-Visualization-Basics-to-Advanced
14,kenrett/frankly
218,kohn/HttpProxyMiddleware
34,k4rtik/latex-project-report-template
286,keystonejs/generator-keystone
151,kitconcept/webpack-starter-angular
127,karan/slack-news
17,kuhung/DateCastle
156,kirankaranth1/facebook-comment-spammer
86,kevinweil/hadoop-lzo
925,kerl/kerl
305,kamilfb/mqtt-spy
409,keijiro/Reaktion
229,keijiro/Prisma
743,karlstav/cava
991,kylemcdonald/ofxFaceTracker
304,kroger/pyknon
412,konklone/json
249,kevinxhuang/awesome-distributed-systems
208,kubernetes/features
1497,kubernetes/heapster
12,kris-nova/bashernetes
37,kubernetes/kube-aggregator
478,kubernetes-incubator/bootkube
328,kelseyhightower/kubernetes-cluster-federation
210,kelseyhightower/consul-on-kubernetes
322,kubernetes/kube-deploy
654,kubernetes-incubator/cri-o
518,kubernetes/client-go
66,kentcdodds/babel-plugin-codegen
29,kingsfleet/rest-metadata
848,kevinswiber/siren
773,kartik-v/bootstrap-star-rating
1913,kswedberg/jquery-smooth-scroll
57,kybarg/bootstrap-dropdown-hover
1347,kimchi-project/kimchi
77,kimchi-project/wok
40,kimchi-project/ginger
1320,krishnasrinivas/wetty
1273,kittykatattack/learningPixi
2307,kennymkchan/interview-questions-in-javascript
205,kilbot/WooCommerce-POS
8847,kangax/fabric.js
21,kbladin/Fluid_Simulation
36,kbladin/Voxel_Cone_Tracing
111,kevinjhanna/input-autocomplete
935,kasperisager/php-dockerized
275,krakenjs/xcomponent
1960,kennyledet/Algorithm-Implementations
226,kitschpatrol/Brain
111,kitschpatrol/BrainGrapher
801,kripken/speak.js
261,kn/speak.js
189,kgretzky/obfusion
246,karimnaaji/voxelizer
32,klcodanr/Jekyll-Disqus-Forum
229,keijiro/Prisma
1067,kostiakoval/WatchKit-Apps
5511,keeweb/keeweb
19,kurtraschke/tph
318,kjhealy/pandoc-templates
89,keijiro/CloudSkybox
59,kwotsin/transfer_learning_tutorial
538,klinker24/Android-DragDismissActivity
743,kenglxn/QRGen
3916,krschultz/android-proguard-snippets
75,klahaag/cf_tracking
24,kennylevinsen/gocnc
1913,kswedberg/jquery-smooth-scroll
128,kriasoft/angular-vs
78,karenpeng/motionEmotion
127,kizniche/Mycodo
339,kobolabs/Kobo-Reader
4497,kennethreitz/legit
3916,krschultz/android-proguard-snippets
105,kblin/ncbi-genome-download
46,kostyaev/smart_categorizer
33,kaansoral/adventureland
260,komar007/gh60
18247,kamranahmedse/design-patterns-for-humans
5348,k4m4/terminals-are-sexy
119,kria/TfsNotificationRelay
320,keithwhor/audiosynth
160,kristof/sketch-i18n
2657,kylestetz/CLNDR
13,keijiro/CodameScans
136,kaz-Anova/ensemble_amazon
611,kjw0612/awesome-random-forest
245,kitesurfer1404/WS2812FX
59,kong36088/BaiduImageSpider
165,kfichter/OpenATC
24,kuflex/KuStudio
24,krisajenkins/ob-browser
1043,koekeishiya/chunkwm
35,kostafey/ejc-sql
3275,koreader/koreader
18,komrad36/CLATCH
46,keijiro/DepthInverseProjection
86,kronihias/ambix
3493,kyleneideck/BackgroundMusic
1539,kolodny/immutability-helper
614,krakjoe/apcu
318,koajs/compose
1163,kohler/gifsicle
19,kentonv/home-container
36,karimnaaji/live-glsl
12,keijiro/MinimumAudioPlugin
3974,kelektiv/node-cron
438,krisk/fuse-swift
193,kergoth/tslib
37,keijiro/unity-midi-bridge
306,kloon/WooCommerce-REST-API-Client-Library
15,kloon/WooCommerce-Sublime-Text-2-Auto-Completion
14,kronihias/pix_freenect
87,kentsommer/tensorflow-posenet
1200,kasper/phoenix
389,kosmos/awesome-generative-art
304,kroger/pyknon
500,kvalle/diy-lang
163,kashyap32/AI-resources
3243,kishikawakatsumi/KeychainAccess
28,kiliankoe/apodidae
2655,krzysztofzablocki/Sourcery
2381,kean/Nuke
98,kukumaluCN/JXTAlertManager
1047,krasimir/navigo
784,kevingibbon/KGStatusBar
261,krispo/ng2-nvd3
26,keithadavidson/ansible-mezzanine
497,kushaldas/pym
4658,krasimir/react-in-patterns
105,kwanchangnim/Jello-Physics
414,kayakhttp/kayak
101,kwonganding/winform.controls
205,kilbot/WooCommerce-POS
3916,krschultz/android-proguard-snippets
58,kevalpatel2106/android-samples
135,kirtan403/K4Kotlin
187,kevalpatel2106/EmoticonGIFKeyboard
40,kartikarora/Potato-Library
25,krokers/exchange-rates-mvvm
1853,konmik/nucleus
56,kristiyanP/colorpicker
718,klei/gulp-inject
221,kizitonwose/colorpreference
497,kushaldas/pym
3361,k9mail/k-9
187,kevalpatel2106/EmoticonGIFKeyboard
1236,krausest/js-framework-benchmark
52,kateto/R-Network-Visualization-Basics-to-Advanced
951,kevin1024/vcrpy
18247,kamranahmedse/design-patterns-for-humans
259,kreait/firebase-php
177,kysely/framer-modules
18247,kamranahmedse/design-patterns-for-humans
2645,kennethreitz/tablib
215,kayzhu/LSHash
112,kevindeasis/awesome-fullstack
548,kgabis/parson
11,kandluis/crime-prediction
328,kzwang/elasticsearch-image
249,kencochrane/django-defender
40,keunwoochoi/dl4mir
142,keunwoochoi/kapre
37,keunwoochoi/keras_STFT_layer
55,keunwoochoi/transfer_learning_music
556,kelvinxu/arctic-captions
20,kkshyu/palm-read
40,kvfrans/parallel-trpo
731,keybase/kbfs
1040,killme2008/Metamorphosis
60,keon/pytorch-exercises
306,kevinlin311tw/caffe-cvprw15
406,karthikncode/nlp-datasets
163,kynan/nbstripout
951,kevin1024/vcrpy
18247,kamranahmedse/design-patterns-for-humans
381,kronusme/dota2-api
205,kr15h/ofxPiMapper
69,kenshohara/3D-ResNets-PyTorch
40,keunwoochoi/dl4mir
142,keunwoochoi/kapre
37,keunwoochoi/keras_STFT_layer
448,karpathy/paper-notes
42,kwotsin/TensorFlow-Xception
17,kuhung/DateCastle
280,kamyu104/LintCode
298,khanrc/tf.gans-comparison
91,kodalinaveen3/DRAGAN
310,kaliber5/ember-bootstrap
187,krasserm/streamz
131,karthik/rdrop2
34,kimhc6028/pathnet-pytorch
59,kwotsin/transfer_learning_tutorial
49,kolorobot/openshift-diy-spring-boot-sample
15,kiegroup/jbpmmigration
37,kud/my
23,kripod/PoloniexApi.Net
2194,kba7/trugithub
1040,killme2008/Metamorphosis
135,kosamari/sbn
132,kolorobot/angular2-typescript-gulp
87,kinetiq/Ether.Outcomes
128,kriasoft/angular-vs
348,keybase/kbpgp
425,krambertech/react-essential-course
102,kylemcdonald/SmileCNN
422,keplr-io/hera
259,kubernetes/kubernetes.github.io
56,k1LoW/emacs-ansible
369,kkos/oniguruma
662,kiwenlau/hadoop-cluster-docker
86,konradjk/exac_browser
1241,kosua20/herebedragons
56,kbsriram/mcpiapi
36,kbrsh/sold
11,ken107/read-aloud
320,knewter/time-tracker
312,kylestetz/lissajous
20,kobalicek/cc_detect
263,kanster/awesome-slam
769,karthick18/inception
220,kentcdodds/react-toggled
140,kootenpv/TwitterQA
117,kadena-io/pact
41,karissa/dat-server
232,kartograph/kartograph.org
205,kr15h/ofxPiMapper
53,koggdal/scroll-converter
190,kevincennis/TinyMusic
581,koalalorenzo/python-digitalocean
824,kanflo/aaduino
14,kuona/kuona
1792,kombai/freewall
1201,kennethreitz/samplemod
3822,kripken/sql.js
328,kelseyhightower/kubernetes-cluster-federation
17,kennethlimcp/particle-examples
731,keybase/kbfs
36,kosamari/who-pays-tech-speakers
433,kovacsv/JSModeler
305,kamilfb/mqtt-spy
3822,kripken/sql.js
1051,kliment/Printrun
991,kylemcdonald/ofxFaceTracker
915,kakajika/FragmentAnimations
39,kmrifat/StoreKeeper
89,kinvolk/kube-spawn
78,klippx/operator-mono-atom
179,kenwheeler/reactive2015
521,kelvinh/org-page
27,krhoyt/Arduino
85,konrad-garus/cljs-kickoff
769,keithamus/npm-scripts-example
295,kemie/Style-Guide-Boilerplate-Bootstrap-Edition
289,kfrlib/kfr
14,kinoraw/kinoraw_tools
71,k0a1a/hotglue2
685,kactus-io/kactus
243,keon/deep-q-learning
4906,koenbok/Framer
24,khayrov/khayrov.github.com
1867,kemalcr/kemal
2369,kumailht/gridforms
65,kishikawakatsumi/RealmTypeSafeQuery
107,kensho-technologies/orama
230,kvalo/ath10k-firmware
277,keeganstreet/specificity
128,kriasoft/angular-vs
115,kennetpostigo/react-reach
1200,kasper/phoenix
557,kciter/Floaty
465,karalabe/xgo
16,kvark/webgpu-servo
1432,krasimir/deb.js
34,kentonl/ran
298,khanrc/tf.gans-comparison
13,kkomelin/insecres
74,kylemacfarlane/django-cb-storage-s3
275,krevis/MIDIApps
47,kvakvs/ErlangRT
4436,krakenjs/kraken-js
19,kentonv/home-container
50,kumarkrishna/paper-spray
12,knoopx/poloniex-watch-app
188,kennethreitz/crayons
187,kennethreitz/coinbin.org
4497,kennethreitz/legit
3681,kiwi-bdd/Kiwi
1241,kosua20/herebedragons
95,kdawgwilk/Autobahn
20,k-o-d-e-n/CGLayout
78,kingandyoga/StyleTransfer-iOS
83,kuah/SCAdView
3681,kiwi-bdd/Kiwi
61,kevmdev/PitchDetectorExample
1859,krzysztofzablocki/Bootstrap
2340,krzysztofzablocki/Playgrounds
1696,kpwn/yalu102
3026,kelektiv/node.bcrypt.js
52,karan/slashgif
562,kitze/custom-react-scripts
62,kmalakoff/background
225,kahanu/System.Linq.Dynamic
311,kerryjiang/SuperWebSocket
811,kriasoft/aspnet-starter-kit
71,khaledhosny/ots
874,kikito/middleclass
53,kidinov/Just-Weather
180,kgiszewski/LearnUmbraco7
48,kuyawa/AppIcons
129,kirilkirkov/Shopping-Cart-Solution-CodeIgniter
1119,kittinunf/Fuel
519,kotlintest/kotlintest
1442,keyboardsurfer/idea-live-templates
1119,kittinunf/Fuel
1611,klinker24/Talon-for-Twitter
221,klinker24/Android-FloatingTutorialActivity
518,kubernetes/client-go
2655,krzysztofzablocki/Sourcery
5511,keeweb/keeweb
221,klinker24/Android-FloatingTutorialActivity
1077,karlseguin/the-little-redis-book
497,kushaldas/pym
497,kushaldas/pym
398,kimberli/interviews
4468,keithwhor/nodal
61,k1r0s/kaop-ts
339,kulshekhar/ts-jest
253,klokantech/tileserver-php
280,kamyu104/LintCode
736,kris-nova/kubicorn
1867,kemalcr/kemal
37,keystonejs/grappling-hook
1062,keajs/kea
1661,katzer/cordova-plugin-local-notifications
22,ktec-hq/ErgoDone
56,kairyu/tkg
111,kairyu/tmk_keyboard_custom
19,kennethreitz/blindspin
22,krlmlr/brushthat
114,klmr/modules
54,kopischke/vim-stay
86,kbroman/Tools4RR
33,konkor/cpufreq
28,konkor/obmin
497,kushaldas/pym
17,kuleshov/cs228-notes
216,kimasendorf/ASDFPixelSort
106,kapilratnani/JSON-Viewer
412,konklone/json
14,kMeillet/create-react-redux-native-app
462,kuzzleio/kuzzle
14,kittenswolf/WikiTextBot
406,karthikncode/nlp-datasets
202,kittinunf/Result
313,karan/TPB
32,kinni/fb-bot-framework
1809,kbrsh/wade
14,ktisha/TheRPlugin
137,kuri65536/sl4a
117,kittykatattack/sound.js
27,kupe517/sketch-split-shape
395,kamilkp/angular-sortable-view
69,kdietrich/gridstack-angular
23,khromov/sitemap-cache-warmer
406,karthikncode/nlp-datasets
19,knowname/morituri
2935,kikoso/android-stackblur
497,kushaldas/pym
731,keybase/kbfs
43,keybase/proofs
348,keybase/kbpgp
2645,kennethreitz/tablib
30,kskk02/Fraud_Detector
94,karpathy/Random-Forest-Matlab
306,kevinlin311tw/caffe-cvprw15
58,kibotu/KalmanRx
204,kracwarlock/action-recognition-visual-attention
204,kracwarlock/action-recognition-visual-attention
328,knowitall/openie
244,kba/awesome-ocr
109,kevincobain2000/sentiment_classifier
163,kashyap32/AI-resources
46,kostyaev/smart_categorizer
40,kevinjliang/tf-Faster-RCNN
47,kentonl/e2e-coref
731,keybase/kbfs
157,ksassnowski/laravel-shareable-models
243,keon/deep-q-learning
11,keijiro/MotionBlurTest
52,kubeup/kube-aliyun
125,kubeup/archon
174,kubernetes/examples
880,kripken/BananaBread
27,kevinzakka/spatial-transformer-network
1253,kennethreitz/flask-sockets
845,kanwangzjm/funiture
33,kingaa/pomp
43,kalpishs/SMAI-stock-prediction
35,karthikmswamy/RecSys
35,kenjihata/cs231a-notes
288,knowthen/elm
1201,kennethreitz/samplemod
56,kkroening/ffmpeg-python
368,kristopherjohnson/Markingbird
65,ksprojects/zkcopy
1201,kennethreitz/samplemod
64,kitech/wxagent
158,kafan15536900/ADfree-Player-Offline
46,kuscsik/chromiumembedded
12,kingname/TeamFlowy
69,kenshohara/3D-ResNets-PyTorch
36,kenshohara/3D-ResNets
22,kscottz/PyBay2017
556,kelvinxu/arctic-captions
20,kkshyu/palm-read
249,kevinxhuang/awesome-distributed-systems
1320,krishnasrinivas/wetty
160,kevinhughes27/mupen64plus-input-bot
306,kevinlin311tw/caffe-cvprw15
110,kylemcdonald/Parametric-t-SNE
292,killme2008/aviator
1080,kindsoft/kindeditor
1123,kiegroup/drools
85,kartoza/docker-postgis
101,kassambara/ggpubr
114,klmr/modules
17,kwstat/lucid
109,kevincobain2000/sentiment_classifier
39,kirigayakazushin/deepin-topbar
736,kris-nova/kubicorn
174,kubernetes/examples
11,kiamazi/mira
1540,krallin/tini
77,knalli/angular-vertxbus
79,karpathy/researchpooler
197,kachayev/talks
11,kingfengji/DeepMIML
611,kjw0612/awesome-random-forest
14,kimquy/nhaccuatui_cli
1131,kovidgoyal/kitty
41,khamer/base16-termite
13,k0pernicus/zou
139,kevinzakka/research-paper-notes
220,kentcdodds/testing-workshop
84,kedgeproject/kedge
34,kubernetes-incubator/kube-arbitrator
579,kiwanami/emacs-calfw
892,kamon-io/Kamon
432,kzahel/web-server-chrome
387,kriszyp/json-schema
5511,keeweb/keeweb
79,kelexel/rstream
1750,kentcdodds/cross-env
2938,kriasoft/react-static-boilerplate
2485,katspaugh/wavesurfer.js
45,kumavis/node-blockly-js-editor
120,ksindi/flask-sqlacodegen
112,kennethshackleton/SKPokerEval
1273,kittykatattack/learningPixi
3389,koekeishiya/kwm
45,komoot/staticmap
328,kzwang/elasticsearch-image
12,kayaklee/libhalog
775,khizmax/libcds
14,kronkltd/jiksnu
45,kieranbrowne/clojure-tensorflow
395,kvspb/nginx-auth-ldap
148,krb5/krb5
162,kristapsdz/acme-client
27,kevinzakka/spatial-transformer-network
187,kvfrans/deepcolor
99,kekeh/mydaterangepicker
514,kamranahmedse/jquery-toast-plugin
260,krakjoe/ui
2657,kylestetz/CLNDR
406,koppen/redmine_github_hook
3822,kripken/sql.js
469,klen/muffin
53,karan/x-meme
8847,kangax/fabric.js
144,kundan2510/pixelCNN
11,kikoruiz/react-course
4906,koenbok/Framer
428,kenfox/gc-viz
48,koalazak/rest980
76,kentcdodds/glamorous-website
369,koajs/koa.io
121,khrome/ascii-art
14,kuberstack/kubernetes-rabbitmq-autocluster
200,kiliman/operator-mono-lig
2194,kba7/trugithub
2269,koajs/examples
183,kubernetes-digitalocean-terraform/kubernetes-digitalocean-terraform
102,krimple/angular-socketio-chat
25,kjartanvalur/angular-kendo-window
331,kashif/node-cuda
775,kevinlawler/kona
281,katzer/cordova-plugin-email-composer
19,kontur/fontsampler-wordpress-plugin
249,kencochrane/django-defender
3026,kelektiv/node.bcrypt.js
22,kemalcr/kemal-session
101,kelseyhightower/standalone-kubelet-tutorial
560,kennethwang14/TypographyHandbook
681,kalliope-project/kalliope
368,kwhitley/apicache
81,kciter/react-barcode
2926,kanboard/kanboard
15,kanboard/python-api-client
313,kbsali/php-redmine-api
52,kaola-fed/blog
89,kphillpotts/XamarinFormsLayoutChallenges
809,kahlan/kahlan
239,kenmoore/sketch-relabel-button
125,kevva/url-regex
141,kellyselden/ember-awesome-macros
68,kaihenzler/angular-minicolors
542,krzysztofzablocki/crafter
4029,kristopolous/BOOTSTRA.386
2892,kvz/locutus
1719,kubernetes/kompose
71,kadoshms/ionic2-autocomplete
115,kalvn/Shaarli-Material
262,kpu/kenlm
187,kennethreitz/coinbin.org
292,killme2008/aviator
61,kosamari/color-mixer
1025,kadirahq/mantra
145,kysonic/riot-mui
86,kwent/aws-launcher
518,kubernetes-incubator/kube-aws
52,kframework/evm-semantics
872,kubernetes/community
20,kracejic/cleanCppProject
54,kanjialive/data-media
3361,k9mail/k-9
22,k2kobayashi/sprocket
36,karimnaaji/live-glsl
207,kimber-chen/Tensorflow-for-stock-prediction
5511,keeweb/keeweb
87,kentsommer/tensorflow-posenet
24,kidscancode/gamedev
4825,kelektiv/node-uuid
865,koomai/phpstorm-laravel-live-templates
1597,kazupon/vue-i18n
1236,krausest/js-framework-benchmark
455,kubermesh/kubermesh
1280,krakenjs/lusca
5511,keeweb/keeweb
718,klei/gulp-inject
880,kripken/BananaBread
1261,kjur/jsrsasign
1614,keycloak/keycloak
78,kentaylor/WiFiManager
368,kwhitley/apicache
447,karol-f/vue-custom-element
4658,krasimir/react-in-patterns
414,klauscfhq/hyper-pokemon
4658,krasimir/react-in-patterns
685,kactus-io/kactus
64,keathmilligan/angular2-d3-v4
128,kshvakov/clickhouse
89,kayla-tech/react-native-privacy-snapshot
1280,krakenjs/lusca
44,kasperisager/vanilla-api
16,kvark/webgpu-servo
731,keybase/kbfs
15,kshvmdn/rsms
504,kpwn/iOSRE
2655,krzysztofzablocki/Sourcery
12,kangtian/My-capsule
35,kentcdodds/react-github-profile
43,khzaw/awesome-myanmar-unicode
311,kerryjiang/SuperWebSocket
40,kode54/dumb
3361,k9mail/k-9
874,kaedea/android-dynamical-loading
3916,krschultz/android-proguard-snippets
112,kyper-data/python-highcharts
549,klinker41/android-chips
19,kemaswill/Allen_AI_Science_Challenge_JunweiPan
41,karissa/dat-server
951,kevin1024/vcrpy
30,kejbaly2/metrique
420,kdelemme/blogjs
698,kiegroup/jbpm
731,keybase/kbfs
260,krakjoe/ui
350,kbsecret/kbsecret
108,kz26/mailproxy
2938,kriasoft/react-static-boilerplate
1544,kabukky/journey
11,kuahyeow/git-workshop
1442,keyboardsurfer/idea-live-templates
983,keitaoouchi/MarkdownView
73,kelvinguu/neural-editor
455,kubermesh/kubermesh
575,kogmbh/WebODF
662,kiwenlau/hadoop-cluster-docker
979,k4rthik/git-cal
2645,kennethreitz/tablib
77,kbroman/OpenVisConf2017Slides
35,klauscfhq/ao
23,kafendt/List-of-SLAM-VO-algorithms
650,kbastani/spring-cloud-event-sourcing-example
220,kraaas/webpack-tutorial-collection
845,kanwangzjm/funiture
2645,kennethreitz/tablib
262,kpu/kenlm
11,kkdai/paxos
1500,konvajs/konva
595,kentcdodds/nps
535,kucherenko/jscpd
599,klauspost/reedsolomon
17,krisajenkins/ob-translate
62,kirill-grouchnikov/flamingo
61,keithamus/sort-package-json
28,krunkosaurus/bettertouchtool-crypto
276,kmagiera/react-native-gesture-handler
78,kost/docker-alpine
356,klen/py-frameworks-bench
1144,kadirahq/lokka
348,kentcdodds/genie
536,kjempelodott/rickify
1449,kylefox/jquery-modal
198,koddr/goodshare.js
146,kevinbeaty/any-promise
368,kristopherjohnson/Markingbird
1984,kishikawakatsumi/SpreadsheetView
61,k1r0s/kaop-ts
38,kragniz/omochabako
25,kellino/microML
52,krzysu/reactjs-shopping-cart
22,ksjogo/emacs-libgit2
230,karma-runner/karma-chrome-launcher
29,keijiro/MidiAnimImporter
111,kjam/python-web-scraping-tutorial
14,kossnocorp/defile
217,kossnocorp/decss
1236,krausest/js-framework-benchmark
86,kirbs-/edX-Learning-From-Data-Solutions
875,kootenpv/yagmail
203,kennygrant/sanitize
226,kubernetes-incubator/external-storage
1860,kumailht/flakes
42,kashifrazzaqui/vyked
26,kellertuer/Kartei
364,kragniz/anyprint
131,kuoruan/luci-app-kcptun
1221,kragniz/json-sempai
78,kirankoduru/arachne
431,klen/mixer
44,kballard/go-shellquote
11,khosrow/lvsm
62,keedio/flume-ng-sql-source
11,kevinsawicki/github-api-examples
364,kyamagu/mexopencv
69,knightjun/Google-ML-Recipes-Chs-sub-and-code
410,krescruz/angular-materialize
13,knowitall/chunkedextractor
62,kleientertainment/ds_mod_tools
311,kennethreitz/pip-pop
167,kevinhendricks/KindleUnpack
80,karthikj1/Hadoop-2.7.1-Windows-64-binaries
21,krisgeus/graphs
15,kemaleren/bwt
78,kestasjk/webDiplomacy
11,kalaninja/go2linq
21,khpeek/funda-scraper
69,knightjun/Google-ML-Recipes-Chs-sub-and-code
26,kakao/hbase-tools
188,kazuhisya/nodejs-rpm
25,keiraqz/anomaly-detection
118,kirbs-/hide_code
34,kmyk/libproofofwork
423,kelda/kelda
507,knipknap/SpiffWorkflow
33,katbailey/factorizer
348,knowitall/reverb
624,kaleko/CourseraML
712,kivy/pyjnius
31,kkltmoyu/NightPost
15,kingofhawks/stocktrace
248,kduske/TrenchBroom
12,knommon/resume
28,kaos/wireshark-plugins
47,klb3713/aoapc-book
95,kookxiang/Tieba_Sign-Go
2372,kciter/qart.js
187,keon/deepstock
231,kennethjiang/Teleport-NSLog
21,kartik-v/yii2-widget-switchinput
59,krishnakumarsekar/awesome-quantum-machine-learning
557,kw-udon/constexpr-8cc
441,kirel/detexify-hs-backend
412,kirel/detexify
39,karolmajek/darknet
760,kamilkp/angular-vs-repeat
49,k8sp/k8s-tensorflow
8146,ksoichiro/Android-ObservableScrollView
430,klout/brickhouse
69,kevin70/hotpot-admin
224,kfix/ddcctl
21,kig/scribble
171,keshiim/ZMJImageEditor
379,kcat/openal-soft
97,kbastani/neo4j-mazerunner
466,kimhc6028/relational-networks
27,kelvinguu/lang2program
1023,kardianos/service
32,klando/pgfincore
78,kestasjk/webDiplomacy
122,kvh/recurrent
790,keybase/keybase-issues
43,kstaats/karoo_gp
20,ksvanhorn/ART-Forum-2017-Stan-Tutorial
37,kevindewalt/ai-notebooks
348,knowitall/reverb
18,kweiwen/benjolin
51,k06a/UIImage-DecompressAndMap
13,krishnakumarsekar/awesome-machine-learning-deep-learning-mathematics
29,k3a/AssistantExtensions
54,krasserm/grails-jaxrs
1875,kraih/mojo
5852,kien/ctrlp.vim
298,koczkatamas/CVE-2016-0051
982,kahing/goofys
288,kristjankorjus/applied-deep-learning-resources
2144,kylemanna/docker-openvpn
80,kassambara/survminer
13,kamyu104/GoogleCodeJam-2017
549,klb3713/sentence2vec
57,keveman/tensorflow-tutorial
26,kimiyoung/transfer
18,ktsujino/Neural_Conversation_Models
220,kolyvan/kxsmb
184,kjkjava/garmin-connect-export
25,kopa/RunnersField
134,kbastani/event-stream-processing-microservices
2246,kylemcdonald/FreeWifi
57,kudkudak/word-embeddings-benchmarks
492,kellydunn/golang-geo
482,karpathy/svmjs
17,koalaGreener/Character-level-Convolutional-Network-for-Text-Classification-Applied-to-Chinese-Corpus
47,kragniz/cookiecutter-pypackage-minimal
1262,krispo/angular-nvd3
845,koush/electron-chrome
37,keepkey/keepkey-firmware
48,kosme/arduinoFFT
18,kylegach/kylegach_com
69,koolproxy/koolproxy_rules
499,komoot/photon
19,konstantint/eid-webauth-samples
13,kerschke/flacco
13,kranthisai/Itemcf
13,koffienl/ESPimaticRF
14,karthikmswamy/TF_Intro_Notebooks
45,kbembedded/EM4100_Cloner
18,ktbs/ktbs
563,kdzwinel/SnappySnippet
73,kevincobain2000/jProcessing
30,karthikb351/AutoCaptcha-for-VITacademics
960,kentya6/KYCircularProgress
151,k0sukey/TiPlatformConnect
257,kaishengtai/torch-ntm
555,karthik/wesanderson
89,knok/rcnn-text-classification
41,knome/metabrainfuck
137,k-code/stm32f4-examples
392,kliment/Sprinter
139,kaltura/server
180,kensho-technologies/graphql-compiler
241,kriswiner/MPU6050
62,kevinzakka/style-transfer
12,kenkoooo/AtCoderProblems
550,kivy/kivy-designer
165,kwonalbert/riffle
30,klusta-team/klustakwik
196,kvesteri/sqlalchemy-continuum
55,kingster/Way2SMS-API
674,kazuhikoarase/qrcode-generator
948,kraken-php/framework
14,klutch/Box2DFluid
142,keijiro/RippleEffect
88,kylpo/react-playbook
90,kogecoo/dl4j-examples-scala
129,krisjin/semantic
72,kierank/broadcastencoder
15,k-kawakami/embedding-evaluation
444,kikito/inspect.lua
792,kottenator/jquery-circle-progress
110,knipknap/Gelatin
36,ketranm/neuralHMM
17,kbroman/kbroman.github.io
64,karoldvl/ESC-50
24,karoldvl/ESC-10
147,kylemcdonald/ml-notebook
191,krasnoukhov/helloworldquiz
11,kentcdodds/twitter-spam-autoblocker
179,kuza55/keras-extras
113,killswitch-GUI/CobaltStrike-ToolKit
109,killswitch-GUI/PenTesting-Scripts
12,kdchang/javascript101-lite
324,kevinohashi/WordPressVPS
565,kendricktan/non-overwhelming-machine-learning
18,kensun0/Face-Detecion-with-the-Faster-R-CNN-R-FCN
25,kroger/humdrum
89,kvfrans/generative-adversial
613,kaedea/android-tagview
17,khairul169/3rdperson-godot
47,kkosuge/slack-like-twitter-client
857,kilim/kilim
332,keunwoochoi/music-auto_tagging-keras
51,kvfrans/feature-visualization
569,karpathy/ulogme
169,kvfrans/variational-autoencoder
55,kayac/go-katsubushi
73,kevincobain2000/jProcessing
342,kohler/click
127,khloke/play-to-xbmc-chrome
662,kaonashi-tyc/zi2zi
18,kvfrans/cs224-solutions
59,karlhigley/spark-neighbors
46,keshav57/ioi-training
586,kazuho/picojson
11,kyu-sz/WPAL-network
33,kswchoo/korailmacro
53,korobool/nlp4go
1012,kamalgill/flask-appengine-template
555,karthik/wesanderson
532,kmike/pymorphy2
105,kevinlin311tw/cvpr16-deepbit
81,kolesman/SEC
555,karthik/wesanderson
513,kwsch/PKHeX
26,konstantin-kelemen/arduino-amiibo-tools
257,kaishengtai/torch-ntm
418,kelseyhightower/konfd
555,karthik/wesanderson
22,kelvins/Municipios-Brasileiros
82,kneath/kneath.github.com
11,kaz-Anova/py_ml_utils
2131,kaishengtai/neuralart
26,kgallspark/Dexter
288,kategory/kategory
456,kungfoo/geohash-java
154,kelseyhightower/nomad-on-kubernetes
659,karmi/elasticsearch-paramedic
175,karpathy/karpathy.github.io
23,klaude/foaas-php
36,keon/keras-text-classification
29,kunglab/branchynet
24,knoldus/real-time-stream-processing-engine
12,kayashaolu/webarch
1405,kikoso/Swipeable-Cards
65,kifi/franz
12,ksanchezcld/CISSP-CEH
2097,kennethreitz/envoy
133,kingsic/SGAdvertScrollView
103,kbdancer/TPLINKKEY
284,k1995/BaiduyunSpider
90,kaochenlong/learn-ruby-on-rails
34,kiwi-face/KiwiFaceSDK_Demo_iOS
685,kevinzhow/Waver
98,kedebug/yohub
75,kristian/system-hook
365,keepwn/Altman
12,ksanchezcld/Hacking_Cheat_Sheet
158,keijiro/KvantWall
22,kenspirit/javascript-study-group
45,kunkun12/cssshow
31,kucukkanat/LocalDB
42,koding/kdlearn
24,kuoruan/shadowsocksr-csharp
15,kongtianyi/heartsong
6764,kaminari/kaminari
187,kcloze/swoole-jobs
32,kniren/dotfiles
1531,kissjs/node-mongoskin
45,kevsersrca/2016LYKAgGuvenligiveSizmaTestleri
55,koolshare/shadowsocksr
481,kaltura/nginx-vod-module
48,konohiroaki/java8-code-kata
96,kphcdr/ppphp
249,kingcons/coleslaw
19,kurrik/oauth1a
44,kliuj/react-ele-webapp
412,kadena-io/juno
81,kazu-yamamoto/recursion-drill
221,kjk/fofou
186,kjk/blog
35,kshipeng/SPUncaughtExceptionHandler
2649,krakjoe/pthreads
22,keepfool/keepfool.github.io
576,kittencup/angular2-learning-cn
127,klauscfhq/hyper-star-wars
2385,kattrali/cocoapods-xcode-plugin
576,kittencup/angular2-learning-cn
59,katzarsky/WebSocket
19,ksahin/introWebScraping
128,kaorun343/vue-youtube-embed
805,kirjs/react-highcharts
36,kolja/Instant-Rocket-Fuel
324,kqr/gists
28,kori/visage
22,kopri-nb/dotfiles
23,k3oni/plugin.video.world.news.live
13,keyserfaty/pricy
190,kemayo/sublime-text-2-clipboard-history
114,koenk/whatspoke
329,kward/shunit2
35,kobe1941/shell
740,keystonejs/keystone-demo
58,kingcos/Swift-3-Design-Patterns
524,keathley/wallaby
400,kennethreitz/flask-sslify
2310,keycastr/keycastr
23,keakon/Doodle
1358,kennethreitz/inbox.py
17,killinux/mysocket
708,kangzubin/XMNetworking
290,kaunteya/ProgressKit
585,kawoou/FlexibleImage
691,kimziv/PinYin4Objc
15,kaisayoung/GoodsDetailDemo
416,ksvc/KSYLive_iOS
204,kazuhiro4949/PagingKit
204,kazuhiro4949/PagingKit
468,kompasim/atom-plugins
741,klange/nyancat
265,kingsic/SGPagingView
143,kevinlin311tw/Caffe-DeepBinaryCode
985,kogmbh/ViewerJS
225,keplerproject/luasql
429,kosmtik/kosmtik
3004,kennethcachia/background-check
544,killme2008/xmemcached
382,kaitoy/pcap4j
17,kost/docker-moloch
99,kongjian/tsar
99,kongjian/tsar
343,kstyrc/embedded-redis
450,karafka/karafka
94,kongzhidea/pay
55,kritzikratzi/edsdk4j
95,knightliao/common-utils
61,ksfzhaohui/shadowsocks-netty
227,kucharzyk/spring-angular2-starter
576,khaledmtaha/XAnimatedImage
310,kayahr/jquery-fullscreen-plugin
195,kucharzyk/vuejs-java-starter
1201,kaku2015/ColorfulNews
166,klarna/brod
36,kataras/httpcache
18,kinvolk/habitat-operator
831,kenjis/php-framework-benchmark
116,kimh/clojure-by-example
184,krasserm/akka-persistence-kafka
11,k0kubun/go-ansi
123,kobo/gaiden
26,keepyounger/Json2Property
594,ktoso/maven-git-commit-id-plugin
429,kareman/SwiftShell
67,knightliao/CanalX
206,kt3k/coveralls-gradle-plugin
28,kuailemy123/Ansible-roles
213,kenjis/codeigniter-composer-installer
47,kaenry/spring-boot-magneto
188,kakawait/uaa-behind-zuul-sample
48,kevinseim/beanio
15,kuangye098/rocketmq
50,komamitsu/fluency
12,kijiproject/kiji-mapreduce
152,kelemen/netbeans-gradle-project
23,kostaskougios/scalascriptengine
72,kongzhongfinance/mrpc
30,kynd/photoshopScripts
626,kodeine/laravel-acl
12,kampka/yconf
146,kelyvin/caffeine-theme
367,kubernetes/kubernetes-anywhere
640,ko1/pretty_backtrace
15,keedio/flume-taildirectory-source
20,kiora1120/flume-ng-extension
41,k-water/vue-music
39,k55k32/cms-front
22,konsolas/AAC-Issues
119,klmr/cpp11-range
192,kostaskougios/cloning
142,kbroman/RStudioConf2017Slides
4289,ksuther/KSImageNamed-Xcode
32,keyv/iOSUnityVuforiaGuide
531,kamranahmedse/githunt
651,knutin/elli
45,kodera2t/ESP32_OLED_webradio
11,kodera2t/ESP32_OLED_LAN8720_sample
1152,komarserjio/notejam
19,krams915/spring-batch-tutorial
91,kimiyoung/planetoid
66,kontera-technologies/nutcracker-web
256,kumarshantanu/lein-exec
33,k3oni/pydash-django-app
69,kurin/py-raft
19,kciray8/codepaster
96,krvss/django-social-auth
11,k-labs/docker-forgetproxy
21,knutwalker/play-bigpipe-with-rxjava-hystrix
76,kraih/mango
102,kubernetes/release
766,kohsuke/jenkins
22,kolorobot/spring-mvc-beanvalidation11-demo
281,killme2008/node-zk-browser
58,ksvc/KSYMediaEditorKit_iOS
12,kpavlov/spring-hmac-rest
35,kanxg/fengchao
303,kevinroast/phoria.js
86,kovetskiy/zabbixctl
313,keen/pingpong
144,kragen/stoneknifeforth
13,kranthiB/microservices_with_spring_boot_cloud_security
19,kimsaabyepedersen/sleuth-zipkin-demo
92,kyonifer/koma
667,kmkolasinski/AwesomeBump
72,kmtong/logback-redis-appender
43,krams915/spring-mongodb-tutorial
23,kaiki/ailiaili.github.com
45,kig/shp.js
16,koopjs/FeatureServer
374,ksvc/KSYMediaPlayer_Android
29,kartorz/AlphaDict
80,kohsuke/file-leak-detector
264,kele527/iSlider
22,konsolas/AAC-Issues
303,kenshinx/godns
48,ketanbhatt/block-slack-users
1867,kconner/KMCGeigerCounter
33,koajs/mock
149,kasun/python-tail
783,kuitos/kuitos.github.io
273,knightliao/disconf-demos-java
241,kaltura/platform-install-packages
468,kHRYSTAL/CircleRecyclerView
79,kaku2015/WeatherChartView
18,kongqw/AndroidWiFiManager
318,kubernetes/kube-state-metrics
2476,karan/joe
82,krg7880/json-schema-generator
21,ktquez/vue-extend-layout
35,k4s/phantomgo
78,kr/fs
226,kerberos-io/machinery
28,kristrev/inet-diag-example
2542,kardianos/govendor
62,kenberkeley/msg-board-api
669,kana/vim-textobj-user
720,kittencup/angular2-ama-cn
206,khoubyari/spring-boot-rest-example
33,klarna/erlavro
157,keijiro/SonarFx
12,keijiro/Republic
22,khmarbaise/maui
15,khmarbaise/jdk9-jlink-jmod-example
82,kentcdodds/rebase-and-merge
2959,k88hudson/git-flight-rules
79,kayo5994/UI-Development-Environment-on-Mac
56,kousen/java_8_recipes
56,kenzanlabs/spinikube
789,kubernetes/ingress-nginx
456,kubernetes-incubator/external-dns
1519,killbill/killbill
344,kapetan/titlebar
404,kroitor/gjk.c
429,karussell/snacktory
596,kohlschutter/boilerpipe
1079,kadirahq/flow-router
258,kadira-open/kadira-server
1338,kubernetes-incubator/kubespray
460,kwhat/jnativehook
68,krizsan/elastalert-docker
62,krimple/spring-roo-in-action-examples
22,karllen/cef3-duilib-YDDemo
51,krudolph/akkaflow
54,kbastani/spring-cloud-polyglot-persistence-example
837,kamon-io/docker-grafana-graphite
41,krmax44/Playify
152,ksonnet/kubecfg
238,kennytm/rust-ios-android
12,kontaxis/snidump
85,kazuar/login_scraper_example
956,kevinburke/doony
291,kmikiy/SpotMenu
99,kiwix/kiwix-xulrunner
85,kakao/kakao.github.io
77,kxjhlele/v2ray-taskbar
1014,klbostee/dumbo
281,killme2008/node-zk-browser
2354,kangax/compat-table
136,kislyuk/watchtower
28,kimmobrunfeldt/express-example
182,kolorobot/spring-boot-thymeleaf
11,keepkey/python-keepkey
208,krasimir/EventBus
216,keroserene/go-webrtc
43,katzj/jenkins-to-graphite
677,karpathy/recurrentjs
477,k0kubun/pp
2542,kardianos/govendor
32,kyubuns/Baum2
1338,kubernetes-incubator/kubespray
109,keyboardsurfer/btt-android-studio-config
60,kisonecat/sequences-and-series
44,kaushalmodi/ox-hugo
73,kblake/neural_network_elixir
300,kubernetes-helm/monocular
2542,kardianos/govendor
68,kiorky/croniter
766,kohsuke/jenkins
33,kevincobain2000/ionic-parallax-profile
509,kafka-dev/kafka
34,kevinhqf/DesignPattern
80,kazeburo/chocon
273,knightliao/disconf-demos-java
33,koajs/mock
33,koajs/mock
24,kingston-csj/chat_server
883,koush/android-websockets
33,koajs/mock
273,knightliao/disconf-demos-java
77,kivikakk/comrak
15,kivikakk/whynot
29,khezen/docker-elasticsearch
139,konsav/social-icons
1867,kconner/KMCGeigerCounter
273,knightliao/disconf-demos-java
16,kmanley/redisql
35,kawamuray/prometheus-json-exporter
11,kawasima/bouncr
69,kelseyhightower/scheduler
16,ksoichiro/gradle-build-info-plugin
551,kislyuk/argcomplete
18,kongqw/AndroidWiFiManager
667,kmkolasinski/AwesomeBump
440,klen/graphite-beacon
138,kuy/redux-tower
2542,kardianos/govendor
134,kaushikgopal/why_bump_android_minsdk
232,koka-lang/koka
505,k1LoW/awspec
456,kubernetes-incubator/external-dns
135,keichi/binary-parser
293,kennethcachia/shape-shifter
49,killswitch-GUI/SimplyTemplate
2542,kardianos/govendor
964,kidoman/embd
1578,knqyf263/pet
766,kohsuke/jenkins
24,kingston-csj/chat_server
95,kaazing/gateway
523,kamailio/kamailio
23,kazu69/docker-efk
2542,kardianos/govendor
112,kiinlam/wetoast
73,kingston-csj/jforgame
163,kilroyweb/homeboy
133,kjdion84/turtle
19,khinsen/simple_notebook_manager
78,kingkool68/dummyimage
344,kingsoft-wps/kingtask
2542,kardianos/govendor
36,koenpunt/capistrano-nvm
31,kojnapp/bitstamp
17,korv/Jabref-plugins
313,koajs/route
39,kiwiirc/kiwiirc
87,kost/nmap-android
172,kairyou/SublimeTmpl
366,ksvc/KSYStreamer_Android
206,karsonzhang/fastadmin
31,klinker24/Android-GiphySearch
64,kkbruce/TypeScript
82,kubernetes-incubator/kube-mesos-framework
374,ksvc/KSYMediaPlayer_Android
125,ksvc/KSYLive_Android
135,keichi/binary-parser
120,kdzwinel/DOMListenerExtension
388,kriasoft/react-app
102,kubernetes/release
273,knightliao/disconf-demos-java
110,killme2008/gecko
39,kadikraman/draftjs-md-converter
172,krpc/krpc
1338,kubernetes-incubator/kubespray
13,kirviq/dumbster
264,karimnaaji/vectiler
86,kovetskiy/zabbixctl
22,kener/myecharts
138,kiegroup/jbpm-designer
21,kxyfyh/Fourinone
1403,kabouzeid/Phonograph
61,koolshare/ledesoft
58,kazuho/mysql_json
170,kumuluz/kumuluzee
62,kerma/defaultbrowser
20,kejinlu/bookhelper
103,kingvid-chan/webpack2-lessons
22,kaedei/gitignore
242,keeganlee/kstyle
80,kingschan1204/jblog
35,kiegroup/kie-wb-distributions
127,kiegroup/droolsjbpm-integration
15,ketao1989/ourea
58,karldoenitz/karlooper
193,kevincennis/Mix.js
25,klaalo/jQuery-File-Upload-Java
15,kingston-csj/chat_client
29,kdkanishka/Virustotal-Public-API-V2.0-Client
17,kirillF/centos-tomcat
53,k55k32/cms-admin-end
14,kunx-edu/wxpay-tp5
358,kikito/bump.lua
350,kmackay/micro-ecc
1935,kymjs/KJFrameForAndroid
15,kevinlynx/lockfree-list
25,kiss291323003/easyPHP
382,kiss291323003/easyswoole
14,karsonzhang/fastadmin-html
138,krasa/StringManipulation
80,kingschan1204/jblog
41,koushikkothagal/javabrains-site-old
165,kbastani/spring-boot-graph-processing-example
69,kayalshri/socialmedia-oauth-login
35,kiegroup/kie-wb-distributions
1173,kymjs/TheMVP
202,kedebug/leetcode
35,kexun/jianzhioffer
1303,korma/Korma
65,knightliao/pikaQ
265,korhner/asciimg
305,kexplo/electron-edge
81,ksfzhaohui/gameserver
570,krasimir/gifffer
25,kaito-kidd/proxy-fetcher
133,kkguo/apkshellext
30,karthikbadam/TimeFork
42,kwon37xi/jsp-template-inheritance
80,kingschan1204/jblog
733,kexanie/MathView
23,kastner/pin_it
274,killercup/cargo-edit
12,keveon/spring-data-jpa-demo
2012,konifar/android-material-design-icon-generator-plugin
190,ky0ncheng/smartladder
35,kwf2030/guava-userguide-cn
246,kaffe/kaffe
55,kenro/ChatRoom_Unity3d_Java
42,krzysu/game-off-2013
219,kyamagu/js-segment-annotator
15,kam6512/RxBleGattManager
24,keenwon/eazydict
494,konsoletyper/teavm
171,kuoruan/shell-scripts
145,khan4019/angular-interview-questions
127,krispo/json-tree
39,kesuki/whmcs-shadowsocks-plugin
112,kubenow/KubeNow
31,kjbekkelund/simple
53,k55k32/cms-admin-end
92,ktuukkan/marine-api
75,kasparsklavins/bigint
109,keijiro/Cloner
15,karacken/PlayLikeCurl
42,karlphillip/GraphicsProgramming
16,kthotav/D3Visualizations
151,kamilion/customizer
56,kizitonwose/CountryPickerView
776,karonl/InDoorSurfaceView
53,k55k32/cms-admin-end
27,kehr/krc
125,kiegroup/droolsjbpm-build-bootstrap
78,kiegroup/droolsjbpm-knowledge
29,kiegroup/jbpm-wb
22,ktchernov/Dig-Deep-RL
23,kubasz/uefi-d
23,kripken/boon
246,kaffe/kaffe
68,kiselgra/c-mera
11,keithj/cl-genomic
136,kershner/screenBloom
39,klamonte/qodem
550,kohsuke/args4j
28,ksfzhaohui/gserver
23,kongdewen1994/Cordova_shopping
156,kolypto/j2cli
150,kcloze/swoole-bot
382,kiss291323003/easyswoole
25,kiss291323003/easyPHP
382,kiss291323003/easyswoole
26,kang558/vue-movie
128,kanreisa/reichat
34,kevinsea/dsc-generator
31,kingmo888/Spyder_Simplified_Chinese
20,k8smeetup/kubernetes.github.io
49,kongdewen1994/chihu
31,kontan/Parsect
473,kenumir/android-calendar-card
32,kostistsaprailis/messenger-bot-tutorial
168,koajs/joi-router
35,kwf2030/guava-userguide-cn
11,kanaka/OpenVPN-LDAP-Integration
184,keaixiaou/zapi
27,kujian/scrollForever
53,kurta999/YSF
47,kbengine/unity3d_nav_critterai
456,kartik-v/yii2-widgets
28,kbengine/kbengine_ue4_demo
183,kercer/kerkee_android
22,kk8686/xoa
307,kripken/llvm.js
42,kripken/emscripten-fastcomp-clang
102,kripken/emscripten-fastcomp
41,kalbhor/MemeDensity
13,kylewelsby/airplay-chromecast
409,kohsuke/github-api
14,kazuki43zoo/mybatis-spring-boot-jpetstore
35,kkxiaojun/SSH
25,kJamesy/laravel-vue-starter
669,karma-runner/karma-coverage
52,kyriosli/koolshare-aliddns
37,kireerik/razzle-material-ui-styled-example
882,kelp404/CocoaSecurity
33,koddo/org-clock-statusbar-app
244,kujian/weixinTip
17,kwart/spnego-demo
314,khan4019/tree-grid-directive
14,kredel/java-algebra-system
1061,kolber/stacey
49,kiegroup/droolsjbpm-tools
157,kiegroup/guvnor
244,kujian/weixinTip
13,kakake/IotPlatform
29,kana/vim-textobj-lastpat
89,kana/vim-flavor
11,kophy/PixivAvatarBot
546,kennethreitz/saythanks.io
83,kimanlo/WingyConfig
1324,kennytm/iphone-private-frameworks
677,knadh/niltalk
197,k-dylan/easyclub
39,koangel/grapeNet
265,korhner/asciimg
171,kuoruan/shell-scripts
516,kongnanlive/android-combination-avatar
791,kf99916/TimelineTableViewCell
851,kaishin/ImageScout
18,king129/SJProgressHUD
36,kinglonghuang/KLFaceDetector
71,kasumar/TweakForWeChatRedEnvelop
167,karthik20522/SprayLearning
415,ktoso/sbt-jmh
12,kiddlu/Source-Insight-config
16,kiddyuchina/beanbun-parser
16,kinglongmee/rapoo-keyboard-driver
415,ktoso/sbt-jmh
119,klederson/angular-masonry-directive
58,kishorebhatia/pipeline-as-code-demo
69,kousen/Spring-Framework-Essentials
112,kubenow/KubeNow
372,kobakei/Android-RateThisApp
175,khellang/Scrutor
208,kevsmithpublic/MameAppleTV
776,karonl/InDoorSurfaceView
123,kuina/Kuin
11,koba-e964/min-caml-rust
1324,kennytm/iphone-private-frameworks
1775,kentnguyen/KNSemiModalViewController
100,ksky521/player
33,ksky521/FEinit
150,krazykira/VidEffects
69,ksvc/KSYMediaEditorKit_Android
36,ksvc/ksyhttpcache_android
362,kerryjiang/WebSocket4Net
36,krists/id3tag
63,kennedyoliveira/standalone-hystrix-dashboard
65,km3945/ysapi
52,ksky521/mpeditor
227,kongqw/OpenCVForAndroid
1061,kolber/stacey
262,kauffecup/react-native-web-hello-world
136,koajs/todo
213,kujian/frontendDaily
231,kenanpengyou/express-webpack-full-live-reload-example
30,kraison/vivace-graph-v2
12,kmi/irs
12,keoja/hyperledger-ansible
15,kyawmyintthein/golangRestfulAPISample
1811,kolber/audiojs
174,kerryjiang/SuperSocket.ClientEngine
1516,kanytu/android-parallax-recyclerview
150,kcloze/swoole-bot
184,keaixiaou/zapi
52,kelvv/aliyun-sms-node
1811,kolber/audiojs
865,kevinchappell/formBuilder
186,kevva/screenshot-stream
268,kimmobrunfeldt/git-hours
2149,klein/klein.php
39,koangel/grapeNet
350,kekscom/osmbuildings
89,kana/vim-flavor
29,kana/vim-textobj-lastpat
13,kevinlynx/kcontainer
280,kissygalleryteam/uploader
150,kcloze/swoole-bot
16,kongphp/TWCMS
40,kaysen820/kshop
165,kennycason/kumo
11,kullfar/drunkyPenguin
46,kzykhys/PHPCsvParser
16,kongondo/MenuBuilder
245,kn9ts/project-mulla
197,k-dylan/easyclub
26,kubernetes-up-and-running/examples
119,kapetan/electron-drag
457,klinker24/Android-3DTouch-PeekView
81,kohsuke/wordnet-random-name
711,kingideayou/SlideBottomPanel
13,kevinlynx/kcontainer
81,kentcdodds/split-guide
106,knowthelist/fhem-tablet-ui
22,kk8686/xoa
145,kennyk65/Microservices-With-Spring-Student-Files
23,kisslee/learn
127,kylelemons/go-gypsy
83,kmerenkov/brukva
104,klaussilveira/SimpleSHM
2536,klaussilveira/gitlist
14,kaeyleo/vue-shopping-cart
198,kevinohara80/sfdc-trigger-framework
1369,keklikhasan/LDrawer
31,kubes/backupscripts
13,kristianmandrup/koa-vue-builder
161,kimiyoung/review_net
51,kpavlov/fixio
78,klinker24/Android-BadgedImageView
45,klugjo/hexo-theme-anodyne
40,kpawlik/geojson
37,kcauchy/aliyun-ddns
12,kwoodson/yedit
141,kara/puppy-love
55,kousen/AdvancedGroovy
77,kartsims/vue-cordova-demo
41,kissygalleryteam/calendar
119,kapetan/electron-drag
22,kk8686/xoa
115,ksksue/Android-USB-Serial-Monitor-Lite
186,kevva/screenshot-stream
129,kitling/ntrboot_flasher
805,kostya/benchmarks
22,kaleidicassociates/excel-d
12,kaleidicassociates/lubeck
7241,kkga/spacegray
3028,keyboardsurfer/Crouton
40,keel/aes-cross
550,kohsuke/args4j
39,koolshare/ttsoft
134,kfstorm/DoubanFM
246,kevinlynx/dhtcrawler2
16,kuanyui/takahashi.js
19,k-water/electron-filesystem
81,klinker24/wearable-reply
289,kirm/sip.js
13,kdevkr/spring-demo-ajax
13,krameshkrr/Emacs
179,keechma/keechma
91,kazaff/webuploaderDemo
17,kyleburton/large-data-and-clojure
339,killme2008/defun
1229,krisajenkins/yesql
39,koangel/grapeNet
1229,krisajenkins/yesql
91,kerzol/markdown-mathjax
217,kiwanami/emacs-deferred
449,karpathy/tsnejs
182,kyuupichan/electrumx
16,kettle20160525/kettleWeb
2536,klaussilveira/gitlist
13,kakake/IotPlatform
281,kejun/Do
1105,khamidou/kite
104,kobakei/MaterialFabSpeedDial
749,kiswa/TaskBoard
40,kevinbgreene/elm-tutorial
78,kristianmandrup/datascript-tutorial
326,karad/lein_template_descjop
85,kunjee17/awesome-fable
71,kasumar/TweakForWeChatRedEnvelop
30,kaneawk/WHMCS-CN-translations
52,kyriosli/koolshare-aliddns
13,kylemcdonald/ofxFaceTracker-iOS
2929,kstenerud/iOS-Universal-Framework
1690,kevinlawler/NSDate-TimeAgo
34,klausgao/wxSportCrawler
37,krt/redis-asm
28,karupanerura/Aniki
85,ketayao/keta-custom
865,kevinchappell/formBuilder
28,kodapan/osm-common
81,kingofglory/EasyPay
1342,kmshack/Android-ParallaxHeaderViewPager
3028,keyboardsurfer/Crouton
11,kyleduo/LoadMoreRecyclerViewAdapter
106,kingcos/WWDCHelper
958,kylef/Commander
71,kasumar/TweakForWeChatRedEnvelop
28,kylelam/kylelam.github.io
834,kitcambridge/evil.js
34,keaukraine/bootstrap-fs-modal
173,knockrentals/scrapy-elasticsearch
213,kujian/frontendDaily
67,kaelzhang/neuron.js
51,kessler/node-loadbalance
79,kentdlee/CoCo
202,kaizenplatform/fluent-plugin-bigquery
13,kjunichi/mruby-mrmagick
930,kwk/docker-registry-frontend
35,kkxiaojun/SSH
164,kematzy/sinatra-cache
16,kanjielu/jeeves
227,kongqw/OpenCVForAndroid
175,krkrz/krkrz
1122,kymjs/RxVolley
12,kairyou/SublimeInsertDatetime
37,kavu/go-phash
339,kitech/php-go
48,kylingo/CsdnBlog
362,kriasoft/Folder-Structure-Conventions
184,krukas/Mage2Gen
91,kenjis/codeigniter-ss-twig
23,khsing/laravel-world
55,kenberkeley/vue2-scaffold
62,klutometis/aima
176,kevinbeaty/fs-promise
718,kristijanhusak/laravel-form-builder
50,kcloze/queueSwoole
399,kozlek/HWSensors
91,kenjis/codeigniter-ss-twig
153,kylemanna/docker-bitcoind
176,kevinbeaty/fs-promise
16,kumarnitin/made-of-code-tmbundle
53,kikyous/music.163.com
140,ktanaka117/ScrollingFollowView
144,koutalou/iOS-CleanArchitecture
368,kepbod/ivim
70,keaixiaou/zhttp
20,kendou/lantern
113,kolar/telegram-poll-bot
494,karlhorky/gray
1326,kriswallsmith/Buzz
70,keaixiaou/zhttp
29,kyuni22/pybbg
435,kawanet/msgpack-lite
72,kartik-v/strength-meter
141,keijiro/sketches2016
153,kylemanna/docker-bitcoind
399,kozlek/HWSensors
29,kartik-v/yii2-widget-typeahead
1649,kohana/kohana
46,kobkrit/nlp_thai_resources
55,kenberkeley/vue2-scaffold
63,kidloserme/ListVideoPlayer
30,kimgr/asn1ate
70,keaixiaou/zhttp
31,kode80/UnityEffects
49,kujian/scrollfix
107,karma-runner/karma-browserstack-launcher
116,kiran5232/KDropDownMultipleSelection
3509,kriswallsmith/assetic
41,kirkbushell/fatty
69,kartik-v/yii2-markdown
7559,kamens/jQuery-menu-aim
212,kolanos/kohana-universe
668,kohana/core
73,kriansa/h2p
83,kingname/MarkdownPicPicker
165,kaltura/mwEmbed
36,katzwebservices/google-analytics-for-yourls
130,kayrus/elk-kubernetes
69,kuma-giyomu/JSONParser
13,kenarkose/Bookkeeper
17,kuroda/vue-rails-form-builder
11,kuroda/vue-data-scooper
87,kami-zh/repost
31,kivancguckiran/youtube-to
105,karnov/htmltoword
394,kevinSuttle/macOS-Defaults
35,kunihirotanaka/docker-centos-lamp
362,kmather73/NotHotdog-Classifier
288,kaienkira/acme-client-quick
69,kartik-v/yii2-markdown
119,kabacoff/RiA2
705,kiegroup/optaplanner
153,kedebug/LispEx
48,kopertop/lambda-jwt
63,ksloan/jquery-mobile-swipe-list
179,kartik-v/yii2-widget-select2
195,krakjoe/uopz
69,kevincolyar/CronNET
76,kaneawk/shadowsocksr-android
3509,kriswallsmith/assetic
3509,kriswallsmith/assetic
99,kherge-abandoned/php-phar-update
35,knyzorg/Sitemap-Generator-Crawler
117,krzysztof-gzocha/searcher
11,kingkastle/grading-assigner
14,kuitos/angular-es-utils
78,kopipejst/progressbar
24,kcloze/yiiSwoole
35,kunihirotanaka/docker-centos-lamp
14,karriereat/php-code-quality
78,kopipejst/progressbar
69,kartik-v/yii2-markdown
67,krisleech/wisper-activerecord
45,kazu1107/InputSequence
3509,kriswallsmith/assetic
3509,kriswallsmith/assetic
146,kleiram/transmission-php
100,knu/noreferrer
639,klee/klee
19,kolf/book
65,kovetskiy/loverage
62,kulovecc/jandan_spider
93,k55k32/quaver
135,kristoferbaxter/react-hn
288,kaienkira/acme-client-quick
86,kaja47/Matcher
11,kotcmm/writecnblog
335,keaplogik/Bootstrap-Clean-Dashboard-Theme
137,kop/yii2-scroll-pager
18,kerncai/saltstack
526,keith/swift.vim
285,kaandedeoglu/Shark
78,kliuj/local-ajax-api
21,kirushyk/kms-windows
1291,kimmobrunfeldt/concurrently
26,kristofferandreasen/simple-ionic-3-app
524,kogakure/gitweb-theme
36,ksvc/ksplayer-web
57,klamonte/jexer
627,ktamas77/firebase-php
50,kevin1024/django-npm
19,kyungw00k/nightmare-webrequest-addon
107,keijiro/ThreeDScans
54,kylewh/NoMess
62,kulovecc/jandan_spider
143,kailaisi/WheelSelect
16,kushao1267/CommonScripts
524,kogakure/gitweb-theme
524,kogakure/gitweb-theme
396,krampstudio/grunt-jsdoc
11,kununu/pact-cli
1857,kjvarga/sitemap_generator
17,kaltura/playkit-ios
20,karynsong/weex-eros
60,koajs/onerror
35,kunihirotanaka/docker-centos-lamp
17,kongjunchao/bi_system_pc
76,krlove/eloquent-model-generator
38,koolkode/bpmn
31,kompasim/chatbot
50,kartik-v/yii2-icons
61,kartik-v/yii2-widget-datepicker
75,kartik-v/yii2-social
19,kartik-v/yii2-widget-colorinput
226,keremciu/sketch-use-fontawesome
99,kenmoore/sketch-better-paste
250,kthornbloom/Monthly
34,kthornbloom/Responsive_Tables
1206,kripken/ammo.js
27,kirbygit/awesome-my-journey-resources
11,kideny/dragonphp
34,koala-framework/composer-extra-assets
150,kubernetes/test-infra
23,kubernetes/sample-apiserver
25,kubernetes/metrics
73,k8sp/sextant
250,kthornbloom/Monthly
34,kthornbloom/Responsive_Tables
189,ksmandersen/compass-normalize
100,koorchik/LIVR
2716,kemayo/sublime-text-git
277,kagux/ex_debug_toolbar
672,k0kubun/hamlit
58,khia/exlager
699,kogg/instant-logos
336,keepcosmos/terjira
25,kartik-v/yii2-app-practical-a
23,kdocki/larasign
101,kamipo/etcfiles
524,kogakure/gitweb-theme
1935,ksm/SwiftInFlux
124,kit-cel/gr-lte
21,kimocode/android.mk
230,kelunik/acme-client
169,krisanalfa/lumen-jwt
13,karorogunso/SagaECO
21,kiddlu/oh-my-tools
346,kristijanhusak/vim-hybrid-material
1206,kripken/ammo.js
59,koukuko/html5-player-acfun-tv
31,ktont/javascript-file-upload
22,kenberkeley/vue-state-management-alternative
59,koukuko/html5-player-acfun-tv
35,ksco/reblog
12,ktsn/vue-hot-reload-loader
101,ktsn/vue-template-loader
188,kenkozheng/cocos2d-js
13,kahwee/php-db-session-handler
211,kika/fixedsys
28,kvnneff/hackernews-choo
82,ktquez/pickout
49,ksvc/KSYDiversityLive_iOS
34,ksvc-backup/KSYRTCLive_iOS
256,koahubjs/koahub
73,krisrak/ionic-angularjs-kitchensink
86,koalyptus/TableFilter
88,krystalcampioni/vue-hotel-datepicker
33,knpuniversity/oauth
169,krisanalfa/lumen-jwt
22,karek314/liskpool
25,kdwnil/baidunetdisk
78,kliuj/local-ajax-api
138,kklis/proxy
328,kudago/smart-app-banner
46,kylef-archive/Expecta-ReactiveCocoa
89,kodeine/laravel-meta
24,kkweon/UNet-in-Tensorflow
336,keepcosmos/terjira
13,koppor/xmltree
16,koahubjs/koahub-demo
111,kareluo/PopupMenuView
627,ktamas77/firebase-php
122,kz26/gohls
45,kanongil/node-hls-tools
126,kartik-v/yii2-widget-fileinput
32,kcloze/slim-swoole
138,koseven/koseven
21,kiddlu/oh-my-tools
18,kentaromiura/jest-for-all
707,kriasoft/universal-router
78,kirillrogovoy/pullkee
18,kingpong/ruby-mcrypt
168,kleisauke/CompactCalendarViewToolbar
159,kirill-konshin/next-redux-wrapper
41,kossnocorp/on-build-webpack
1354,knolleary/pubsubclient
32,karthikmswamy/TFTutorials
63,kadnan/Facebook-Chat-Bot
168,kiki-le-singe/react-redux-universal-boilerplate
422,kennethormandy/utility-opentype
24,kbwood/maxlength
1354,knolleary/pubsubclient
19,kartik-v/yii2-widget-colorinput
77,kevinkong/Emmagee
18,krakorj/phpmodbus
16,kimown/hexoserver
42,kmandov/d3-horizon-chart
37,keijiro/VJUI
27,keijiro/NeoLowMan
79,keijiro/FlipBook
22,keijiro/MidiKlak
14,keijiro/KvantWarp
103,kasperlewau/angular-bind-notifier
370,kingreza/SeeFood
37,kslr/BT-Search
230,kelunik/acme-client
169,krisanalfa/lumen-jwt
13,karorogunso/SagaECO
58,kartik-v/yii2-widget-datetimepicker
61,kartik-v/yii2-widget-datepicker
52,kartik-v/yii2-date-range
40,kubernetes-ui/container-terminal
107,kentsommer/pytorch-value-iteration-networks
28,kvnneff/hackernews-choo
24,kisspuppet/puppetbook
42,kujian/simple-flexible
78,koron/go-dproxy
885,kingdido999/zooming
11,kentaro/soushi
11,kentaro/Bancor_Protocol_Whitepaper_ja
157,kreta/Kreta
332,kazzkiq/CodeFlask.js
377,kzykhys/Ciconia
448,kswedberg/jquery-expander
69,koffsyrup/FileSaver.js
55,ktquez/vue-disqus
126,kartik-v/yii2-widget-fileinput
98,kladd/slim-eloquent
1354,knolleary/pubsubclient
63,kadnan/Facebook-Chat-Bot
42,klombomb/gifsee.js
11,kideny/dragonphp
126,kartik-v/yii2-widget-fileinput
32,kcloze/slim-swoole
521,kalbhor/MusicRepair
242,keijiro/KinoBloom
60,kindy/libev
30,khvzak/bluez-tools
1354,knolleary/pubsubclient
1746,keithclark/selectivizr
32,kingron/wifi
13,koolshare/softgear
64,kazegusuri/fluent-plugin-prometheus
43,kevlened/sikuli_cpython
17,keijiro/LightBallChain
77,kliuj/spa-routers
126,kartik-v/yii2-widget-fileinput
169,krisanalfa/lumen-jwt
367,ksubileau/color-thief-php
42,kwatch/migr8
56,khovratovich/equihash
51,krakjoe/pthreads-polyfill
297,krampstudio/aja.js
188,kigster/simple-feed
32,klummy/VueLinkPopover
103,ktheory/dalli-elasticache
179,kehribar/nrf24L01_plus
141,kitsunekyo/internet-speed-log
101,kee-org/browser-addon
83,knightsj/GitHubPopular-SJ
23,kyoto/sendkeys
364,knowbody/redux-react-router-example-app
46,keeganlow/dotfiles
18,kossa/laralte2
288,kaienkira/acme-client-quick
63,ksloan/jquery-mobile-swipe-list
391,kondratovich/the-little-redis-book
49,kevinkhill/php-duration
293,kutyel/linq.ts
42,kataras/rizla
335,keaplogik/Bootstrap-Clean-Dashboard-Theme
212,krzysztof-o/spritesheet.js
137,kop/yii2-scroll-pager
14,karriereat/php-code-quality
13,karriereat/state
22,koni/docker-php-nginx-mysql-memcached
13,karriereat/dev-blog
524,kogakure/gitweb-theme
191,kevinsawicki/monokai
1017,klacke/yaws
35,kartik-v/yii2-krajee-base
182,kassner/log-parser
13,kevingo/Gopher-China-2017
73,kartik-v/yii2-helpers
52,kartik-v/yii2-date-range
66,kartik-v/yii2-builder
38,koolkode/bpmn
24,kartik-v/yii2-app-practical-b
20,keepeye/yii2init
20,kartik-v/yii2-tabs-x
137,kop/yii2-scroll-pager
16,kartik-v/yii2-sortable-input
14,kotchuprik/yii2-instagram-authclient
126,kartik-v/yii2-widget-fileinput
44,ketle/jiumozhi
580,kosinix/grafika
274,kevinlebrun/colors.php
55,katopz/react-apollo-graphql-github-example
57,kazuki/opus.js-sample
169,krisanalfa/lumen-jwt
59,korolr/CMS-Django-blog
73,kylejohnson/linux-sysadmin-interview-questions
52,khenderick/zfs-snap-manager
2202,klange/toaruos
256,koahubjs/koahub
104,koush/sqlite-net
18,kerncai/saltstack
24,kartik-v/yii2-app-practical-b
48,kwolfy/KEmoji
32,kylegilman/video-embed-thumbnail-generator
627,ktamas77/firebase-php
50,kevin1024/django-npm
21,kittencup/angularjs-video-code
108,kidneyband/Potatso-iOS
14,kunaldawn/goandroid
169,krisanalfa/lumen-jwt
59,korolr/CMS-Django-blog
42,kraken-php/demo-chat
73,kartik-v/yii2-helpers
90,kartik-v/yii2-mpdf
50,kartik-v/yii2-detail-view
35,kaptaind/kaptaind
271,kuy/redux-saga-examples
12,kmarchand/ulysses-markdown-export
1834,kpumuk/meta-tags
1857,kjvarga/sitemap_generator
2711,kenwheeler/cash
164,kzk/jemalloc-rb
41,kundi/active_loaders
1834,kpumuk/meta-tags
21,krvarma/Amazon-Echo-and-Twilio
13,kenarkose/Chronicle
15,katafrakt/locust
147,kbaum/browser-timezone-rails
21,keeema/pure-upload
24,krtek4/MultiPass
33,khamer/base16-i3
595,kevva/download
114,khusnetdinov/ruby.fundamental
176,koajs/ratelimit
64,kfish/xsel
175,kostyantyn/hydra_attribute
377,kzykhys/Ciconia
126,kartik-v/yii2-widget-fileinput
55,ktquez/vue-disqus
448,kswedberg/jquery-expander
69,koffsyrup/FileSaver.js
56,khovratovich/equihash
51,krakjoe/pthreads-polyfill
169,krisanalfa/lumen-jwt
78,kirillrogovoy/pullkee
68,kulakowka/react-bulma
297,krampstudio/aja.js
1354,knolleary/pubsubclient
230,kelunik/acme-client
55,kEpEx/laravel-crud-generator
1265,kss-node/kss-node
36,ksvc/ksplayer-web
195,kylefox/jquery-tablesort
572,kbjr/Git.php
606,kiloreux/awesome-robotics
35,ksco/reblog
34,kenjis/codeigniter-deployer
41,krowinski/php-mysql-replication
52,kujian/power-slider
38,kennethjiang/js-file-download
59,kjdev/php-ext-zstd
25,kdwnil/baidunetdisk
88,kaikaixue/Eyepetizer
76,ksvc/ks265codec
176,koajs/ratelimit
280,keremciu/font-bundles
90,kwart/jsignpdf
68,kstateome/django-cas
56,kigster/sym
188,kigster/simple-feed
83,koekeishiya/the-art-of-command-line
20,keevosh/nb-springboot-configuration-support
672,k0kubun/hamlit
21,khoanguyen96/vue-paypal-checkout
59,korolr/CMS-Django-blog
16,kfish/liboggz
32,kaltura/player-sdk-native-ios
81,kaltura/player-sdk-native-android
12,kaltura/hls-toolkit
556,kmuto/review
77,kristapsdz/kcgi
121,kolsys/YouTubeTV.bundle
424,kreativgebiet/rich
21,koji-kojiro/cl-repl
169,koalaylj/xlsx2json
210,kohkimakimoto/altax
66,kRITZCREEK/pscid
524,kogakure/gitweb-theme
27,ksoichiro/RichButtons
43,king6cong/react-native-ijkplayer
20,kazupon/vue-i18n-loader
13,kenberkeley/react-scaffold
88,kazarena/json-gold
197,kapolos/pramda
284,kenny-hibino/react-places-autocomplete
19,kartik-v/yii2-widget-colorinput
157,kreta/Kreta
21,kaysonli/piano
19,kragen/shootout
122,kz26/gohls
2081,kjbekkelund/writings
42,klombomb/gifsee.js
79,kRew94/Who-s-Home
126,kartik-v/yii2-widget-fileinput
19,kartik-v/yii2-widget-colorinput
47,kozdincer/binali
39,kozdincer/cigdem
488,korcankaraokcu/PINCE
1321,krasimir/absurd
595,kevva/download
141,kvz/system_daemon
565,kstaken/dockerfile-examples
18,kerncai/saltstack
714,krux/postscribe
61,karandesai-96/maxmin-cnn
248,kabirvirji/singlespotify
330,kasbert/OS-X-SAT-SMART-Driver
75,kenn/enum_accessor
2716,kemayo/sublime-text-git
352,kalbasit/transmuter
80,kopopt/fast_tffm
11,knightliao/spring-amqp-logback
60,kindy/libev
20,karynsong/weex-eros
77,kevinkong/Emmagee
946,kelseyhightower/envconfig
380,knowbody/crra
572,kbjr/Git.php
1354,knolleary/pubsubclient
63,kadnan/Facebook-Chat-Bot
38,kevinrutherford/rrwb-code
225,kennethreitz/pep8.org
28,king601/devise-bootstrapped
94,kaishin/custom-UIButton
34,kalm/kalm.js
986,krzyzanowskim/Natalie
41,krowinski/php-mysql-replication
34,kadamwhite/wp-notebook
580,kosinix/grafika
539,kaedea/android-mvp-pattern
191,keygle/parseVideo
2017,kevin0571/STPopup
1366,kiteco/plugins
373,kartik-v/yii2-grid
24,kartik-v/yii2-app-practical-b
93,kartik-v/yii2-export
126,kartik-v/yii2-widget-fileinput
90,kartik-v/yii2-mpdf
89,kuba--/zip
86,kaja47/Matcher
235,klange/ponyos
82,karesansui/karesansui
20,kylemcdonald/ofxAudioDecoder
35,kaimallea/csgo
34,kodus/mail
43,kulbirsaini/videocache
414,kevinmehall/rust-peg
122,klutzy/suruga
263,keith/swift-staticlibs
61,kopurando/virga.app-youtube-dl-GUI-for-OS-X
108,kidneyband/Potatso-iOS
378,kiddouk/redisco
77,kevinkong/Emmagee
1241,krispo/awesome-haskell
423,karma-runner/karma-jasmine
134,kamlekar/slim-scroll
70,kitling/flashcart_core
22,keijiro/MidiKlak
79,keijiro/FlipBook
37,keijiro/VJUI
14,keijiro/KvantWarp
27,keijiro/NeoLowMan
38,kingsollyu/AppEnv
183,kritzikratzi/Oscilloscope
59,klugjo/hexo-theme-magnetic
46,kylef-archive/Expecta-ReactiveCocoa
17,kevingo/Go-Small-Docker-Image
2300,katiefenn/parker
63,koajs/rewrite
115,knpuniversity/oauth2-client-bundle
108,kidneyband/Potatso-iOS
129,kunalvarma05/dropbox-php-sdk
97,kbariotis/feedly-api
32,kcloze/slim-swoole
293,kubevirt/kubevirt
429,kimai/kimai
166,kayrus/prometheus-kubernetes
44,kubernetes/perf-tests
88,kazarena/json-gold
26,kieranelby/KingOfTheEtherThrone
24,kongdewen1994/57mh
175,kylemanna/docker-aosp
30,kookxiang/KK-Framework
63,komone/qrcode
59,kvz/invig
55,kjn/lbzip2
511,ktquez/vue-head
73,kpaxqin/redux-action-tools
98,kfatehi/docker-sinopia
794,kentcdodds/all-contributors
462,koajs/bodyparser
46,kraffslol/react-native-braintree-xplat
183,koajs/compress
523,koajs/jwt
64,kth-competitive-programming/kactl
159,koajs/cors
83,kartik-v/bootstrap-checkbox-x
140,kartik-v/dependent-dropdown
107,kalenjordan/magerun-addons
11,kalyabin/yii2-select-google-map-location
377,kzykhys/Ciconia
13,kraynel/upload-wetransfer
12,karasatishkumar/SpringMVC-REST
539,kaedea/android-mvp-pattern
21,kirillDanshin/halogenium
11,kloon/woocommerce-auto-restore-stock
11,kalyabin/yii2-select-google-map-location
389,komljen/dockerfile-examples
131,k0204/LuaIde
151,kidjp85/react-id-swiper
208,kevinburke/go-html-boilerplate
159,kirill-konshin/next-redux-wrapper
73,kpaxqin/redux-action-tools
1025,kostya/eye
176,koajs/ratelimit
94,kashifrazzaqui/json-streamer
59,kogosoftwarellc/express-openapi
207,konsav/email-templates
54,kamildrazkiewicz/go-flow
249,koding/multiconfig
24,karalabe/hid
50,killme2008/ip-service
72,kylelemons/gousb
26,knq/escpos
72,kylelemons/gousb
16,kirk86/wateramarking
330,ksylvest/jquery-growl
27,kamilhurajt/Phalcon-autorouter
94,k0kubun/xremap
472,kylebarrow/chibi
66,kraken-php/kraken
51,kiyoto/docker-fluentd
67,koajs/favicon
108,kidneyband/Potatso-iOS
54,kddeisz/snip_snip
572,kbjr/Git.php
101,klugjo/hexo-theme-alpha-dust
147,kbaum/browser-timezone-rails
33,kat-co/concurrency-in-go-src
2186,kanwei/algorithms
89,kodeine/laravel-meta
146,kleiram/transmission-php
843,katzer/cordova-plugin-background-mode
138,koseven/koseven
11,karyfoundation/themeX
25,ktsn/vue-range-slider
71,kherge-abandoned/php-go
366,kevinkhill/lavacharts
96,klaravel/ntrust
68,ko1/rubyhackchallenge
28,ktsn/sinai
57,kylephillips/favorites
119,korolr/dotfiles
141,keevitaja/linguist
170,koraktor/steam-condenser-php
27,kawax/laravel-google-sheets
2686,kangax/html-minifier
13,kebenxiaoming/s_admin
13,kebenxiaoming/s_admin
14,khlipeng/lumen-api-jwt
1217,karlseguin/the-little-mongodb-book
113,ksoichiro/awesome-gradle
290,kerphi/phpfreechat
54,kyriesent/node-rtsp-stream
152,kweiberth/react-todo-list
183,keeweb/kdbxweb
83,kevinxhuang/python-nlpir
15,kayofeld/script-installation-ordinateur-epitech
54,kevinbrewster/SwiftCharts
11,kimjuny/koa-webpack-server
91,kucrut/wp-menu-item-custom-fields
91,kucrut/wp-menu-item-custom-fields
167,keijiro/MidiJack
30,kensnyder/quill-image-drop-module
42,kensnyder/quill-image-resize-module
40,kiwix/apple
83,kohesive/solr-undertow
63,kxproject/kX-Audio-driver-binaries
5072,kif-framework/KIF
1218,kean/DFImageManager
15,keepmovingxin/ThemeChangeOC
666,kostub/iosMath
467,kishikawakatsumi/UCZProgressView
285,koekeishiya/khd
278,kesalin/OpenGLES
36,knightsj/SJStaticTableView
20,koogawa/LocationPickerController
100,khuong291/100DaysOfSwift
29,kavishdahekar/IITG-Captcha-Solver-OpenCV-TensorFlow
87,kercer/kerkee_ios
27,kirankunigiri/SVUploader
382,kyze8439690/ResideLayout
41,katharinebeaumont/conference-talk-proposal-advice
166,kaklakariada/portmapper
208,kirualex/KASlideShow
358,kuler90/RKTagsView
12,kevindew/Hue-Quick-Start-iOS-Swift
171,kevin0571/STPopupPreview
400,kovpas/PMCalendar
27,kirankunigiri/SVUploader
53,kesalin/DicomViewer
228,kewenya/SearchCoreTest
17,kingsic/SGEasyButton
67,kingly09/KYVedioPlayer
13,koknine/iOS_workingSummary
68,kbilsted/StatePrinter
16,ksachdeva/ionic2-code-push-example
27,koldaman/springboot-jwt-swagger
1711,kolyvan/kxmenu
19,kewang/map-controller
15,koromiko/Tutorial
12,knightsj/iOS_Demo
49,kwallet/planet
1002,kishikawakatsumi/PEPhotoCropEditor
864,kylef/PathKit
312,kamilpowalowski/HSDatePickerViewController
597,krzysztofzablocki/IconOverlaying
156,kubatruhlar/JTAlertView
645,kaandedeoglu/KDCircularProgress
1469,kharrison/CodeExamples
28,kpeeters/cadabra2
12,kpeeters/cadabra
682,kciter/GlitchLabel
1711,kolyvan/kxmenu
28,kiddhmh/MHPlayer
156,kubatruhlar/JTAlertView
12,knightsj/iOS_Demo
27,kirankunigiri/SVUploader
22,kirayamato1989/KYExpressionInputView
17,kingsic/SGEasyButton
27,kaisayoung/M3U8VideoDownloadDemo
862,kolinkrewinkel/KKGridView
1711,kolyvan/kxmenu
74,kikyous/unionpay
23,klaaspieter/objc-io-issue-15-ux-testing
17,kingsic/SGEasyButton
26,kimjj81/SwiftWorkshopAlpha
605,kevinzhow/RealtimeGradientText
34,kmcgill88/McPicker-iOS
17,kingsic/SGEasyButton
37,kukumaluCN/JXTAlertTools
17,kingsic/SGEasyButton
67,kingly09/KYVedioPlayer
51,ksco/swift-algorithm-club-cn
156,kubatruhlar/JTAlertView
22,kirayamato1989/KYExpressionInputView
31,karek314/iOS-App-Security-Class
92,kingiol/XCMultiSortTableView
453,kulpreetchilana/Custom-iOS-Keyboards
49,kohtenko/KOActivityIndicator
261,kode80/kode80SSR
342,khawars/KSTokenView
69,kciter/SelectionDialog
435,krishnarb3/Popview-Android
1711,kolyvan/kxmenu
602,kirbyt/KTPhotoBrowser
231,kbelter/BubblePictures
1002,kishikawakatsumi/PEPhotoCropEditor
19,kodlian/AlamofireXMLRPC
790,kzk/unicorn-worker-killer
149,kogg/hovercards
56,kjellmf/dot2tex
171,kevin0571/STPopupPreview
682,kciter/GlitchLabel
17,komaldeep/React-native-Todo-with-firebase
600,kattrali/deriveddata-exterminator
955,kattrali/Xcode-Plugin-Template
29,kittinunf/Cookpit
437,ksmandersen/GoogleReporter
281,koajs/logger
434,kylef/heroku-buildpack-swift
514,kronenthaler/mod-pbxproj
23,klaaspieter/objc-io-issue-15-ux-testing
17,kingsic/SGEasyButton
645,kaandedeoglu/KDCircularProgress
102,kubetz/modular-backbone
21,kelonye/express-facebook-messenger
199,krimpedance/KRProgressHUD
52,kattunga/IWBootstrapFramework
864,kylef/PathKit
474,kishikawakatsumi/JavaScriptBridge
14,kazamihayato/iOS-StudyNotes
924,krzysztofzablocki/LinkedConsole
51,kafeidou1991/JWBluetoothPrinte
60,kolargol/openvpn
153,kejinlu/SwiftyText
342,khawars/KSTokenView
290,kevinzhow/pop-handapp
342,khawars/KSTokenView
31,kobezone/java-android-rsa
82,karabaja4/vscode-explorer-git-status
37,kostiakoval/AppInfo
26,kyaroru/RNParallax
580,kylemcdonald/FaceTracker
156,koistya/react-static-boilerplate
862,kolinkrewinkel/KKGridView
935,kimsungwhee/KSHObjcUML
199,krimpedance/KRProgressHUD
25,kovan-testnet/faucet
27,kaisayoung/M3U8VideoDownloadDemo
22,kean/RxNuke
78,knn90/KNCirclePercentView
37,keybraker/electron-GUI-for-python
864,kylef/PathKit
707,keefo/CATweaker
645,kaandedeoglu/KDCircularProgress
50,kylehickinson/FastImage
346,kailash09dabhi/OmRecorder
71,kemchenj/ZhihuDaily
1711,kolyvan/kxmenu
909,khanlou/SKBounceAnimation
246,kirbyt/KTOneFingerRotationGestureRecognizer
85,kewlbear/lame-ios-build
51,kafeidou1991/JWBluetoothPrinte
102,kewlbear/x264-ios
14,kelystor/MultipleVariantCell
14,kelystor/MultipleVariantCell
65,kangwang1988/XcodeZombieCode
145,kelp404/NyaruDB
199,krimpedance/KRProgressHUD
11,klaus-steiner/SplotsVideoRecorder
161,kenjiSpecial/100day-canvas-bootcamp-training
238,krasimir/techy
75,krispenney/FCAlertView
35,krzyzanowskim/GeneratedResults-UITableView
35,kerrickstaley/extracting-chinese-subs
59,kattrali/rust-mac-app-examples
1101,kolinkrewinkel/Polychromatic
251,keygx/GradientCircularProgress
20,kravik/facevision
335,krzyzanowskim/ObjectivePGP
152,kubatruhlar/AFNetworking-RetryPolicy
259,kjda/ReactJs-Phonegap
36,krtkl/snickerdoodle-manual
11,keygx/TinyToast
63,kgellci/Shift
82,kngfrhzs/panter-dialog
75,kitasuke/Cardio
113,kevincobain2000/ionic-animated-modal
191,kesalin/iOSSnippet
173,koush/support-wiki
301,kzaher/RxFeedback
112,kingiol/KDInteractiveNavigationController
16,kekeh/vsdatatable
13,kvolden/nrk_download
1216,kevinzhow/PNChart-Swift
369,knutigro/COBezierTableView
11,keygx/TinyToast
48,kenshincui/AlamofireURLCache
1120,krzysztofzablocki/PropertyMapper
17,kciter/OnlyDesignable
20,kciter/RxGoogleMaps
22,kiritmodi2702/GIFIamgeView_Swift
853,krzysztofzablocki/Traits
17,krzyzanowskim/RepetitiveTask
292,kristian-lange/net-glimpse
27,krisrak/ios-offline-reverse-geocode-country
19,kdabir/has
67,kwaak/react-native-android-blurryoverlay
262,keenerd/packer
179,koct9i/ioping
42,keeppythonweird/catinabox
27,kaiw/meld
13,karimbahgat/Pytess
19,koolshare/tinyproxy
145,kubatruhlar/JTProgressHUD
497,kirualex/SprityBird
1639,keendreams/keen
12,kingreza/Swift-Observer
17,keygx/SelectItemController
68,kiran5232/SideMenuSwiftDemo
20,kiran5232/TextInputLayout
16,kiran5232/AudioEqualizer
40,kaunteya/Linex
152,kubatruhlar/AFNetworking-RetryPolicy
1216,kevinzhow/PNChart-Swift
150,kevalpatel2106/Prevent-Screen-Off
13,kevinwl02/Swiftuna
301,kzaher/RxFeedback
1216,kevinzhow/PNChart-Swift
123,kirkbyo/Dropper
126,kubespray/kubespray-cli
119,kerberos-io/web
64,kerberos-io/kios
28,korzhyk/OSX-Ukrainian-Unicode-Layout
59,khelll/feedlr
14,keithito/SimpleAnimation
30,kyllikki/designs
45,kazmiekr/GasPumpOCR
56,koknine/NOTE
33,keitaoouchi/FluxxKit
20,keijiro/WebCamRotation
1216,kevinzhow/PNChart-Swift
889,kylef/Mockingjay
14,keithito/SimpleAnimation
17,kaisayoung/ReactiveCocoaDemo
123,kwkhaw/Layer-Parse-iOS-Swift-Example
370,kirualex/KAProgressLabel
14,kubacizek/ScrollableDisclaimerAlert
14,keithito/SimpleAnimation
366,kenshin03/Cherry
97,kciter/HorizontalDial
499,kaphacius/IconMaker
332,kimar/KIImagePager
91,kasper-lahti/PageControl
1137,klinker41/android-slidingactivity
349,karlhorky/learn-to-program
44,kamushadenes/bankscraper
141,kawoou/AnyDate
406,khanlou/Promise
14,keithito/SimpleAnimation
14,kaushikdas0/flat-cards-layout-ios
171,kingiol/KDCycleBannerView
33,keitaoouchi/FluxxKit
853,krzysztofzablocki/Traits
23,kittymo/BaseJson4
17,kittymo/MoRegex
123,kirkbyo/Dropper
853,krzysztofzablocki/Traits
33,ksoichiro/rdotm
11,kayvink/Swift-ParallaxBlur
370,kirualex/KAProgressLabel
100,kentcdodds/starwars-names
16,kevinchau/PoliteReview
27,kutyel/xcode-visual-studio-theme
313,krzysztofzablocki/Strongify
79,kentya6/Fuwari
36,kuoruan/luci-app-adbyby
34,kz26/dottorrent-gui
364,khanlou/Objective-Shorthand
40,kaunteya/Linex
196,kubernetes-incubator-retired/kubedash
167,knoy/iCloudHacker
17,kaich/codeobscure
27,kamidox/local-cdn
27,kamidox/local-cdn
340,kiavashfaisali/KFSwiftImageLoader
141,kawoou/AnyDate
323,keith/hopper-swift-demangle
19,khendry/KHCalendarView
141,kawoou/AnyDate
694,kirualex/SwiftyGif
63,koher/EasyImagy
11,kimar/Camira
20,kkukshtel/SimpleTilemap
16,kevinchau/PoliteReview
178,kasperisager/vanilla-bootstrap
63,koher/EasyImagy
493,karelia/ConnectionKit
168,ktty1220/cheerio-httpcli
580,kean/Preheat
63,koher/EasyImagy
158,kylef/JSONSchema.swift
13,kig/zxing-cpp-emscripten
51,kencheung4/android-StickerView
32,krimpedance/KRAlertController
286,kickstarter/Kickstarter-Prelude
123,kirkbyo/Dropper
694,kirualex/SwiftyGif
41,konkab/AlamofireNetworkActivityLogger
23,kristopherjohnson/KJYield
889,kylef/Mockingjay
117,klaxa/mkvserver_mk2
141,kawoou/AnyDate
154,kishikawakatsumi/BookReader
158,kylef/JSONSchema.swift
14,kkemple/navigating-react-native-navigation
40,kaunteya/Linex
19,kdawgwilk/KarmaAPI
15,kuyawa/Invoices
2250,kriskowal/gtor
17,keygx/SelectItemController
123,kirkbyo/Dropper
763,kiruto/debug-bottle
54,kirsteins/JKBigInteger
149,kylebebak/Requester
406,khanlou/Promise
17,keygx/SelectItemController
889,kylef/Mockingjay
626,keithwhor/multithread.js
24,kis/react-native-air-progress-bar
68,kumarharsh/graphql-for-vscode
2250,kriskowal/gtor
406,khanlou/Promise
141,kawoou/AnyDate
778,krzysztofzablocki/KZFileWatchers
138,kylef/URITemplate.swift
137,kylef/WebLinking.swift
17,kittymo/MoRegex
23,kittymo/BaseJson4
20,kngfrhzs/Interaction-Cards-Layout
11,kristiyanP/anotherViewPager
13,kesha-antonov/ffmpeg-android-java
19,krokyze/uCrop-n-Edit
180,kannan-anbu/glazy-viewpager
768,kingideayou/TagCloudView
468,kishikawakatsumi/Kuery
134,kitasuke/GoogleMaterialIconFont
104,kostiakoval/SpeedLog
11,khaled0fares/meaning
46,kenny-hibino/hackafy
291,keitaoouchi/IoniconsKit
94,kraaas/timer
17,klokantech/flask-firebase
63,koher/EasyImagy
23,kittymo/BaseJson4
17,kittymo/MoRegex
90,kirsle/flask-multi-upload
17,kdawgwilk/Shuttle
499,kaphacius/IconMaker
24,kis/react-native-air-progress-bar
68,kumarharsh/graphql-for-vscode
40,kattrali/xcpretty-travis-formatter
468,kishikawakatsumi/Kuery
49,kubernetes-ui/topology-graph
141,kawoou/AnyDate
101,kaivi/ReactInlineEdit
580,kean/Preheat
41,konkab/AlamofireNetworkActivityLogger
15,kvark/collision-rs
29,kantjer/MagiskFiles
21,kirankunigiri/peertalk-simple
52,krzyzanowskim/NSTableView-Sections
52,krzyzanowskim/NSTableView-Sections
499,kaphacius/IconMaker
18,kbiakov/KBNumberPad
136,kiliankoe/CLISpinner
23,kittymo/BaseJson4
17,kittymo/MoRegex
19,khendry/KHCalendarView
18,kbiakov/KBNumberPad
136,kiliankoe/CLISpinner
694,kirualex/SwiftyGif
25,khacpv/Calendar-Day-View
21,krimpedance/KRPullLoader
35,klundberg/Weakify
16,keremtiryaki/Slack-Api-Helpers
1227,klinker24/Android-TextView-LinkBuilder
259,klinker24/Android-SlidingEmojiKeyboard
580,kern/minitest-reporters
92,kanocz/lcvpn
136,kiliankoe/CLISpinner
49,kavichen/KCLaunchImage
122,kishikawakatsumi/JapaneseKeyboardKit
13,kimkha/avim-chrome
407,kylebrowning/waterwheel.swift
323,keith/hopper-swift-demangle
106,kriasoft/AspNet.Identity
29,khavishbhundoo/obfsproxy-openvpn
340,kiavashfaisali/KFSwiftImageLoader
28,kk7ds/luvs
447,karelzak/util-linux
69,karlch/vimiv
94,kRadius/HYYCalendar
50,kovpas/PMZSwitch
493,karelia/ConnectionKit
371,keighl/KTCenterFlowLayout
44,kunass2/ForegroundNotification
69,kylebrussell/ARoniOS
613,kejinlu/KKGestureLockView
11,kayvink/Swift-ParallaxBlur
340,kiavashfaisali/KFSwiftImageLoader
67,kukumaluCN/JXTMarkLabel
12,krimpedance/KRActivityIndicatorView
291,keitaoouchi/IoniconsKit
20,kopuCoder/YX_UITableView_IN_UITableView
70,kanaishinichi/TAXHeaderSheet
454,kostiakoval/Mirror
50,kangwang1988/XcodeCodingStyle
1354,kbknapp/clap-rs
31,klierik/simple-magento-vagrant
15,krystianity/coinpusher
468,kishikawakatsumi/Kuery
26,kdave/openSUSE-gardened
14,kdave/grsecurity-patches
120,kudelskisecurity/cdf
180,katjahahn/PortEx
694,kirualex/SwiftyGif
24,kazmiekr/joysticknode
493,karelia/ConnectionKit
94,kRadius/HYYCalendar
493,karelia/ConnectionKit
20,kgeorgiy/okasaki
43,kweiberth/react-redux-todo-demo
16,kaorun343/vue-typescript-example
468,kishikawakatsumi/Kuery
44,katopz/google-material-color-swift
46,kakaroto/purism-playground
50,kovpas/PMZSwitch
184,kusnier/vagrant-persistent-storage
176,kshin/Hanabi
14,kdungs/lhcb-matplotlibrc
273,kylef/Spectre
47,kidneyband/Shadowsocks-iOS-Demo
34,kanaishinichi/TAXSpreadSheet
125,kgn/KGNAutoLayout
43,keijiro/vst2413
301,keijiro/Retro3D
15,kylesluder/AutoBluetooth
95,kirankalyan5/react-native-segmented-control-tab
31,kblomqvist/yasha
23,khellang/EF.Interception
81,kemcake/RSDotsView
158,kylef/JSONSchema.swift
236,keyanzhang/react-atv-img
50,kripod/knex-orm
46,kenvies/ONE-ReactNative
110,kballard/swift-tsao
181,k06a/LaunchScreenViewController
54,kawoou/KWDrawerController
21,krimpedance/KRPullLoader
12,kcsongor/purescript-record-format
26,keijiro/UnityRustPlugin
22,kcsongor/purescript-safe-printf
34,krishnads/Animations-in-iOS
35,k2jp/abp-japanese-filters
694,kirualex/SwiftyGif
694,kirualex/SwiftyGif
59,khaledev/ADT
25,konifar/sketch-export-sample
171,kappataumu/letsencrypt-cloudflare-hook
139,kronik/ScalePicker
59,khaledev/ADT
21,krimpedance/KRPullLoader
45,kenwheeler/react-native-game-kit
34,krishnads/Animations-in-iOS
1908,karmi/retire
28,kevinruscoe/acf-star-rating
12,kay-is/webpack-on-demand-loading
646,krishkumar/BlockParty
885,kisielk/errcheck
49,krestaino/weather-vue
35,knightli/markdown-assistant
11,knightli/qiniu-uploader
540,k-vyn/framer-ios-kit
409,keppelen/react-facebook-login
14,kbrgl/minty
27,kbrsh/ice
17,khairul169/3rdperson-multiplayer
15,krisanalfa/lumen-dingo-adapter
409,keppelen/react-facebook-login
187,keijiro/KinoMotion
22,kirschbaum/laravel-spark-pages
83,keen/cohorts
63,kasramp/UbuntuIndicatorWeather
126,keijiro/Teatro
114,kwi/BrB
37,knpuniversity/rest
454,keroserene/rickrollrc
31,kbastani/neo4j-app-movies-ui
80,kasketis/awesome-cryptocurrencies
13,kinglozzer/SilverStripe-GMapsObject
69,klarna/phobos
66,kaz-yos/eval-in-repl
207,keesj/gomo
16,kmizu/macro_peg
25,killbill/killbill-cloud
193,kimmobrunfeldt/react-progressbar.js
421,kbiakov/CodeView-android
77,krambuhl/custom-event-polyfill
15,ktustanowski/DurationReporter
49,koemeet/JsonApiBundle
40,knrz/geocoder
63,kjdion84/owl
38,kallookoo/wp-color-picker-alpha
183,kidh0/jquery.idle
728,kripken/box2d.js
16,kongbab04/sb-admin2-sidebar-toggle-collapse
18,klawson88/Baked-Goods
50,kiwiirc/irc-framework
50,kuy/treemap-with-router
217,kmoskwiak/videojs-resolution-switcher
11,kbrmedia/FreshDesk-Envato
34,kn9ts/frodo
15,kissmetrics/kissmetrics-php
25,k8sp/tls
13,kelseyhightower/pycon
20,kylejohnson/Patiobar
374,kemayo/maphilight
320,kmikael/PBWebViewController
444,kensho/ng-describe
56,keyvanakbary/slugifier
126,kategengler/ember-cli-code-coverage
36,kfatehi/docker-chrome-xvfb
11,kgorskowski/ebs_bckup
102,kachkaev/php-r
15,kbrebanov/ansible-openldap
168,kriskowal/uncommonjs
751,kelseyhightower/kube-cert-manager
165,kendricktan/laice
15,kwilson/TypeScriptAndAngular
12,kalebheitzman/jquery-countdown
61,krakenjs/beaver-logger
11,krux/tcp-stream-kafka-producer
1038,killrweather/killrweather
65,keirf/FlashFloppy
19,khromov/acf-local-json-manager
27,keijiro/NoiseTools
58,kahkhang/kube-linode
79,kelseyhightower/cri-o-tutorial
655,koding/koding
58,kris-nova/terraformctl
391,katmagic/Shallot
86,kc5nra/obs-browser
58,keosuofficial/keosu
30,kenmoini/akismet
98,keithnorm/simple-webrtc-video-chat
560,kivy/buildozer
56,kaedea/Android-Smooth-Emulator-for-Develop
247,katzer/cordova-plugin-badge
62,kc9wwh/macOSUpgrade
58,keyeh/bannedfromclubpenguin
213,kollerlukas/Camera-Roll-Android-App
45,kapil93/Circular-Layout-Manager
921,kartograph/kartograph.py
221,kjur/jsjws
374,kemayo/maphilight
975,kozross/awesome-c
372,klen/pylama
938,kmmbvnr/django-fsm
2302,kennethreitz/clint
4017,kneath/kss
34,kylephillips/simple-locator
48,korzio/djv
641,kossnocorp/assets-webpack-plugin
206,kljensen/golang-html5-sse-example
119,kyleconroy/lua-state-machine
246,ksksue/PhysicaloidLibrary
53,kevinongko/vue-instagram
12,kr/http
213,kriasoft/node-sqlite
562,kentcdodds/babel-plugin-preval
55,kristianmandrup/vue2-dragula-demo
29,kuip/meteor-schema-graphql-bridge
16,kartverket/norgeskart.no
20,krakenjs/fetch-robot
20,keesj/android-rtlsdr
58,kris-nova/terraformctl
98,kaelzhang/node-ignore
39,kleampa/not-paid
14,kiwix/kiwix-android
19,kylemcdonald/ofxZxing
180,koajs/convert
569,kelp404/angular-form-builder
11,kondratovich/aztec
54,ksachdeva/angular2-swiper
114,kevinburke/rct
107,kunzmi/managedCuda
416,kirbysayshi/vash
26,koltyakov/sp-rest-proxy
20,kraihn/cordova-plugin-tag-manager
336,kotcrab/vis-editor
131,ktechlab/ktechlab
21,kunl/ng2
25,kiegroup/drools-chance
58,keycloak/keycloak-nodejs-connect
33,kangguru/botvac
24,kimkha/aor-loopback
13,kevinvanhove/angular-structure-styleguide
270,kreeben/resin
512,kennethkufluk/js-mindmap
55,krunkosaurus/simg
78,katat/vbot
12,kovacsbalu/WazeRouteCalculator
24,kentcdodds/autocomplete-widget
641,kentcdodds/ng-stats
353,kylehickinson/Sketch-SF-UI-Font-Fixer
128,kentcdodds/react-jest-workshop
65,kljensen/snowball
46,kylemcdonald/CloudToGrid
101,keshavos/generator-angularjs-cordova
26,klayoutmatthias/klayout
23,kentstroker/IoT-Live-2017
70,kobolabs/epub-spec
54,kekeh/ngx-mydatepicker
17,kesne/jeopardy-bot
18,koterpillar/tianbar
59,kirqe/autm-rb
22,kiwix/kiwix-js
12,kcat/alure
47,kisenka/svg-fill-loader
68,kube/monolite
95,ko1/debugger2
23,kristw/vega-desktop
126,kenshiro-o/RapGenius-JS
17,kiview/spring-boot-with-spock
187,kswedberg/jquery-carousel-lite
357,kofrasa/mingo
14,k-kagurazaka/async-permissions
16,khashayar/ng-trim-value-accessor
16,kleverspace/licons
17,krylovsk/mqtt-benchmark
65,kevinlig/node-bookshelfjs-examples
172,kentcdodds/es6-workshop
332,kdzwinel/JS-OCR-demo
57,keybits/permanote
40,kmbang/UnityNativeEdit
61,kobakei/unity-gcm
123,koto/mosquito
31,kehers/paystack
53,keijiro/SpriteOutlineFx
31,kehers/paystack
35,kcroker/dpsprep
28,kartsims/vue-customelement-bundler
16,kana-sama/roadmap
448,kiibohd/controller
133,kleinejan/titatoggle
394,kevva/wifi-password
34,kondi/rxjs-grpc
23,krisbarrett/ember-rails-auth-example
61,krishnr/JavaScript-cheat-sheet
357,kofrasa/mingo
979,krasimir/cssx
70,krakenjs/meddleware
577,kriswallsmith/spork
616,kennethreitz/dj-database-url
450,kentcdodds/match-sorter
72,kkolstad/angular-servicestack
37,kstenschke/shifter-plugin
82,kirill-konshin/create-react-server
45,kamalkhan/kk-star-ratings
370,kenny-hibino/stories
143,kabirvirji/spotifork
143,kadirahq/meteor-react-layout
49,kristoff-it/redis-cuckoofilter
163,kentcdodds/ama
16,kenny-hibino/hackafy-native
357,kofrasa/mingo
94,kylephillips/wp-nested-pages
46,kylealwyn/node-rest-api-boilerplate
60,kgroat/javascript-test-framework-comparison
18,kdgregory/example-cognito-java
154,katemihalikova/ion-datetime-picker
78,karakaram/alt-ime-ahk
466,kengz/aiva
60,kwhinnery/todomvc-plusplus
18,knewter/sphero
21,knewter/exdrone
24,kgolid/p5ycho
44,k4wo/react-notify
26,knowledgecode/jquery-param
51,keystonejs/keystone-utils
110,kmorel/UseLATEX
17,khaledhosny/punk-otf
17,kaniini/win32-fork
69,krakenjs/jwt-csrf
45,koistya/graphql-express-mongodb-example
14,krainboltgreene/unction.js
48,koajs/koa-lusca
118,kentcdodds/kcd-scripts
82,kirill-konshin/create-react-server
346,krasimir/react-webpack-starter
99,kissjs/siege.js
75,kevva/wifi-password-cli
11,kwonoj/rxjs-testscheduler-compat
11,kwonoj/rxjs-testscheduler-compat
36,keycloak/keycloak-quickstarts
23,kahlil/cycle-browserify-boilerplate
64,kefirfromperm/kefirbb
14,kenakamu/UCWA2.0-CS
51,kayru/dssdo
450,kentcdodds/match-sorter
474,koajs/kick-off-koa
62,kobeengineer/init
1208,keithamus/jwerty
173,kronik3r/daktilo
21,koahubjs/koahub-simple-cms
284,kudago/waterfall
230,kakkyz81/evervim
16,kodie/serverpilot-shell
450,kentcdodds/match-sorter
31,kazuhiro4949/StringStylizer
240,kristoferbaxter/preact-hn
35,kcroker/dpsprep
127,kprimice/react-native-sensor-manager
50,kulisu/metasploit-pro-trial-grabber
13,kucharzyk/spring-kotlin-angular4
23,kairosinc/Kairos-SDK-PHP
28,kaltura/nginx-secure-token-module
118,kentcdodds/kcd-scripts
76,komentify/meteor-comments-ui
53,krisselden/chrome-tracing
118,kentcdodds/kcd-scripts
13,kojisekig/KEA-lucene
166,kpbird/NotificationListenerService-Example
51,kenpratt/rusty_torrent
18,kentcdodds/dotfiles
245,krasimir/atomus
23,komaldeep/Medium-Editor
475,kozec/sc-controller
83,knpuniversity/symfonycon-frontend
203,kyoh86/richgo
178,kyokomi/emoji
21,khaiql/dbcleaner
93,klappvisor/haskell-telegram-api
13,ktxxt/posty
11,kevinburke/twilio-go
11,kafrax/logx
356,kniren/gota
54,khaiql/react-native-progressive-input
299,kmatheussen/radium
11,kemalcr/kemalcr.com
65,kamermans/HAProxyAPI
33,koala-team/ijust_server
138,klarna/jesse
24,knqyf263/gost
552,krakenjs/kappa
235,kjk/flex
147,kennethreitz/conda-buildpack
27,kobakei/Anago
280,kardianos/osext
223,kubernetes/kubeadm
223,kubernetes/kubeadm
16,keesiemeijer/WP-Settings
28,ksachdeva/YATODO
102,kdave/btrfs-progs
35,kvakvs/E4VM
308,kilimchoi/technical_interview_questions
50,klaasnotfound/LocationAssistant
195,kazuho/picoev
195,kazuho/picoev
235,kjk/flex
59,karalabe/gousb
1013,kvz/bash3boilerplate
16,klippx/inject-docker-certs
63,koding/kite.js
13,kaste/mockito-python
221,krasserm/akka-persistence-cassandra
457,kernelslacker/trinity
279,kolide/kolide-archive
119,kenjis/php-orm-benchmark
641,kovetskiy/manul
582,klauspost/compress
30,keyle/json-anything
37,keybase/go-ps
12,korandiz/v4l
58,kubernetes-incubator/apiserver-builder
232,koyachi/go-nude
325,kraiz/django-crontab
37,keybase/go-ps
29,kenahrens/newrelic-pm2-plugin
2783,kikinteractive/app
130,ketchuphq/ketchup
733,kryptco/kr
38,ketanhwr/exylus
35,kenwaldek/pythonprogramming
25,kenfdev/faas-rancher
11,kamikazechaser/tg-resolve
28,koron/netupvim
14,keorn/parity-spec
33,kisielk/gotool
46,kaelzhang/shell-safe-rm
39,kmiya-culti/RLogin
100,koron/vim-kaoriya
216,kisielk/godepgraph
21,kendaleiv/angular-testing
174,keybase/saltpack
235,kjk/flex
15,kgretk/h5bp4j
204,kfei/vue-s3-dropzone
813,karan/slack-overflow
582,klauspost/compress
80,kubernetes-incubator/cri-containerd
40,kubeup/okdc
30,koli/kong-ingress
231,k0kubun/llrb
103,kislyuk/keymaker
30,kingwang666/BookLoadingView
472,kayan1990/ShareButton
13,koangel/grapeTimer
480,ks888/LambStatus
23,kennethreitz/journal
15,kesselborn/go-getopt
26,kaneg/natgo
53,kjk/go-cookbook
60,kavkaz/pavo
27,kvz/logstreamer
92,kristinathai/WatchOS2WatchConnectivityDemos
26,kaneg/natgo
19,kodius/userswitch
47,kvartborg/hueify
