12723,Microsoft/CNTK
1008,MiniProfiler/dotnet
2023,Microsoft/VisualStudioUninstaller
1234,Microsoft/sql-server-samples
151,Mobirise/Mobirise
180,Mange/rtl8192eu-linux-driver
1243,MassTransit/MassTransit
2025,MinecraftForge/MinecraftForge
28,Maxqia/PoreRT
325,Microsoft/MSRC-Security-Research
2897,Microsoft/vscode-go
3142,MyCATApache/Mycat-Server
152,MyCATApache/Mycat-openEP
32,Mervill/UnityLitJson
1354,ManrajGrover/halo
313,Macarse/50AH-code
26779,Microsoft/TypeScript
121,Microsoft/llvm
528,MetacoSA/NBitcoin
827,Microsoft/DirectXTK
35672,Microsoft/vscode
5447,MarshallOfSound/Google-Play-Music-Desktop-Player-UNOFFICIAL-
691,Microsoft/VS-PPT
8747,Microsoft/dotnet
665,Microsoft/perfview
181,Microsoft/console
157,Microsoft/ILMerge
8747,Microsoft/dotnet
120,MindTouch/SGMLReader
14,MerlinBrasil/Forex-Strategy-Trader
340,MyGUI/mygui
698,Microsoft/CodeContracts
1564,MycroftAI/mycroft-core
379,Microsoft/Docker.DotNet
11,Maxr1998/XMediaNotificationTrackSelector
698,Microsoft/msphpsql
3159,Microsoft/AirSim
604,MicrosoftEdge/WebGL
1352,Microsoft/vcpkg
1286,Microsoft/GraphEngine
5138,Miserlou/Zappa
1777,Microsoft/PTVS
11697,Marak/faker.js
5515,Masterminds/glide
553,MyCollab/mycollab
5377,Microsoft/reactxp
3980,Maatwebsite/Laravel-Excel
1467,MikeMcl/bignumber.js
2271,Microsoft/DMTK
1015,Maratyszcza/PeachPy
2039,Microsoft/cpprestsdk
23,Microsoft/pal
53,Microsoft/IPC
648,Microsoft/rDSN
53,Microsoft/WebRTC-universal-samples
222,Manishearth/rust-gc
229,Microsoft/UVAtlas
2302,Microsoft/GSL
62,Matzo/Kamishibai
1346,Mayccoll/Gogh
2711,MindorksOpenSource/from-java-to-kotlin
1158,Meituan-Dianping/DBProxy
441,MasterStudio/MasterWechatApp
2073,Meituan-Dianping/walle
13,MoonTreee/HelloWorld
977,Microsoft/TypeScript-Vue-Starter
10759,Mantle/Mantle
1914,MxABC/LBXScan
398,ManuelPeinado/ImageLayout
2779,MindorksOpenSource/android-interview-questions
3919,Microsoft/LightGBM
1118,Medium/phantomjs
1119,Martz90/vivify
948,MPOS/php-mpos
1061,Medicean/VulApps
1061,Medicean/VulApps
466,MooseDojo/apt2
162,MatthewClarkMay/geoip-attack-map
2145,MobSF/Mobile-Security-Framework-MobSF
1061,Medicean/VulApps
136,MarnoDev/react-native-ofo
43,MiniSafe/microscan
651,MorganZhang100/zhihu-spider
53,Mosuan/FileScan
86,Mr-Un1k0d3r/RedTeamPowershellScripts
179,Mr-Un1k0d3r/MaliciousMacroGenerator
653,MTG/sms-tools
174,Mr-Un1k0d3r/PowerLessShell
176,Mr-Un1k0d3r/DKMC
53,Mosuan/FileScan
11,MyKings/Crack-Tools
19,MoeNetwork/tbsign_plugins
456,MoeNetwork/Tieba-Cloud-Sign
131,MyKings/docker-vulnerability-environment
13,Magentron/chkrootkit
102,Ma63d/leetcode-viewer
71,Ma63d/leetcode-spider
199,Max00355/FlappyBird
20,Max00355/Pong
131,MyKings/docker-vulnerability-environment
1377,MoePlayer/DPlayer
24,Musicoin/desktop
18,Musicoin/orbiter
11,Mosuan/AuditdPy
619,Mogara/QSanguosha
553,MisterBianco/BoopSuite
466,MooseDojo/apt2
40,MalwareTech/BasicHook
3713,Microsoft/GVFS
6368,MacDownApp/macdown
394,MonaSolutions/MonaServer
990,MintCN/linux-insides-zh
88,Mr-Un1k0d3r/UniByAv
12397,Mashape/kong
81,MRGEffitas/Ironsquirrel
175,Mr-Un1k0d3r/ThunderShell
82,MicrocontrollersAndMore/OpenCV_3_License_Plate_Recognition_Python
104,MehediH/Tweeten
483,MaKleSoft/padlock
18,MiniSafe/microweb
1010,MOxFIVE/hexo-theme-yelee
299,Microsoft/BotFramework-WebChat
2048,Marswin/MarsDaemon
109,MediaArea/MediaInfo
319,MITRECND/chopshop
102,Microsoft/DbgShell
27,Mr-Un1k0d3r/Windows-SignedBinary
12,Mr-Un1k0d3r/Base64-Obfuscator
3990,MahApps/MahApps.Metro
2238,MvvmCross/MvvmCross
1522,MailOnline/ImageViewer
18,MarkWangLike/WHPageFlipTwoSide
7605,MicrosoftArchive/redis
7008,Microsoft/api-guidelines
15,M4sc3r4n0/Evil-Droid
2640,MiguelCatalan/MaterialSearchView
1367,MatthiasRobbers/shortbread
7236,Moya/Moya
275,MaskRay/LeetCode
115,MozillaSecurity/fuzzdata
65,MozillaSecurity/FuzzManager
326,MozillaSecurity/funfuzz
82,Ms0x0/Dayu
4469,MichielDerhaeg/build-linux
200,MiCode/legacy-patchrom
23,MrCieong/BanTangDemo
2128,MichaelHuyp/Bilibili_Wuxianda
30,ManageWP/broken-link-checker
140,MeanEYE/Disk-Indicator
90,Mobius1/Vanilla-DataTables
445,MorvanZhou/PyTorch-Tutorial
586,MorvanZhou/Tensorflow-Tutorial
11392,MengTo/Spring
625,MyCATApache/Mycat-doc
113,MyCATApache/Mycat-download
2176,MoZhouqi/KMNavigationBarTransition
7236,Moya/Moya
2128,MichaelHuyp/Bilibili_Wuxianda
34,MoonLord-LM/LolAutoPlay
3139,Moeditor/Moeditor
67,MStr3am/NEMO
6908,Mango/slideout
16418,MaximAbramchuck/awesome-interview-questions
4603,MonoGame/MonoGame
574,MLWave/Kaggle-Ensemble-Guide
251,MyBotRun/MyBot
1119,MISP/MISP
998,Mashape/unirest-php
12,Manouchehri/CVE-2017-1000117
2086,MagicStack/asyncpg
198,Muyangmin/glide-docs-cn
310,MichaelRow/Lyrics
1119,MISP/MISP
3428,MunGell/awesome-for-beginners
1811,MattWilcox/Adaptive-Images
1084,MeCKodo/vue-tutorial
637,Mulham-Raee/Horizontal-Calendar
11392,MengTo/Spring
3143,MugunthKumar/MKNetworkKit
11392,MengTo/Spring
5300,Microsoft/BashOnWindows
1098,Mashape/mockbin
16,MehediDracula/PHP-Namespace-Resolver
175,MalwareReverseBrasil/malwaresearch
310,MichaelRow/Lyrics
11,Mnkai/OpenXiaomiScale
26,MoonshineSG/Simplify3D-to-OctoPrint
22,Microsoft/vscode-tools-for-ai
2944,Microsoft/TypeScript-React-Starter
236,Microsoft/TypeScript-React-Native-Starter
688,Microsoft/TypeScript-Node-Starter
8032,MithrilJS/mithril.js
78,MaxBelkov/visualsyslog
4651,MoOx/postcss-cssnext
67,Morgan-Stanley/treadmill
6908,Mango/slideout
2086,MagicStack/asyncpg
1608,MariaDB/server
2086,MagicStack/asyncpg
4843,Microsoft/vscode-tips-and-tricks
466,Microsoft/napajs
66,Microsoft/vscode-docker
140,Microsoft/vscode-cordova
38,MikeCoder/hexo-tag-cloud
1849,MorvanZhou/tutorials
1849,MorvanZhou/tutorials
91,MalwareTech/TinyXPB
57,Monine/webpack-multi-page
1674,MechanicalSoup/MechanicalSoup
97,MeCKodo/myDemo
46,MonsantoCo/stoop
124,MfgLabs/akka-stream-extensions
141,MortenSchenk/BHUSA2017
25,MarkBaggett/domain_stats
116,Microsoft/ApplicationInsights-Home
5300,Microsoft/BashOnWindows
4843,Microsoft/vscode-tips-and-tricks
223,Microsoft/diskspd
28,Medicean/SublimeXssEncode
16,Marko-M/codeigniter-gettext
48,M4sc3r4n0/avoidz
175,MalwareReverseBrasil/malwaresearch
445,MorvanZhou/PyTorch-Tutorial
586,MorvanZhou/Tensorflow-Tutorial
179,Meadowcottage/playcode-desktop
38,MikeMcl/decimal.js-light
6908,Mango/slideout
1674,MechanicalSoup/MechanicalSoup
310,Mashape/docker-kong
432,Microsoft/dotnet-apiport
1674,MechanicalSoup/MechanicalSoup
4843,Microsoft/vscode-tips-and-tricks
205,MoonYaph/Front--end--tutorial
5806,MortimerGoro/MGSwipeTableCell
11392,MengTo/Spring
9261,MrRio/jsPDF
1849,MorvanZhou/tutorials
3139,Moeditor/Moeditor
9261,MrRio/jsPDF
296,Microsoft/pxt
26,Metsuryu/Remote_Jobs
170,MashiMaroLjc/Learn-to-identify-similar-images
957,MicrosoftEdge/magic-mirror-demo
496,Morhaus/facebook-sixth-sense
122,Mittal-Analytics/Screener.in
45,Mattiwatti/PPLKiller
19,Matir/webborer
1098,Mashape/mockbin
91,MalwareTech/TinyXPB
45,MalwareTech/UACElevator
64,MalwareTech/FakeMBR
38,MalwareTech/ZombifyProcess
5300,Microsoft/BashOnWindows
756,MoonHighway/learning-react
5038,MichMich/MagicMirror
669,MoyanZitto/keras-cn
17,MagickaBBS/MagickaBBS
258,Maktm/FLIRTDB
340,MariusQuabeck/magic-device-tool
101,Microsoft/BuildCast
668,Microsoft/xaml-standard
755,Microsoft/WindowsTemplateStudio
124,MiniProfiler/node
747,MarkPieszak/aspnetcore-angular2-universal
31,MarkPieszak/angular-application-insights
30,MaxwellBo/well-documented
829,MarnoDev/react-native-open-project
387,MillmanY/MMPlayerView
182,Microsoft/EdgeML
71,MarioVilas/shellcode_tools
133,MinecraftForge/Documentation
43,MatMoul/archdi
80,Mermade/swagger2openapi
380,MrChrisJ/World-Citizenship
549,Microsoft/dafny
1761,Meituan-Dianping/SQLAdvisor
328,MobDevGroup/AndroidResources
626,Morgan-Stanley/hobbes
1005,MrKiven/PyZh
3549,MacGapProject/MacGap1
8387,Matt-Esch/virtual-dom
900,MopTym/vue-waterfall
1550,MagicMashRoom/SuperCalendar
1005,MrKiven/PyZh
181,MichalDanielDobrzanski/DeepLearningPython35
5046,Microsoft/Windows-universal-samples
249,MyHumbleSelf/cnn_assignments
20,Microsoft/Cognitive-Samples-FootnoteBot
4467,Microsoft/BotBuilder
71,MikeInnes/MacroTools.jl
486,MorvanZhou/Reinforcement-learning-with-tensorflow
1748,MasteringOpenCV/code
486,MorvanZhou/Reinforcement-learning-with-tensorflow
317,Microsoft/RTVS
37,MostafaNasiri/AndroidFileChooser
27,MissPhilbin/GeekGurlDiaries
1134,Microsoft/MixedRealityToolkit-Unity
80,MikeFal/PowerShell
1153,Microsoft/TypeScript-Handbook
3597,Marxon13/M13ProgressSuite
309,MarlabsInc/webapi-angularjs-spa
11,M-Files/MFilesSamplesAndLibraries
22,MicrosoftTranslator/HTTP-Code-Samples
33,Microsoft/BotBuilder-Azure
104,Microsoft/AzureBot
68,MrOrz/angularjs-tw
771,MarkLodato/visual-git-guide
33,MarkCWirt/MIDIUtil
70,MichalZalecki/angular-lazyload-webpack
23,MihaiBalint/TimisoaraPublicTransport
272,MindorksOpenSource/AndroidTensorFlowMNISTExample
683,MindorksOpenSource/AndroidTensorFlowMachineLearningExample
46,MoMenne/hackerrank-templates
92,MarekKowalski/DeepAlignmentNetwork
21284,Modernizr/Modernizr
210,MycroftAI/enclosure-picroft
27,MhdAljuboori/AnimatorPinegrowPlugin
68,MrOrz/angularjs-tw
1605,Microsoft/nodejstools
5780,MatthewYork/DateTools
34,MahmoudAbdelRahman/GH_CPython
296,MaxBenChrist/awesome_time_series_in_python
38,MiCode/mi1_kernel
327,Microsoft/ProjectOxford-Apps-MimickerAlarm
327,Microsoft/ProjectOxford-Apps-MimickerAlarm
55,MinecraftPortCentral/CraftBukkit
1986,MoePlayer/APlayer
2086,ModuleLoader/es-module-loader
1113,Mottie/Keyboard
1104,MicrosoftEdge/static-code-scan
633,Michael0x2a/curated-programming-resources
342,MartinThoma/LaTeX-examples
246,MarcFletcher/NetworkComms.Net
108,MicrocontrollersAndMore/Raspberry_Pi_2_and_OpenCV_3_Tutorial_Part_1
464,Microsoft/RoomAliveToolkit
11,MoreTorpedoes/WorldWarV
697,MEiDIK/SlimAdapter
43,Microsoft/vss-web-extension-sdk
23,MichaelPilyavskiy/ReaScripts
27,MeeBlip/meeblip-circuits
24,MeeBlip/meeblip-design
86,MeeBlip/meeblip-synth
186,MindorksOpenSource/android-mvvm-architecture
162,MindorksOpenSource/android-dagger2-example
30,MindorksOpenSource/android-mvp-basic-sample
1887,MindorksOpenSource/android-mvp-architecture
90,MOEAFramework/MOEAFramework
80,Maluuba/newsqa
464,Microsoft/RoomAliveToolkit
317,Microsoft/PowerBI-visuals
212,Microsoft/PowerBI-CSharp
471,Microsoft/vscode-recipes
37,Mikejinhua/UnitySocketProtobuf3Demo
1079,Marxon13/M13Checkbox
29,Mirantis/k8s-externalipcontroller
2034,Microsoft/TypeScriptSamples
142,Mirantis/kubeadm-dind-cluster
45,Margaret2/pantone-colors
13,MichaelBurge/redshift-shellcode
316,MisterBooo/Play-With-Sort-OC
557,Microsoft/aspnet-api-versioning
2034,Microsoft/TypeScriptSamples
62,MatterHackers/MatterSlice
173,MatterHackers/MatterControl
69,MatterHackers/agg-sharp
114,Microsoft/ApplicationInsights-dotnet
76,Microsoft/xunit-performance
425,MarimerLLC/csla
932,MarkoMilos/Paginate
38,MorvanZhou/Evolutionary-Algorithm
109,MarcoPixel/Monstercat-Visualizer
925,Maratyszcza/NNPACK
161,MarvinTeichmann/KittiBox
546,MarvinTeichmann/tensorflow-fcn
63,MarkEdmondson1234/searchConsoleR
85,MarkEdmondson1234/googleAnalyticsR
250,MaximumEntropy/Seq2Seq-PyTorch
47,MG2033/ShuffleNet
61,MIT-LCP/wfdb-python
2080,Mottie/tablesorter
136,MichaelLiang12/CVPR-2017-Abstracts-Collection
1811,MinhasKamal/CreepyCodeCollection
103,MatMoul/archfi
1932,Microsoft/language-server-protocol
184,Meridian59/Meridian59
1666,M66B/XPrivacy
12332,MostlyAdequate/mostly-adequate-guide
144,MLWave/kepler-mapper
535,Microsoft/IEDiagnosticsAdapter
114,Microsoft/ApplicationInsights-dotnet
17,MapSurferNET/MapSurfer.NET-Web
12332,MostlyAdequate/mostly-adequate-guide
6461,Microsoft/ChakraCore
100,MarkWheadon/velocity-painting
363,Microsoft/maker.js
6461,Microsoft/ChakraCore
141,MrAlex6204/Books
84,MicrosoftLearning/Data-Science-Essentials
171,ManiacalLabs/BiblioPixel
304,MSFTImagine/computerscience
28,Malabarba/ox-jekyll-subtree
195,MinecraftForge/ForgeGradle
532,Mostafa-Samir/DNC-tensorflow
126,Marsan-Ma/chat_corpus
246,Marsan-Ma/tf_chatbot_seq2seq_antilm
27,MarianoJT88/PD-Flow
16,MarianoJT88/Joint-VO-SF
17,MKLab-ITI/reveal-graph-embedding
6076,Microsoft/monaco-editor
157,MauriceGit/Delaunay_Triangulation
464,Microsoft/tolerant-php-parser
68,MaxHalford/xam
6076,Microsoft/monaco-editor
392,Microsoft/dts-gen
130,MikeRogers0/LivePage
83,Metalnem/runtastic
43,MCUdude/MegaCore
285,Manuel83/craftbeerpi
1811,MinhasKamal/CreepyCodeCollection
90,MycChiu/fast-LayerNorm-TF
75,Matroska-Org/libmatroska
32,Matroska-Org/libebml
11,Michaelangel007/apple2_hgr_font_tutorial
24,McMartin/JUCE.cmake
717,Musenkishi/wally
209,Microsoft/Sora
374,Mendeley/mrec
11,MurtyShikhar/Question-Answering
126,MrNerverDie/Four
16,MohammedRashad/A-Year-of-Code
13,MohammedRashad/Donne
567,MakeZL/ZLGotoSandboxPlugin
1182,Microsoft/vscode-react-native
289,MengZhaoFly/netease_yanxuan
157,MichaelGrafnetter/DSInternals
68,MaterialDesignInXAML/MotionList
28,MetSystem/EmitMapper
802,MichaCo/CacheManager
131,Michaelvilleneuve/react-native-document-scanner
1887,MindorksOpenSource/android-mvp-architecture
229,MakinGiants/awesome-android-learner
909,MaartenBaert/ssr
1811,MinhasKamal/CreepyCodeCollection
122,MOLO17/CustomizableCalendar
1093,MikeMcl/big.js
54,MicrosoftLearning/Programming-in-R-for-Data-Science
1182,Microsoft/vscode-react-native
1189,Microsoft/TypeScript-Sublime-Plugin
2034,Microsoft/TypeScriptSamples
697,MEiDIK/SlimAdapter
38,MATPOWER/matpower
745,Motion-Project/motion
23,MOBX/Callerloc
567,Microsoft/Multiverso
316,MisterBooo/Play-With-Sort-OC
273,MattFoley/MFLTransformingDigits
6076,Microsoft/monaco-editor
300,MarnoDev/GameNews
250,MaximumEntropy/Seq2Seq-PyTorch
103,Maluuba/nlg-eval
567,Microsoft/Multiverso
485,Microsoft/LightLDA
288,MaxwellRebo/awesome-2vec
89,MilesMcBain/datapasta
12332,MostlyAdequate/mostly-adequate-guide
27,MurphyWan/Python-first-Practice
136,MichaelLiang12/CVPR-2017-Abstracts-Collection
754,Microsoft/caffe
546,MarvinTeichmann/tensorflow-fcn
485,Microsoft/LightLDA
872,Microsoft/WPF-Samples
18,MartyIce/generator-angular-fullstack-crud
12332,MostlyAdequate/mostly-adequate-guide
815,Microsoft/vscode-chrome-debug
1434,MediaBrowser/Emby
1666,M66B/XPrivacy
1189,M66B/NetGuard
71,Mojang/leveldb-mcpe
815,Microsoft/vscode-chrome-debug
6076,Microsoft/monaco-editor
14,Mellanox/nv_peer_memory
578,Microsoft/FFmpegInterop
1434,MediaBrowser/Emby
75,Matroska-Org/libmatroska
32,Matroska-Org/libebml
11,Michaelangel007/apple2_hgr_font_tutorial
24,McMartin/JUCE.cmake
315,M0Rf30/android-udev-rules
37,MickMad/Teensy3-USBAudio
25,MARIE-js/MARIE.js
1149,Mechazawa/FuckFuckAdblock
58,MicrosoftTranslator/SpeechTranslator
33,Mermade/shins
19,MarlinFirmware/MarlinDocumentation
29,MarvAmBass/docker-versatile-postfix
123,Microsoft/TypeScript-React-Conversion-Guide
3988,Maximus5/ConEmu
63,MikePopoloski/SharpBgfx
277,Microsoft/MixedRealityCompanionKit
318,MahApps/MahApps.Metro.IconPacks
1569,Microsoft/ELL
1922,MongoEngine/mongoengine
12332,MostlyAdequate/mostly-adequate-guide
12332,MostlyAdequate/mostly-adequate-guide
131,Michaelvilleneuve/react-native-document-scanner
239,MultiChain/multichain
1538,Matterwiki/Matterwiki
1569,Microsoft/ELL
523,Microsoft/Microsoft.IO.RecyclableMemoryStream
1569,Microsoft/ELL
654,Mindwerks/worldengine
45,Mindwerks/plate-tectonics
250,MaximumEntropy/Seq2Seq-PyTorch
1244,MattRix/UnityDecompiled
12,ManrajGrover/geekiT
64,MattFlower/organized
129,M6Web/superagent-mock
401,MarcoPon/SeqBox
1230,Microsoft/DirectX-Graphics-Samples
471,Microsoft/vscode-recipes
815,Microsoft/vscode-chrome-debug
245,Mischi/angularjs-imageupload-directive
210,MikeWasson/LocalAccountsApp
119,MikeWasson/BookService
1653,Microsoft/Windows-driver-samples
318,Mahmoudz/Porto
217,Microsoft/MRDesignLabs_Unity
717,Musenkishi/wally
14,Macha/Simple-Python-Todo
156,MBRO95/PortableCellNetwork
149,MimiOnuoha/missing-datasets
1244,MattRix/UnityDecompiled
204,MarnoDev/AC-QRCode-RN
1055,MessageKit/MessageKit
1569,Microsoft/ELL
32,MercadoBitcoin/mb-api-client-java
272,Microsoft/clrmd
4132,MrSwitch/hello.js
802,MichaCo/CacheManager
35,MWDelaney/Netrunner-Icon-Font
67,Microsoft/Vipr
872,Microsoft/WPF-Samples
37,Mikejinhua/UnitySocketProtobuf3Demo
364,MozaikAgency/wp-theme-starter
557,Microsoft/aspnet-api-versioning
292,Mailu/Mailu
223,MarcinMoskala/ActivityStarter
224,MarcinMoskala/ArcSeekBar
122,MOLO17/CustomizableCalendar
142,MindorksOpenSource/SnapHelperExample
124,MindorksOpenSource/NYBus
142,MindorksOpenSource/SnapHelperExample
124,MindorksOpenSource/NYBus
12332,MostlyAdequate/mostly-adequate-guide
17,MisterTaki/vue-table-with-tree-gird
737,MetinSeylan/Vue-Socket.io
392,Microsoft/HealthClinic.biz
188,MicrosoftEdge/MicrosoftEdge-Documentation
102,Maks3w/SwaggerAssertions
81,Mariovc/ImagePicker
3578,Microsoft/react-native-code-push
12,Monte9/react-native-tinder-cards
19,MalikAbiola/paystack-php-lib
1538,Matterwiki/Matterwiki
45,Microsoft/PQCrypto-SIDH
1350,Microsoft/referencesource
31,MrNbaYoh/notehax
211,MoePlayer/cPlayer
89,MilesMcBain/datapasta
28,MichaelVL/osm-analytic-tracker
2864,Marak/colors.js
12332,MostlyAdequate/mostly-adequate-guide
202,Microsoft/PowerBI-JavaScript
102,Maks3w/SwaggerAssertions
31,MajicDesigns/MD_MAX72XX
65,MajicDesigns/MD_Parola
445,MagicStack/httptools
1151,MrKepzie/Natron
28,Mashape/docker-java8
2864,Marak/colors.js
1383,MrS0m30n3/youtube-dl-gui
1189,Microsoft/TypeScript-Sublime-Plugin
24,Minishlink/web-push-php-example
12332,MostlyAdequate/mostly-adequate-guide
80,MarkWuNLP/MultiTurnResponseSelection
124,MurhafSousli/ngx-sharebuttons
107,MiloszKrajewski/LibZ
146,MartinBriza/MediaWriter
37,MKFMIKU/RAISR
24,Microsoft/WhoisParsers
52,Microsoft/StopGuessing
104,Microsoft/OMS-Agent-for-Linux
226,Microsoft/Docker-PowerShell
191,Microsoft/PowerShell-DSC-for-Linux
280,Microsoft/DirectXMath
590,MicrosoftDocs/Virtualization-Documentation
249,Microsoft/mssql-docker
224,Microsoft/SQL-Server-R-Services-Samples
73,MichaelHills/seizure-detection
12,MobileRobots/amr-ros-config
277,Microsoft/MixedRealityCompanionKit
122,MOLO17/CustomizableCalendar
225,MhLiao/TextBoxes
518,MatthieuCourbariaux/BinaryNet
85,MonetDB/MonetDB
13,MonetDB/monetdb-r-docker
2949,Microsoft/react-native-windows
37,MattTW/BlinkMonitorProtocol
206,Mamboleoo/InfiniteTubes
2332,MiniProfiler/rack-mini-profiler
3988,Maximus5/ConEmu
44,MickyDowns/deep-theano-rnn-lstm-car
70,MoePlayer/vue-aplayer
11,MyHush/hushwebminer
14,MiguelSteph/cnn-spam-review-detection-tf
12332,MostlyAdequate/mostly-adequate-guide
27,MasterGroosha/telegram-rss-generation
17,MOxUnit/MOxUnit
166,Meiqia/MQChatViewController
225,MhLiao/TextBoxes
1569,Microsoft/ELL
425,MarimerLLC/csla
126,Marsan-Ma/chat_corpus
246,Marsan-Ma/tf_chatbot_seq2seq_antilm
103,Maluuba/nlg-eval
546,MarvinTeichmann/tensorflow-fcn
92,MI2DataLab/randomForestExplainer
485,Microsoft/LightLDA
118,MichaelXin/Awesome-Caffe
47,MadeInHaus/react-flux-gulp-starter
118,MichaelXin/Awesome-Caffe
11,Microsoft/Dhalion
1569,Microsoft/ELL
144,MLWave/kepler-mapper
27,Microsoft/BingMapsV8CodeSamples
32,MangoTheCat/testCoverage
18,Merck/DeepNeuralNet-QSAR
15,MarkEdmondson1234/autoGoogleAPI
85,MarkEdmondson1234/googleAnalyticsR
1082,MohammadYounes/AlertifyJS
191,Microsoft/satcheljs
26,MarkLeith/mysql-docker
161,MarvinTeichmann/KittiBox
518,MatthieuCourbariaux/BinaryNet
73,MichaelHills/seizure-detection
42,ManfredHu/Books-Management-System
141,MrAlex6204/Books
92,MI2DataLab/randomForestExplainer
41,MarkEdmondson1234/serverless-R-API-appengine
12332,MostlyAdequate/mostly-adequate-guide
139,Makeblock-official/mDrawBot
92,MI2DataLab/randomForestExplainer
172,Medium/variants
401,MarcoPon/SeqBox
1035,Microsoft/HoloJS
612,MasayukiSuda/FPSAnimator
41,MonaSolutions/MonaClients
1781,Microsoft/nodejs-guidelines
104,Microsoft/types-publisher
19,Martchus/PKGBUILDs
524,Mitranim/posterus
1182,Microsoft/vscode-react-native
3986,MagicStack/uvloop
129,Mogara/QSanguosha-v2
85,MonetDB/MonetDB
16,MasazI/cnn_depth_tensorflow
239,MultiChain/multichain
1383,MrS0m30n3/youtube-dl-gui
2034,Microsoft/TypeScriptSamples
137,Mekire/pygame-samples
57,MvcExtensions/Core
6076,Microsoft/monaco-editor
168,MichielDeMey/express-jwt-permissions
2252,Mailtrain-org/mailtrain
13,MetaMask/mascara
788,MohammadYounes/rtlcss
557,Microsoft/aspnet-api-versioning
12332,MostlyAdequate/mostly-adequate-guide
1278,Mashape/unirest-java
127,MichalPaszkiewicz/inknote
1052,MaiaVictor/WebMonkeys
252,MarshallOfSound/electron-devtools-installer
3033,Microsoft/code-push
82,Munter/subfont
1383,MrS0m30n3/youtube-dl-gui
19,Mimino666/python-xextract
745,Motion-Project/motion
124,MrBuddyCasino/ESP32_MP3_Decoder
69,Manak/npm-programmatic
355,MuYunyun/reactSPA
6076,Microsoft/monaco-editor
27,MasterGroosha/telegram-rss-generation
132,Microsoft/vscode-tslint
21,Matroska-Org/matroska-specification
104,MrZaYaC/ng2-webstorm-snippets
6076,Microsoft/monaco-editor
930,ManifestWebDesign/angular-gridster
317,Microsoft/cordova-plugin-code-push
3578,Microsoft/react-native-code-push
1151,MrKepzie/Natron
58,MLWave/Online-Random-Bit-Regression-FTRL
518,MatthieuCourbariaux/BinaryNet
54,MagicStack/Chromodynamics
903,MagicStack/MagicPython
43,Microsoft/Cognitive-SpeakerRecognition-Python
2420,MrRio/vtop
2931,MarlinFirmware/Marlin
18,Microsoft/Partner-Center-Explorer
92,MI2DataLab/randomForestExplainer
157,Mechazawa/emojify-webpack-plugin
165,Microsoft/BotFramework-Samples
206,MIT-LCP/mimic-code
99,Microsoft/web-build-tools
160,MathewSachin/Captura
14,MiguelCastillo/load-js
557,Microsoft/aspnet-api-versioning
566,MobBotTeam/PokeMobBot
1538,Matterwiki/Matterwiki
79,Mimetis/Dotmim.Sync
195,Microsoft/Cognitive-Samples-IntelligentKiosk
24,MurhafSousli/ngx-disqus
1151,MrKepzie/Natron
6076,Microsoft/monaco-editor
3578,Microsoft/react-native-code-push
191,Microsoft/satcheljs
318,Mahmoudz/Porto
29,MTLxDC/Kuaikan
37,MaxGfeller/youtube-search
239,MultiChain/multichain
2311,Meituan-Dianping/Robust
242,MicheleBertoli/react-gmaps
507,MicrosoftDocs/azure-docs
915,Medium/medium-api-docs
137,Mooophy/CLRS
246,Marsan-Ma/tf_chatbot_seq2seq_antilm
3033,Microsoft/code-push
242,MicheleBertoli/react-gmaps
33,MathieuBuisson/PSCodeHealth
363,Microsoft/maker.js
3988,Maximus5/ConEmu
246,Marsan-Ma/tf_chatbot_seq2seq_antilm
52,MLWave/hodor-autoML
68,MaxHalford/xam
126,Marsan-Ma/chat_corpus
12332,MostlyAdequate/mostly-adequate-guide
58,MLWave/Online-Random-Bit-Regression-FTRL
372,MaLeLabTs/RegexGenerator
62,MarkBaggett/srum-dump
576,Microsoft/vscode-docs
321,MrSaints/Morphext
39,Microsoft/vscode-mock-debug
3033,Microsoft/code-push
630,Metnew/react-semantic.ui-starter
79,Mimetis/Dotmim.Sync
454,MaxArt2501/re-build
27,Melown/vts-browser-js
64,MartinPyka/financial_life
1182,Microsoft/vscode-react-native
101,MastodonC/kixi.stats
56,MrMimic/data-scientist-roadmap
1035,Microsoft/HoloJS
206,Mamboleoo/InfiniteTubes
60,Microsoft/Cognitive-Face-Windows
146,Miserlou/NoDB
25,MINIONBOTS/FFXIVMinion
317,MagnusS/Java-BloomFilter
139,Microsoft/ApplicationInsights-aspnetcore
1117,Microsoft/Pyjion
30,Matrix-Zhang/tokio_kcp
391,Mashape/unirest-python
218,MashiMaroLjc/ML-and-DM-in-action
555,MarioAriasC/funKTionale
210,Mrlyk423/Relation_Extraction
1149,MLstate/opalang
111,MarkusH/django-dynamic-forms
72,Marigold/universal-portfolios
1340,Microsoft/TouchDevelop
73,Microsoft/DataConnectors
20,Mfron-42/Redox-PokemonGo-Bot
2449,Mooophy/Cpp-Primer
37,Majal/maj-scripts
535,MaJerle/stm32f429
332,Microsoft/uwp-experiences
98,MTG/DeepConvSep
18,MicroSur/myevic
25,Microsoft/app-store-vsts-extension
19,Microsoft/windows-dev-center-vsts-extension
195,MiuLab/TC-Bot
33,Microsoft/azure-spring-boot
65,MarioAriasC/KotlinPrimavera
20,MaximumEntropy/cudnn_rnn_theano_benchmarks
72,Marigold/universal-portfolios
13,MultimediaSemantics/entity2rec
18,MultimediaSemantics/entity2vec
66,MultiPath/CopyNet
108,MaccaTech/PostgresPrefs
39,MasterScrat/ChatShape
542,MarkoCen/trial-js
339,Marwes/combine
114,MLWave/extremely-simple-one-shot-learning
1235,Masterminds/squirrel
16,Metnew/neural-finance
17,MrChens/codeObfuscated
875,ManuelPeinado/MultiChoiceAdapter
222,MatteoBattilana/WeatherView
603,Microsoft/WindowsUIDevLabs
2449,Mooophy/Cpp-Primer
193,MrChrisJohnson/implicit-mf
412,Microsoft/BotFramework-Emulator
260,Miej/GoDeeper
64,MLnick/elasticsearch-vector-scoring
442,Microsoft/GraphView
2852,Morhaus/dispatch-proxy
35,MarvinBertin/HiddenMarkovModel_TensorFlow
99,MarekKowalski/FaceSwap
496,Mzzopublic/C
86,Martinsos/edlib
17,MeteoGroup/weather-api
679,MarkMjw/PullToRefresh
18,MrS0m30n3/google-translate
50,MaxPoon/coursera-Applied-Data-Science-with-Python
152,MachinePublishers/ScreenSlicer
34,MummyDing/MultiImageChooser
846,Microsoft/BotBuilder-Samples
538,ManageIQ/manageiq
846,Microsoft/BotBuilder-Samples
132,MatthewJA/Inverse-Reinforcement-Learning
16,M1nnesota/JavaRush
17,MnogoByte/celery-redundant-scheduler
73,MewX/Psiphon3-for-Linux
30,MinecraftForge/Srg2Source
27,MinecraftForge/FernFlowerLegacy
21,MakerChetan/3D-Printing-ESP8266
145,MrQianJinSi/poetry_analyzer
18,MattGong/RestfulAPITest
35,MarkMuth/QtKittiVisualizer
1538,MatthewYork/MYBlurIntroductionView
1078,MiCode/Xiaomi_Kernel_OpenSource
143,Martin404/KIndex
94,MattKetmo/EmailChecker
2158,MovingBlocks/Terasology
33,Microsoft/Integration
589,MycroftAI/adapt
165,MA3STR0/kimsufi-crawler
28,MattShannon/armspeech
33,MIDS-scaling-up/coursework
995,Microsoft/ProjectOxford-ClientSDK
85,Mikesch-mp/icingaweb2-module-grafana
50,MinhasKamal/CuteVirusCollection
21,MarkusLange/OneWireSlave
12,MinecraftModdedClients/Resilience-Client-Source
16,MenuPolis/MLT
32,MesquiteProject/MesquiteCore
137,MediaTek-Labs/linkit-smart-7688-feed
95,MedZed/Electron-Youtube-to-Mp3-Converter
374,Miserlou/lambda-packages
112,Moskize91/TaolanTutorial
42,MultiChain/multichain-web-demo
405,Marak/pdf.js
189,MHordecki/readability-redux
13,ManagementCenterInnsbruck/InfineonMulticopter_LARIX
1080,Microsoft/microsoft.github.io
54,MrVPlusOne/Muse-CGH
298,Mibew/mibew
472,Microsoft/VSSDK-Extensibility-Samples
5753,Microsoft/WinObjC
83,Microsoft/code-challenges
150,Mervill/Unity3D-NLua
47,MadsAlbertsen/multi-metagenome
43,Military-Doctor/Bilibili
184,MayhemYDG/4chan-x
143,MicrocontrollersAndMore/OpenCV_3_Windows_10_Installation_Tutorial
83,Microsoft/code-challenges
44,Morningstar/kafka-offset-monitor
73,MrYsLab/s2a_fm
72,Microsoft/pxt-microbit
50,MaxPoon/coursera-Applied-Data-Science-with-Python
204,McGill-DMaS/Kam1n0-Plugin-IDA-Pro
1080,Microsoft/microsoft.github.io
151,Miserlou/Glance
2503,MobileChromeApps/mobile-chrome-apps
95,Microsoft/Cognitive-Face-Android
116,Microsoft/VSLinux
255,Microsoft/Appsample-Photosharing
147,Microsoft/Windows-task-snippets
398,Microsoft/XamlBehaviors
24,MrLevo520/Mini-Python-Project
101,MutopiaProject/MutopiaProject
81,MrZhang123/Vue_project
106,Maru-zhang/MARFaceBeauty
225,MikeMirzayanov/testlib
1650,Microsoft/UWPCommunityToolkit
16,MrHuds0n/golden
208,Molunerfinn/vue-koa-demo
107,MarkLeith/dbahelper
155,MiYogurt/MSMindMap
288,Microsoft/vscode-mssql
456,MultiMC/MultiMC5
641,MrAlex94/Waterfox
93,Mysticial/Flops
37,MachinesWhoLearn/workshops
1418,MiCode/Notes
259,Mixiaoxiao/Weather
188,Microsoft/DXUT
16,MenchiG/DJI-Onboard-SDK-Raspberry-Transparent-Transmit
1650,Microsoft/UWPCommunityToolkit
89,MozVR/panorama-viewer
77,Microsoft/timelinestoryteller
227,Microsoft/Windows-appsample-rssreader
103,Microsoft/Windows-appsample-familynotes
1650,Microsoft/UWPCommunityToolkit
138,MarSoft/pebble-firmware-utils
41,MoePlayer/hexo-tag-dplayer
1039,Mikhus/canvas-gauges
87,MasterGroosha/telegram-tutorial
77,Meloduet/Wpf-BilibiliVideoFetcher
54,Musiky/vue-community
106,MutePuker/TeleMute
33,MapWindow/MapWindow5
41,Metrime/gulp-download
12,MBXB/ARDistanceMeasurement_MBXB
97,MengLiMing/MLMSegmentPage
174,MJCIOS/MJCSegmentInterface
69,Meiqia/MeiqiaSDK-iOS
21,Mr-yuwei/YWLJMapView
2101,MugunthKumar/MKStoreKit
235,Maru-zhang/MRVLCPlayer
