64,nourani/LBP
403,niranjan94/show-java
9509,nagadomi/waifu2x
1550,nmap/nmap
2528,neozhaoliang/pywonderland
11501,netty/netty
1836,neuecc/UniRx
95,nbarbettini/BeautifulRestApi
199,nccgroup/demiguise
1800,nodejs/docker-node
8378,nicolargo/glances
195,nektra/Deviare2
93,nuke-build/nuke
2563,nicolaskruchten/pivottable
4235,nlintz/TensorFlow-Tutorials
276,nesbox/TIC-80
2891,ninja-build/ninja
40786,nodejs/node
3250,nojhan/liquidprompt
14081,npm/npm
126,nerves-project/nerves_examples
567,nerves-project/nerves
3128,netlify/netlify-cms
2116,nozzle/react-static
1605,negomi/react-burger-menu
1662,nitin42/react-imgpro
166,nkbt/react-debounce-input
2116,nozzle/react-static
1098,nodejs/Release
32502,nwjs/nw.js
32502,nwjs/nw.js
591,nats-io/nats-streaming-server
388,nkzawa/socket.io-stream
2116,nozzle/react-static
187,nlf/dhyve-os
140,nanohop/sketch-to-react-native
32502,nwjs/nw.js
157,nmhkahn/deep_learning_tutorial
1955,ncsoft/Unreal.js
3712,nrk/predis
24425,neovim/neovim
151,norzechowicz/mydrinks
1580,name5566/leaf
1108,nmathewson/Libevent
1108,nmathewson/Libevent
17384,numbbbbb/the-swift-programming-language-in-chinese
9032,nikitavoloboev/my-mac-os
12,nexmo-community/audiosocket-demo
383,nickhutchinson/libdispatch
31473,nvbn/thefuck
15,netcan/2017-HUAWEI-Codecraft
3561,nodejs/http-parser
22,nholthaus/gtest-runner
318,nmathewson/libevent-book
291,njpatel/grpcc
174,nativelibs4java/BridJ
2008,nghttp2/nghttp2
327,ndevilla/iniparser
119,nluedtke/linux_kernel_cves
2532,ncase/trust
671,ncase/sight-and-light
6789,nlohmann/json
24,nilouco/dpAutoRigSystem
66,nousxiong/gce
229,nickbruun/hayai
6789,nlohmann/json
4614,naver/pinpoint
3078,nikic/PHP-Parser
5398,nltk/nltk
784,nixawk/pentest-wiki
377,nuovo/spreadsheet-reader
3095,nothings/single_file_libs
3527,nexe/nexe
659,nareix/joy4
5281,numpy/numpy
8981,nswbmw/N-blog
285,node-modules/emoji
689,nickperkinslondon/angular-bootstrap-nav-tree
3409,networkx/networkx
788,naman14/AlgorithmVisualizer-Android
300,nibnait/algorithms
1056,notro/fbtft
4469,nginx/nginx
1711,nopSolutions/nopCommerce
78,nowandfurure/richeditor
8464,navasmdc/MaterialDesignLibrary
147,nilboy/pixel-recursive-super-resolution
5884,ninjaprox/NVActivityIndicatorView
4359,nomad/shenzhen
126,noties/Markwon
144,node-webot/co-wechat
228,npm/npmlog
1942,npm/node-semver
434,npm/nopt
1984,nodejs/nan
910,nitin42/redocx
944,nicklockwood/AsyncImageView
2321,noflo/noflo
218,n0tr00t/Beebeeto-framework
2944,n1nj4sec/pupy
821,nccgroup/Scout2
843,nswbmw/N-chat
238,nettitude/xss_payloads
248,nanshihui/PocCollect
444,ngalongc/bug-bounty-reference
248,nanshihui/PocCollect
330,nanshihui/Scan-T
148,n0tr00t/Beehive
248,nanshihui/PocCollect
2944,n1nj4sec/pupy
690,nccgroup/Winpayloads
580,nbs-system/php-malware-finder
226,notwaldorf/emojillate
4055,node-webot/wechat
29,nahamsec/recon_profile
3499,nolanlawson/optimize-js
1924,nicolasff/webdis
159,neex/ffmpeg-avi-m3u-xbin
3361,nixzhu/dev-blog
159,neex/ffmpeg-avi-m3u-xbin
3748,novnc/noVNC
1460,novnc/websockify
66,netxfly/xsec-dns-proxy
346,nfc-tools/libnfc
271,nfc-tools/mfoc
159,neex/ffmpeg-avi-m3u-xbin
159,neex/ffmpeg-avi-m3u-xbin
496,nixawk/labs
2562,nomiddlename/log4js-node
379,nodemcu/nodemcu-devkit
66,netxfly/xsec-dns-proxy
444,nebgnahz/awesome-iot-hacks
898,noplay/python-mysql-replication
61,nccgroup/CVE-2017-8759
496,nixawk/labs
11,neargle/SecNewsBak
712,notadd/notadd
79,nccgroup/Decoder-Improved
928,ntop/nDPI
398,nick-jonas/nick-jonas.github.com
80,nanqinlang-shadowsocksr/shadowsocksr-python
13911,nolimits4web/Swiper
1169,nyaadevs/nyaa
124,njsmith/h11
1579,nameko/nameko
218,nettitude/PoshC2
896,nathanlopez/Stitch
712,notadd/notadd
1060,nginx/unit
123,nilaoda/The-New-M3U8-Downloader
496,nixawk/labs
243,nuxsmin/sysPass
496,nixawk/labs
482,neoneggplant/EggShell
4140,ngbp/ngbp
98,neoclide/vim-jsx-improve
31,nicolas-van/sonant-x
519,nexus-js/ui
251,nategri/nematoduino
148,notro/rpi-source
4989,nicklockwood/FXBlurView
3466,ngrx/store
102,nooperpudd/chinastock
11,neosmart/RWLock
118,neosmart/pevents
164,nowgoo/dict
896,nathanlopez/Stitch
15729,nostra13/Android-Universal-Image-Loader
2494,nghialv/MaterialKit
532,nabla-c0d3/ssl-kill-switch2
126,nahamsec/JSParser
176,nccgroup/VCG
35,nyxgeek/dumpsniffer
34,nanshihui/normal_hark_lite
4701,notepad-plus-plus/notepad-plus-plus
107,nextcloud/nextcloudpi
2893,nextcloud/server
267,n00py/WPForce
126,netbiosX/Checklists
544,nccgroup/redsnarf
35,nyxgeek/dumpsniffer
104,neo-project/neo-gui
17,nathanchance/gcc-prebuilts
525,n0wa11/gfw_whitelist
17,ndruger/flowerizer
337,nopernik/sshpry
176,nccgroup/VCG
301,ncatlin/rgat
896,nathanlopez/Stitch
206,nneonneo/sha1collider
3955,ng-bootstrap/ng-bootstrap
68,networknt/light-oauth2
23,nvdla/nvdla.github.io
1130,nanotech/jellybeans.vim
89,nanoant/DisableTurboBoost.kext
60,nyxgeek/o365recon
529,nccgroup/featherduster
38,nccgroup/Berserko
73,n1nj4sec/mimipy
337,nopernik/sshpry
163,n0fate/chainbreaker
73,nahamsec/lazys3
122,nethunteros/punter
269,neo4j/neo4j-javascript-driver
258,nexB/scancode-toolkit
176,nccgroup/VCG
165,nowsecure/android-forensics
1112,nunit/nunit
282,nickbnf/glogg
736,nmap/npcap
3430,nats-io/gnatsd
817,norio-nomura/EasySIMBL
289,nyu-dl/NLP_DL_Lecture_Note
1896,nteract/nteract
184,nfc-tools/mfcuk
15,narchiii/Learn-Django-Payment-Processing
3349,nervgh/angular-file-upload
128,nccgroup/CrossSiteContentHijacking
19,nikumu/brain
2446,nodeca/js-yaml
149,nathan-osman/hang
1411,nacker/LZEasemob3
1349,nabla-c0d3/sslyze
3436,noodlewerk/NWPusher
33,nevermoe/protobuf-decoder
1642,niezhiyang/open_source_team
416,niderhoff/nlp-datasets
280,nWidart/DbExporter
1070,nodesecurity/nsp
117,netxfly/xsec-ip-database
75,nforest/droidimg
169,nginxinc/nginx-ldap-auth
4988,node-red/node-red
7484,nosir/cleave.js
40,navoshta/traffic-signs
66,nilotpalbiswas/Auto-Root-Exploit
441,nginxinc/kubernetes-ingress
4313,nicklockwood/iRate
1859,nixzhu/MonkeyKing
3585,nemoTyrant/manong
190,ninjatronic/angular-base64
774,nareix/mama-hd
587,n0tr00t/Sreg
18465,nvie/gitflow
28148,necolas/normalize.css
11,neos/Neos.NeosIo
18,neos/neos-base-distribution
5545,needim/noty
2446,nodeca/js-yaml
936,nolanlawson/marky
823,niorgai/Android-Resource-Usage-Count
1294,nisrulz/easydeviceinfo
115,nisrulz/packagehunter
39,nfer/cppparser
117,nahamsec/HostileSubBruteforcer
962,netblue30/firejail
4181,newsapps/beeswithmachineguns
18465,nvie/gitflow
42,n-riesco/jp-babel
402,notablemind/jupyter-nodejs
435,n-riesco/ijavascript
312,niklasb/libc-database
84,nccgroup/BurpSuiteLoggerPlusPlus
2207,nbs-system/naxsi
66,nccgroup/idahunt
555,nokiatech/heif
1219,nvzqz/RandomKit
17,nibocn/mynote
868,nicejade/Front-end-tutorial
2207,nbs-system/naxsi
86,nathantannar4/InputBarAccessoryView
1966,nicklockwood/iVersion
1642,niezhiyang/open_source_team
5173,nuysoft/Mock
7853,nodejitsu/node-http-proxy
16,nsarlin/BackdoorLinux
16,ne2der/ASyScallHookFrame
848,nightrome/really-awesome-gan
405,ngokevin/kframe
138,nagios-plugins/nagios-plugins
92,neuroo/grabber
459,nsidc/vagrant-vsphere
79,npm/npm-collection-staff-picks
10533,nsqio/nsq
525,nuprl/10PL
166,nono303/PHP7-memcache-dll
1734,naver/billboard.js
9470,niklasvh/html2canvas
3942,nsf/gocode
2736,nodesource/distributions
1617,ngx-translate/core
117,nrwl/nx
399,nrk/phpiredis
1811,neon-bindings/neon
7191,ncw/rclone
5006,north/north
490,nodejscn/node-api-cn
7191,ncw/rclone
4149,nvie/rq
17,notadd/framework
1142,nose-devs/nose
2565,nkrode/RedisLive
401,nose-devs/nose2
2132,nfmcclure/tensorflow_cookbook
23542,nylas/nylas-mail
2513,nicklockwood/SwipeView
84,nccgroup/BurpSuiteLoggerPlusPlus
85,nopernik/SSHPry2.0
117,nahamsec/HostileSubBruteforcer
124,nccgroup/shocker
504,nelenkov/android-backup-extractor
389,neuroradiology/InsideReCaptcha
209,nVisium/xssValidator
121,nshalabi/SysmonTools
84,nccgroup/kube-auto-analyzer
155,noazark/weather
348,noizwaves/bootstrap-social-buttons
141,neos/neos-development-collection
82,nikhita/tech-conferences-india
121,nshalabi/SysmonTools
188,njhartwell/pw3nage
72,nzambello/ellipsed
49,nbs-system/snuffleupagus
193,nccgroup/wssip
30,northwind6/WebBug
587,n0tr00t/Sreg
74,notice501/dotfiles
3585,nemoTyrant/manong
312,niklasb/libc-database
254,netzob/netzob
108,nystudio107/minify
1340,niieani/bash-oo-framework
6597,nfarina/homebridge
1495,ntop/ntopng
594,nicehash/NiceHashMiner
466,nitrico/LastAdapter
218,nukc/StateView
16,northox/ov-secure-kernel
2207,nbs-system/naxsi
40,navoshta/traffic-signs
10533,nsqio/nsq
2736,nodesource/distributions
4064,node-schedule/node-schedule
117,nahamsec/HostileSubBruteforcer
7484,nosir/cleave.js
67,norkunas/youtube-dl-php
67,ntrippar/ARPwner
134,nettitude/Prowl
2132,nfmcclure/tensorflow_cookbook
709,newghost/ourjs
416,nanchen2251/StudyForAndroid
2736,nodesource/distributions
28148,necolas/normalize.css
6982,nuxt/nuxt.js
460,nicklockwood/GLView
2833,nathancahill/Split.js
2476,nryoung/algorithms
700,newyjp/JPVideoPlayer
183,nodeschool/organizers
5235,nate-parrott/Flashlight
5173,nuysoft/Mock
1222,nekocode/Kotlin-Android-Template
11,notoriousb1t/vuejs-typestyle-seed
5173,nuysoft/Mock
2031,ngosang/trackerslist
117,netxfly/xsec-ip-database
247,newyjp/JPAnimation
319,nicklockwood/JPNG
2207,nbs-system/naxsi
1544,noelboss/featherlight
270,nathanbuchar/electron-settings
273,nikitavoloboev/my-ios
73,nanomsg/nnpy
6982,nuxt/nuxt.js
1061,nuptboyzhb/SuperSwipeRefreshLayout
593,neuecc/Utf8Json
1267,nlopes/slack
661,node-tensorflow/node-tensorflow
18,neal1991/export-medium
428,niqdev/packtpub-crawler
435,namin/inc
109,nicklan/i3config
435,nylas/nylas-perftools
139,nccgroup/vlan-hopping---frogger
247,nmap/ncrack
868,nicejade/Front-end-tutorial
114,nevermoe/unity_metadata_loader
81,nicolas-besnard/adminlte2-rails
850,nnmware/devoops
399,nrk/phpiredis
687,node-pcap/node_pcap
1788,nqdeng/7-days-nodejs
28,nicolastinkl/WeChatHongbao
41,nicejade/nice-front-end-tutorial
1280,nicolasbize/magicsuggest
868,nicejade/Front-end-tutorial
91,nccgroup/LazyDroid
40,nmeum/tpm
23542,nylas/nylas-mail
122,number5/cloud-init
561,neilpa/cmd-colors-solarized
5760,n1trux/awesome-sysadmin
24,nickromano/product-release-notes
38,nanit/kubernetes-graphite-cluster
275,nathanpeck/awesome-ecs
4149,nvie/rq
3979,nzakas/understandinges6
66,naemon/naemon
23,necrosis/slack-libpurple
144,nkalinov/ng2-datetime
77,napjon/krisk
717,nickbutcher/AdaptiveIconPlayground
143,nioteam/jquery-plugins
117,nrwl/nx
117,nrwl/nx
47,nccgroup/PythonClassInformer
428,niqdev/packtpub-crawler
183,nccgroup/umap
369,ntkme/github-buttons
425,neuland/micro-frontends
113,norberteder/trello
490,nodejscn/node-api-cn
257,nylas-mail-lives/nylas-mail
890,nsqio/go-nsq
19,nathanchance/build-tools-gcc
101,ngtcp2/ngtcp2
496,noflo/noflo-ui
143,nioteam/jquery-plugins
251,noxt/DIDatepicker
17,n4cr/iran-geojson
752,nodeWechat/wechat4u
1422,node-webot/weixin-robot
191,nekocode/ItemPool
71,nukc/LoadMoreWrapper
1571,nhachicha/SnappyDB
521,nficano/python-lambda
6444,necolas/react-native-web
269,nasa-gibs/worldview
15,nrw/kanso-spine-todos
43,nccgroup/gitpwnd
191,nekocode/ItemPool
71,nukc/LoadMoreWrapper
195,nspec/NSpec
425,neuland/micro-frontends
108,noxxi/p5-ssl-tools
353,nicholas-leonard/dp
17,nikivazou/theorem-proving-template
58,nccgroup/asatools
87,narayand4/nodejs
112,nunnly/everycode
2572,nieweidong/fetool
140,netxfly/passive_scan
35,nixawk/fuzzdb
43,nmalcolm/Inventus
3538,nodejs/node-gyp
690,node-modules/utility
87,narayand4/nodejs
4635,nasa/openmct
199,networkupstools/nut
2572,nieweidong/fetool
38,numtel/reactive-mysql-example
298,naneau/php-obfuscator
431,nullsecuritynet/tools
501,node-webot/wechat-oauth
8467,nodemailer/nodemailer
4912,nzakas/computer-science-in-javascript
1620,nutzam/nutz
51,nodeonly/stack
17,nebrius/raspi-i2c
2572,nieweidong/fetool
3322,nicolashery/mac-dev-setup
139,neal1991/articles-translator
3538,nodejs/node-gyp
1182,nana-4/materia-theme
1335,nats-io/go-nats
315,nurkiewicz/async-retry
202,nickjj/flask-webpack
779,nginxinc/docker-nginx
198,nicolaka/netshoot
191,nieweidong/learn-atom
35,neo-project/examples-csharp
204,nicolewhite/RNeo4j
287,nilboy/tensorflow-yolo
451,ncullen93/torchsample
174,nicolas-ivanov/seq2seq_chatbot_links
26,niudd/ICML-2017-Papers
327,ngParty/ng-metadata
63,ngParty/Angular1-scaffold
55,nathanleclaire/tarzan
33,nkbt/ng-modular
26,nitinagg1/android-video-listing-mvp
36223,nodejs/node-v0.x-archive
313,ntucllab/libact
12,nfc-tools/libndef
23,nuhil/javascript-handbook
6995,nlp-compromise/compromise
36,nicehash/NiceHashBot
1757,nborwankar/LearnDataScience
45,natbusa/deepcredit
6204,novus/nvd3
327,nishant8BITS/123-Essential-JavaScript-Interview-Question
143,ngavrish/coursera-machine-learning-1
132,nginnever/zogminer
453,nicehash/nheqminer
2168,nginx-boilerplate/nginx-boilerplate
19,niwinz/tornado-webtools
3547,naman14/Timber
181,nbarbettini/little-aspnetcore-book
152,n1k0/tinysynth
478,nagoshiashumari/Rpg-Awesome
839,nasa/mct
135,neil3d/excel2json
220,nant/nant
58,ndphillips/FFTrees
104,nprapps/mapturner
91,notrab/create-react-app-redux
773,nitishsrivastava/deepnet
279,niosus/EasyClangComplete
439,nndl/nndl.github.io
114,nonamestreet/weixin_public_corpus
129,nyu-dl/Intro_to_ML_Lecture_Note
147,ng-swat/angularjs-performance-tips
1757,nborwankar/LearnDataScience
59,neuoy/KSPTrajectories
36,neuoy/OneWireArduinoSlave
284,nuxt-community/express-template
627,neutrinolabs/xrdp
6073,nothings/stb
911,naudio/NAudio
60,noammor/coursera-machinelearning-python
2331,noamraph/tqdm
260,norvig/pytudes
546,ng-lightning/ng-lightning
194,ng2-ui/auto-complete
2025,nikgraf/belle
250,ncase/wbwwb
68,naivesound/glitch
717,nisrulz/android-examples
2454,nisrulz/android-tips-tricks
2454,nisrulz/android-tips-tricks
5496,node-nock/nock
120,nodebeats/nodebeats
265,nicodv/kmodes
78,neel4software/SpringSecurityOAuth2
3787,nodemcu/nodemcu-firmware
3787,nodemcu/nodemcu-firmware
446,nyu-dl/dl4mt-tutorial
414,nova-framework/framework
156,nicolasjafelle/RefreshMenuItem
11776,node-inspector/node-inspector
1008,networkprotocol/netcode.io
28,nebogeo/jellyfish
23,newventuresoftware/passing-azure-70-532
9870,nicklockwood/iCarousel
180,nicolaslopezj/simple-react-form
287,nishanthvijayan/CoderCalendar
2417,nadbm/react-datasheet
919,nodeca/pica
17,novoselrok/instareddit
243,nuttyartist/notes
120,nodebeats/nodebeats
430,ngUpgraders/ng-forward
262,nasa/trick
88,nVoid/Introduction-to-touchdesigner
594,neuecc/MessagePack-CSharp
833,neuecc/ZeroFormatter
318,nervetattoo/elasticsearch
315,nixme/pry-nav
260,norvig/pytudes
34,narasimhaprasad/StockPy
9870,nicklockwood/iCarousel
36,numerai/submission-criteria
95,nashory/gans-awesome-applications
539,nucleic/enaml
255,nh2/call-haskell-from-anything
13,ntezak/cirq
955,nshmura/RecyclerTabLayout
38,narenaryan/Tasker
299,nicroto/viktor
97,nortd/lasersaur
78,natcl/maxtoolbox
75,nesteruk/DesignPatternsWebinar
78,natanielruiz/dockerface
12,nitinkgp23/bdaybot
568,nodeschool/nodeschool.github.io
45,navignaw/TooManyChefs
2322,naoty/Timepiece
95,nashory/gans-awesome-applications
47,ndrplz/dilation-tensorflow
95,nashory/gans-awesome-applications
328,nodejs/node-eps
507,netlify/victor-hugo
930,ncase/loopy
100,nisrulz/android-utils
1231,namuol/cheet.js
1358,ng-book/angular2-rxjs-chat
1037,ngrx/platform
463,ninjablocks/433Utils
150,nomacs/nomacs
78,natcl/maxtoolbox
236,nical/lyon
42,ntruessel/qcgc
78,nezhar/wordpress-docker-compose
78,netbiosX/Pentest-Bookmarks
287,nishanthvijayan/CoderCalendar
55,nashvail/SplashWalls
36,nbeloglazov/clojure-interactive-tasks
482,nodenv/nodenv
2642,numba/numba
40,n17s/fest
26,nmstoker/lockebot
83,numfocus/gsoc
3787,nodemcu/nodemcu-firmware
3738,ninjinkun/NJKWebViewProgress
195,nbuilder/nbuilder
428,netyouli/WHC_ModelSqliteKit
371,nvaccess/nvda
278,nathanielw/Bootstrap-Pencil-Stencils
943,nickgravelyn/UnityToolbag
54,newagebegins/BattleCity
820,nirhart/ParallaxScroll
2454,nisrulz/android-tips-tricks
9878,nickbutcher/plaid
24,nikhilkumarsingh/FacebookGraphAPI-Examples
57,nicholasglazer/arch-cheat-sheet
254,nushackers/notes-to-cs-freshmen-from-the-future
68,ntuorangejuice/cheat-sheet
4524,noffle/art-of-readme
17,npm/etcetera
57,nextflow-io/awesome-nextflow
134,nealjean/predicting-poverty
81,negrinho/deep_architect
1161,nex3z/FlowLayout
5368,nfl/react-helmet
2454,nisrulz/android-tips-tricks
30,nigelbabu/pppconverter
201,nunit/docs
472,nagadomi/lbpcascade_animeface
70,nodejsjp/awesome-tokyo
197,nemonik/Intellect
139,nicolov/segmentation_keras
123,nwojke/deep_sort
793,nficano/pytube
446,nyu-dl/dl4mt-tutorial
591,noirbizarre/flask-restplus
112,narimiran/tably
78,natanielruiz/dockerface
793,nficano/pytube
11,nzhagen/jcamp
19,nndl/nndl-codes
23,nalxalni/AIandRobot
123,neubig/nn4nlp2017-code
23,nalxalni/AIandRobot
280,nadoo/glider
24,nikhilkumarsingh/FacebookGraphAPI-Examples
104,nathanleclaire/elk
4524,noffle/art-of-readme
250,nodiscc/awesome-linuxaudio
472,nagadomi/lbpcascade_animeface
793,nficano/pytube
298,nottombrown/rl-teacher
189,nightrome/really-awesome-semantic-segmentation
103,nathany/go-poodr
171,niessner/VoxelHashing
108,niessner/Matterport
27,nashory/gans-collection.torch
95,nashory/gans-awesome-applications
9037,nathanmarz/storm
5243,numenta/nupic
998,nrabinowitz/pjscrape
106,ngmigrate/ngmigrate.github.io
1358,ng-book/angular2-rxjs-chat
34,nklnkl/Article-Spinner
12,nuggetone/mturk
1079,nwinkler/atom-keyboard-shortcuts
1037,ngrx/platform
320,nielsutrecht/jwt-angular-spring
5324,necolas/idiomatic-css
1586,notifme/notifme-sdk
533,nicolaspanel/numjs
25,numjs/numjs
6040,neutraltone/awesome-stock-resources
5324,necolas/idiomatic-css
26,ng-consult/ng1-server
554,normanmaurer/netty-in-action
60,noelwelsh/pfennig
708,nvie/vim-flake8
9870,nicklockwood/iCarousel
115,neopenx/Dragon
33,narayanan2004/GraphMat
421,numenta/NAB
33,nmoya/whatsapp-parser
78,nezhar/wordpress-docker-compose
1739,ninjaframework/ninja
397,nikolas/github-drama
54,neilfws/PubMed
2377,nteract/hydrogen
255,nh2/call-haskell-from-anything
205,nstack/nstack
186,numerai/contract
22,nsiatras/sourcerabbit-gcode-sender
283,nielswh/iPhone-AR-Toolkit
215,nickjj/rolespec
258,nickjj/ansigenome
243,nickgammon/arduino_sketches
1206,nasa/NASA-3D-Resources
618,nvkelso/natural-earth-vector
3269,node-apn/node-apn
7279,nightwatchjs/nightwatch
414,nikic/php-ast
176,ngokevin/redux-raven-middleware
37,notro/tinydrm
533,neo4j-contrib/spatial
193,nathanielc/morgoth
88,nVoid/Introduction-to-touchdesigner
15,nVoid/Pixel-Packing-Examples
186,numerai/contract
52,nightsense/seabird
1026,nikgraf/awesome-draft-js
36,nikomatsakis/gnome-class
43,nosovsh/fifteen
1390,ni-c/heimcontrol.js
507,netlify/victor-hugo
50,nlposs/NLP-OSS
375,nvdla/hw
97,nytlabs/github-s3-deploy
30,nterry/Mono.Nat
4656,notwaldorf/tiny-care-terminal
19,neoben/smart-fancy-latex-cv
51,nassosoassos/sail_align
33,njeuk/dbmapper
243,neroniaky/angular2-token
148,net-ssh/net-sftp
245,nuxt-community/modules
117,neuecc/LightNode
27,nodejs/nodejs-pt
224,not-an-aardvark/snoowrap
20,nellore/vickitrix
22,newsof1111/ionic2-swipedTab-OpenProject
1037,ngrx/platform
1016,ngrx/example-app
30,nonplus/angular-ui-router-uib-modal
1122,nst/objc_dep
5968,nst/iOS-Runtime-Headers
3780,nanomsg/nanomsg
22,npp-plugins/plugintemplate
1721,niftylettuce/email-templates
38,nuxt-community/electron-template
83,nodeschool/spb
54,neubig/yrsnlp-2016
26,nmstoker/lockebot
186,numerai/contract
54,ndee85/Multi-Object-UV-Editing
11,nuveo/log
42,nuveo/gofn
2993,nvdv/vprof
15,nobnak/VertexAnimator
943,nickgravelyn/UnityToolbag
159,nicknlsn/MarioKart64NEAT
280,nwoolls/MultiMiner
55,nashvail/SplashWalls
273,new-xkit/XKit
36,nbeloglazov/clojure-interactive-tasks
119,nylas/ansible-test
95,nashory/gans-awesome-applications
1132,nishad/udemy-dl
77,nanek/mstranslator
397,nikolas/github-drama
327,nvzqz/Sage
2322,naoty/Timepiece
1090,nkzawa/socket.io-android-chat
492,naoufal/react-native-touch-id
84,naoyashiga/RPModalGestureTransition
61,nvzqz/Menubar-Colors
243,netpi/baidu-ocr-api
154,nicklockwood/VectorMath
34,noxytrux/SwiftGeom
5968,nst/iOS-Runtime-Headers
506,nealyoung/NYAlertViewController
5968,nst/iOS-Runtime-Headers
2051,necolt/Swifton
1552,nicklockwood/SwiftFormat
1741,nygard/class-dump
203,noseglid/atom-build
310,node-webot/wechat-enterprise
4656,notwaldorf/tiny-care-terminal
141,nihgwu/react-native-dva-starter
332,nickewing/line-reader
1795,ninject/Ninject
20,nnhy/RDPQueue
15,natemcmaster/dotnet-tools
508,net-commons/common-logging
3714,neilj/Squire
1181,nem0/LumixEngine
833,neuecc/ZeroFormatter
57,nhnent/socket.io-client-unity3d
725,nodatime/nodatime
201,nguyenhoanglam/ImagePicker
148,networknt/microservices-framework-benchmark
500,networknt/light-4j
124,nanchen2251/AppManager
589,nanchen2251/AiYaGirl
573,nanopb/nanopb
525,nanchen2251/RxJava2Examples
1155,nanchen2251/CompressHelper
9878,nickbutcher/plaid
147,nitishdayal/JavaScript30
156,newbreedofgeek/react-stepzilla
78,nhatminh12369/LineChart
41,nginxinc/docker-nginx-amplify
1896,nestjs/nest
214,nestorsalceda/mamba
15,ninetwozero/gradle-to-js
20,nodkz/mongodb-memory-server
2078,nisrulz/sensey
1291,nathansmith/unsemantic
61,nikhilkumarsingh/content-downloader
118,nanoninja/docker-nginx-php-mysql
224,nuxt-community/adonuxt-template
69,ngzhian/multi-step-modal
12,negativetwelve/react-native-ux-cam
2984,nodegit/nodegit
776,nahid/talk
106,nrwl/webpack-plugin-critical
718,node-js-libs/cli
69,nzakas/professional-javascript
298,nottombrown/rl-teacher
60,nazar/soapee-ui
16,naps62/ergodox-layout
107,nearai/pytorch-tools
144,nebula-plugins/gradle-lint-plugin
57,nextflow-io/awesome-nextflow
78,nlsdfnbch/bitex
81,nteract/sidecar
107,nickpisacane/CsvBuilder
139,nicolov/segmentation_keras
18,normandipalo/learn-to-walk-with-genetic-algs
1157,nvbn/everpad
123,nwojke/deep_sort
5243,numenta/nupic
299,nilearn/nilearn
16,nishapant/Women-in-Tech-Resources
205,nstack/nstack
2191,node-ffi/node-ffi
611,ntpeters/vim-better-whitespace
168,numa08/git-gitlab
685,nordnet/cordova-hot-code-push
154,nicola/tubemaps
13,nikolap/reframe-utils
1113,nitin42/terminal-in-react
55,nemccarthy/stash-pullrequest-builder-plugin
352,naoufal/react-native-activity-view
141,nihgwu/react-native-dva-starter
793,nficano/pytube
55,nolanlawson/pretty-s3-index-html
1358,ng-book/angular2-rxjs-chat
1896,nestjs/nest
1037,ngrx/platform
54,nmaro/staart
72,npow/ubottu
475,niklasb/dryscrape
123,nwojke/deep_sort
475,nim4/DBShield
47,noddos/noddos
17,nicotyze/Webrtc-H264Capturer
24,numist/project-typewriter
95,nashory/gans-awesome-applications
78,ndphillips/VisualResume
87,n26/N26AndroidSamples
3780,nanomsg/nanomsg
293,nickdesaulniers/node-nanomsg
155,neubig/nlptutorial
72,ndarray/ndarray
14,nadbordrozd/text-top-model
16,nerdammer/dockers
390,nicodjimenez/lstm
108,niessner/Matterport
446,nlplab/brat
95,nashory/gans-awesome-applications
5368,nfl/react-helmet
78,natanielruiz/dockerface
2377,nteract/hydrogen
186,nickg/nvc
375,nvdla/hw
48,namshi/godo
85,notahat/simplesynth
587,netvarun/docket
27,neubig/lxmls-2017
29,neal668/LightGBM-GBDT-LR
123,neubig/nn4nlp2017-code
446,nlplab/brat
543,netease-im/NIM_iOS_UIKit
2993,nvdv/vprof
2018,north2016/T-MVP
174,nieklinnenbank/FreeNOS
1592,nickoala/telepot
121,nekocode/doubanfm-py
216,n8henrie/pycookiecheat
115,noamtcohen/AudioStreamer
21,npinto/bottou-sgd
33,nokka/d2s
527,nimiq-network/core
392,nineties/py-videocore
270,nicolas-ivanov/tf_seq2seq_chatbot
39,ncchen55414/Winter-2016-CS231N
108,niessner/Matterport
375,nvdla/hw
47,ndrplz/dilation-tensorflow
27,neubig/lxmls-2017
66,nishnik/Deep-Semantic-Similarity-Model-PyTorch
139,nicolov/segmentation_keras
21,nrupatunga/PY-GOTURN
95,nashory/gans-awesome-applications
48,neelabhpant/Deep-Learning-in-Python
429,nnajm/orb
9870,nicklockwood/iCarousel
87,neo4j/neo4j-browser
31,neo4j-examples/movies-javascript-bolt
444,nickgillian/grt
108,niessner/Matterport
106,nullism/pycnic
270,nicolas-ivanov/tf_seq2seq_chatbot
2993,nvdv/vprof
2377,nteract/hydrogen
107,nearai/pytorch-tools
1334,node-gh/gh
17,nw/bigquery-schema-generator
390,nicodjimenez/lstm
43,nordicdyno/go-pubsub
32,nyuvis/explanation_explorer
38,neurodrone/crdt
125,niitsuma/word2vec-keras-in-gensim
234,neubig/nmt-tips
21,nipy/brainx
19,nriley/Karabiner-Elements-App-Profiles
1026,nicknisi/dotfiles
234,neubig/nmt-tips
2993,nvdv/vprof
133,nuclio/nuclio
102,nyu-dl/SearchQA
618,nvkelso/natural-earth-vector
19,nansencenter/DAPPER
134,nealjean/predicting-poverty
298,nottombrown/rl-teacher
31,nicohaenggi/SafariBooks-Downloader
421,numenta/NAB
527,na-ka-na/ExcelCompare
95,nashory/gans-awesome-applications
375,nvdla/hw
18,noorulhaq/reactive.loanbroker.system
12364,naptha/tesseract.js
11,noscripter/DNS-1
765,numixproject/numix-gtk-theme
105,nylas/nylas-mail-theme-starter
421,numenta/NAB
20,notedit/rtprecorder
12,noopkat/ms-bing-speech-service
847,nicoespeon/gitgraph.js
69,nadult/FreeFT
808,neelance/graphql-go
180,nicolaslopezj/simple-react-form
919,nodeca/pica
89,nethsix/gentle_tensorflow
793,nficano/pytube
66,ng2-ui/ngui
291,node-weixin/node-weixin-api
90,neuland/spring-jade4j
429,nnajm/orb
1795,ninject/Ninject
27,nadult/veclib
1586,notifme/notifme-sdk
461,niftylettuce/frisbee
180,naoufal/react-native-speech
47,nfriedly/spam-free-php-contact-form
38,nickian/mautic-whitelabeler
1483,nnupoor/js_designpatterns
24,ngengs/bootstrap-grid-flexbox
308,ngOfficeUIFabric/ng-officeuifabric
18,nestjs/swagger
339,numtel/meteor-mysql
1896,nestjs/nest
291,node-weixin/node-weixin-api
1896,nestjs/nest
125,nedbat/coveragepy
164,nodee-apps/cms
4067,nim-lang/Nim
248,namsral/flag
236,nbarbettini/SimpleTokenProvider
313,nessos/LinqOptimizer
833,neuecc/ZeroFormatter
46,naderman/composer-aws
11,nisargnp/DeadReckoning
28,nexage/sourcekit-vast-ios
3422,nylas/sync-engine
11,ng2-ui/popup
189,nau/jscala
57,nanopass/nanopass-framework-racket
435,nathanbuchar/atom-one-dark-terminal
402,nikhilk/node-tensorflow
260,nkolban/esp32-snippets
397,nikolas/github-drama
186,ncase/coming-out-simulator-2014
50,neubot/neubot
184,niklasvh/WebGL-GTA
185,ndbroadbent/icloud_photos_downloader
40,nanopool/ClaymoreZECMiner
485,nanopool/Claymore-Dual-Miner
12,nanopool/Claymore-XMR-CPU-Miner
22,nanopool/Claymore-XMR-Miner
529,nodesecurity/eslint-plugin-security
18,nodesecurity/vscode-nsp
11,nodesource/vs-code-for-node-js-development-pack
5368,nfl/react-helmet
1037,ngrx/platform
106,nrwl/webpack-plugin-critical
5243,numenta/nupic
318,needim/wdt-emoji-bundle
63,needim/wdtLoading
126,njj/haversine
41,neoneye/SpecificationPattern
12364,naptha/tesseract.js
27,niklasramo/mezr
1037,ngrx/platform
1132,nishad/udemy-dl
685,nordnet/cordova-hot-code-push
102,nordnet/cordova-hot-code-push-cli
31,nonplus/angular-ui-router-default
809,nitin42/animate-components
47,ndrplz/dilation-tensorflow
1447,netlify/staticgen
269,niwinz/django-jinja
141,node-on-mobile/androidify
761,node-on-mobile/node-on-android
18,neciu/react-mixpanel
212,nwcell/ics.js
346,nygardk/react-share
167,nelson-liu/paraphrase-id-tensorflow
70,nyorain/vpp
50,nbremer/datasketches
246,nerdvegas/rez
88,nVoid/Introduction-to-touchdesigner
78,nhatminh12369/LineChart
137,neilff/redux-ui-router
68,nyu-dl/WebNav
1627,ngryman/speedracer
147,nitishdayal/JavaScript30
7279,nightwatchjs/nightwatch
1896,nestjs/nest
18,nestjs/swagger
59,nestjs/cqrs
475,ngrx/effects
1037,ngrx/platform
30,nrcpp/nrcpp
121,nyaruka/smartmin
84,nhnent/tui.editor
108,netlify/jekyll-srcset
64,netlify-templates/jekyll-netlify-cms
1219,n3-charts/line-chart
25,neomerx/cors-psr7
144,n7olkachev/laravel-computed-properties
636,nprapps/pym.js
111,npm/read-package-json
888,natritmeyer/site_prism
1896,nestjs/nest
3269,node-apn/node-apn
161,nothingisdead/npm-kraken-api
485,nanopool/Claymore-Dual-Miner
90,neuland/spring-jade4j
429,nnajm/orb
1016,ngrx/example-app
5243,numenta/nupic
1627,ngryman/speedracer
1016,ngrx/example-app
1896,nestjs/nest
475,ngrx/effects
1037,ngrx/platform
33,nickuraltsev/finity
243,neroniaky/angular2-token
1016,ngrx/example-app
235,ncredinburgh/QuickTheories
125,nedbat/coveragepy
299,nicroto/viktor
1970,nonstriater/Learn-Algorithms
75,nozzle/nzTour
2116,newmarcel/KeepingYouAwake
1721,niftylettuce/email-templates
278,nathanielw/Bootstrap-Pencil-Stencils
438,nathanielw/Android-Lollipop-Pencil-Stencils
65,nystudio107/craft3-imageoptimize
150,nomacs/nomacs
297,nestproject/Nest
64,netlify-templates/jekyll-netlify-cms
24,nstogner/learning-http
204,nicolashery/example-d3-react
230,navjobs/validify
70,nswbmw/N-drifter
124,nswbmw/N-weibo
82,nswbmw/micro-scraper
1483,nnupoor/js_designpatterns
117,nicinabox/lets-split-guide
12,nordquip/sousms
72,nlsdfnbch/btfxwss
543,netease-im/NIM_iOS_UIKit
2167,nsomar/OAStackView
115,noamtcohen/AudioStreamer
123,neubig/nn4nlp2017-code
793,nficano/pytube
430,nypublicradio/audiogram
37,navarr/ytaudio
118,nanoninja/docker-nginx-php-mysql
263,nicolewhite/slack-meme
16,nishapant/Women-in-Tech-Resources
29,naman14/gnome-android-tool
30,nigelbabu/pppconverter
530,ncapdevi/FragNav
55,naman14/Hacktoberfest-Android
55,naman14/Hacktoberfest-Android
247,nengo/nengo
1845,nosir/obelisk.js
45,nobodyiam/spring-cloud-in-action
19,ndamnjanovic/laravel-classifieds
17,normative/generator-hapi-service
107,nickpisacane/CsvBuilder
1616,nimojs/gulp-book
680,netputer/wechat-php-sdk
1483,nnupoor/js_designpatterns
50,nitely/python-react-v8
215,nylas/make-deb
24,napalm-automation/napalm-logs
247,nengo/nengo
1016,ngrx/example-app
1037,ngrx/platform
11,nanxung/QQ_zone
37,nik0spapp/usent
95,nashory/gans-awesome-applications
61,nikhilkumarsingh/content-downloader
1586,notifme/notifme-sdk
24,nirvanatikku/bittrex-enhanced
375,nvdla/hw
954,niltsh/MPlayerX
107,nearai/pytorch-tools
112,narimiran/tably
1748,nodebox/opentype.js
33,nobodyme/dynamic-programming
1970,nonstriater/Learn-Algorithms
155,neubig/nlptutorial
28,nteract/vdom
132,niklongstone/regular-expression-cheat-sheet
15,nathanielw/nz-flag-graph
95,nashory/gans-awesome-applications
2603,nnhubbard/ZSSRichTextEditor
115,novafloss/django-chartjs
64,node-weixin/node-weixin-pay
291,node-weixin/node-weixin-api
28,nteract/vdom
617,nikolaeu/numi-extensions
12364,naptha/tesseract.js
173,nerdammer/spark-hbase-connector
2078,nisrulz/sensey
28,nidem/MeteorMiner
14,nathanpeck/aws-ecs-deployment-patterns
439,nextcloud/android
132,nextcloud/ios
175,nextcloud/calendar
709,noahbuscher/Macaw
145,nextcloud/nextcloud-snap
152,nilshoenson/shared-text-styles
460,niutech/node.php
808,neelance/graphql-go
102,namshi/docker-smtp
1217,nhibernate/nhibernate-core
248,netlify/gocommerce
749,nmdias/DefaultsKit
230,navjobs/validify
18,nyenye/react-native-quickstarter
99,nadineproject/nadine
22,newrelic/el-dorado-ui
106,nrwl/webpack-plugin-critical
761,node-on-mobile/node-on-android
318,nEXT-Browser/nEXT
685,nordnet/cordova-hot-code-push
1896,nestjs/nest
165,njuljsong/wsjUnblock
81,networktocode/ntc-templates
158,nipy/nibabel
657,naiquevin/pipdeptree
371,niklasso/minisat
302,nemanja-m/gaps
1026,nikgraf/awesome-draft-js
761,node-on-mobile/node-on-android
31,nicferrier/emacs-kv
4522,ninenines/cowboy
298,nottombrown/rl-teacher
444,nickgillian/grt
2410,ngReact/ngReact
458,node-influx/node-influx
188,noamraph/dreampie
1316,nerevu/riko
1316,nerevu/riko
14,nao-sec/mal_getter
164,npgsql/Npgsql.EntityFrameworkCore.PostgreSQL
27,nonNoise/akilib
43,nanoant/WebFrameworkBenchmark
1343,netease-youdao/hex
269,nvbn/py-backwards
52,nliu86/word2vec-doc2vec
45,nrc-cnrc/EGSnrc
33,neulab/NL2code
912,nathanmarz/storm-starter
1576,novoda/android-demos
189,nodejs/help
73,ng-conf/submissions-2015
27,nyuvis/patient-viz
602,nikhilk/scriptsharp
73,ng-conf/submissions-2015
21,niyaoyao/ny-weex-app
103,niyaoyao/EasyResigny
22,niyaoyao/Lotus
135,njtierney/naniar
71,northbright/Notes
16,nirajvermafcb/Data-Science-with-python
14,numerai/example-scripts
54,npoggi/vagrant-docker
126,nidi3/graphviz-java
560,nneonneo/2048-ai
294,nvkelso/geo-how-to
394,nschloe/matplotlib2tikz
47,nschloe/betterbib
190,nohana/Laevatein
611,nuptboyzhb/AndroidPluginFramework
141,nriley/brightness
112,navabi/JustifiedTextView
44,newhoggy/hashids-scala
28,nvcuong/HOSemiCRF
14,nkundiushuti/pydata2017bcn
62,nschneid/unix-text-commands
17,neuro-ml/reskit
551,nofelmahmood/Seam
96,ngVue/ngVue
166,ndless-nspire/Ndless
802,npm-algos/npm-algos
542,nix-rust/nix
1014,nst/STTwitter
848,nxtbgthng/OAuth2Client
27,nyu-mll/spinn
1109,neologd/mecab-ipadic-neologd
34,nuko-yokohama/neo4j_fdw
31,nmathewson/tinytest
28,namecoin/ncdns
496,nodebox/nodebox
25,ninjin/liblinear
25,nutszebra/neural_architecture_search_with_reinforcement_learning_appendix_a
526,nicklockwood/MustOverride
112,ndrewtl/airspace-jekyll
2385,nst/RuntimeBrowser
15,nydiarra/springboot-jwt
27,nyu-mll/spinn
637,nikgraf/webvr-experiments
462,notadd/neditor
24,nettm/ZooInspector
31,nutsteam/apiManager
37,nathanabrewer/jsplumb-ng
54,nuitdebout/nuitdebout.github.io
404,nswbmw/N-club
31,nextreports/nextcharts
35,napsternxg/ipython-notebooks
322,ndee85/coa_tools
34,nossas/slate-editor
187,nbsdx/ThreadPool
256,nfedyashev/retryable
209,nicolaskruchten/jupyter_pivottablejs
22,ng-select/ng-select
604,natefinch/lumberjack
201,nok/sklearn-porter
26,nchah/freebase-triples
68,number9473/nn-algorithm
225,nitso/colour-mysql-console
24,napsternxg/TwitterNER
1356,ngaut/builddatabase
270,nicholaslocascio/deep-regex
19,nuxsmin/sysMonDash
40,notnyt/beaglebone
16,nanjunxiao/LDA
201,neophob/PixelController
41,no13bus/bustime
122,npow/MemNN
103,niangaotuantuan/Publications-of-Deep-Learning-in-NLP
49,numbbo/coco
15,norksec/torcrack
99,nodemailer/smtp-connection
1420,nicinabox/superslides
23,nyu-mll/DS-GA-1011-Fall2017
31,neoremind/kraps-rpc
49,n-s-f/hierarchical-rnn
20,naveedn/vayder
33,nsoojin/coursera-ml-py
97,nordicway/moji
468,nehbit/aether-public
205,namecoin/namecoin-core
377,niklasf/python-chess
2938,nicolasgramlich/AndEngine
368,nicolasgramlich/AndEngineExamples
423,neurokernel/neurokernel
61,normanjoyner/node-quandl
105,nationalparkservice/data
197,niltonvolpato/python-progressbar
105,nationalparkservice/data
12,named-data-mobile/NFD-android
51,named-data/NFD
19,named-data/NLSR
15,naglalakk/loive
23,nexB/aboutcode
95,nnadl-ja/nnadl_site_ja
12,nlintz/StrokeWidthTransform
105,nationalparkservice/data
15,nttputus/robotvision
20,nkolban/ESP32_BLE_Arduino
90,nashvail/Chronus
274,nemanja-kovacevic/recycler-view-swipe-to-delete
956,nylira/prism-break
105,nationalparkservice/data
55,noplay/scrapy-graphite
78,noplay/scrapy-elasticsearch
72,neven7/WeTest
140,ngallagher/simpleframework
2938,nicolasgramlich/AndEngine
956,nylira/prism-break
105,nationalparkservice/data
114,noopkat/oled-js
13,ndemir/stacking
20,nkolban/ESP32_BLE_Arduino
176,nicolas-ivanov/debug_seq2seq
132,nipy/dipy
275,nipy/nipype
11,nekowen/5000-trillion-yen-converter
33,nsoojin/coursera-ml-py
78,negezor/vk-io
22,neural-nuts/image-caption-generator
21,nbuchwitz/icingaweb2-module-map
11,nmrksic/attract-repel
273,neldredge/mathgen
893,nidium/Nidium
21,nishithbsk/tensorflow_tutorials
316,nylen/d3-process-map
13,numenta/htmpapers
62,noirotm/flvmeta
139,nephila/djangocms-blog
55,nicolalamacchia/powerline-consolas
49,numbbo/coco
436,nishad/udemy-dl-windows
44,naokishibuya/car-behavioral-cloning
17,nghuuphuoc/tocjs
327,niuzhiheng/caffe
67,nmaier/mintrayr
912,netgloo/spring-boot-samples
67,nmaier/mintrayr
333,novaspirit/AlexaPi
176,nicolas-ivanov/debug_seq2seq
3372,nayafia/lemonade-stand
163,nyu-dl/dl4mt-cdec
41,ndea/rstreamor
194,neuroph/neuroph
179,natanielruiz/android-yolo
37,nyu-mll/multiNLI
33,nsoojin/coursera-ml-py
36,nicolasbrailo/cpp_exception_handling_abi
21,nishithbsk/tensorflow_tutorials
22,nd009/titanic_survival_exploration
191,naver/d2codingfont
105,nationalparkservice/data
16,nayunhwan/UnivColor
11,nmrksic/attract-repel
163,nyu-dl/dl4mt-cdec
50,nirm03/SublimeLinter-clang
40,napsternxg/pytorch-practice
191,naver/d2codingfont
197,niltonvolpato/python-progressbar
105,nationalparkservice/data
105,nationalparkservice/data
94,nopjia/webgl-particles2
59,nopjia/webgl-particles
197,niltonvolpato/python-progressbar
197,niltonvolpato/python-progressbar
503,nodemcu/nodemcu-devkit-v1.0
19,ncortines/morgan-stanley-pl
258,nyghtowl/Interview_Problems
18,nokia/mesos-scala-api
11,njuaplusplus/njuaplusplus
111,neubig/lamtram
1265,nodeca/pako
70,nike-17/peskov.watch
377,nviennot/nobrainer
12,nt-team/react-native-editor
53,nasa/Common-Metadata-Repository
78,nspragg/filehound
83,niutech/showModalDialog
635,nhnent/fe.javascript
458,neolee/SCU
41,nhr/swn
163,nodemailer/wildduck
339,nfriedly/express-rate-limit
78,nashaofu/dingtalk
363,nielsenramon/chalk
2473,nathanvda/cocoon
54,nhmkdev/cardmaker
142,nuptboyzhb/AndroidInstantRun
18,nextcloud/jsxc.nextcloud
30,nabetaro/elinks
457,naver/ngrinder
18,nexse-swat-team/kata
13,nguyer/pebble-engineering
216,neeasade/dotfiles
13,normal1017/YunShiPei_Base_AmazeUI
121,nekocode/zhihuSayHi
1457,noidontdig/gitdown
39,nlguillemot/arcball_camera
166,nextcloud/bookmarks
434,niceue/nice-validator
933,niwinz/django-redis
12,nluedtke/brochat-bot
359,numerical-mooc/numerical-mooc
28,noamelf/pycubator
433,neokoenig/jQuery-gridmanager
78,notwaldorf/mojibrag
78,notwaldorf/mojibrag
725,ninenines/ranch
816,nikhilpanju/RecyclerViewEnhanced
167,nantaphop/HoverTouchView
104,nelsoncash/angular-ripple
223,no1msd/mstch
23,ncornwell/R
551,nicksp/redux-webpack-es6-boilerplate
13,ndmitchell/nsis
44,nspduanlei/Reader
18,nschloe/perfplot
114,nnja/tweeter
18,neo4jrb/neo4apis-activerecord
2002,nosqlclient/nosqlclient
118,nullice/limitPNG
449,nsonnad/base16-ipython-notebook
180,node-modules/agentkeepalive
30,noahlh/aws-automated-backup-powershell
30,nomadturk/vpn-adblock
317,node-facebook/facebook-node-sdk
352,no13bus/redispapa
129,node-webot/webot
472,n1nj4sec/memorpy
164,netceteragroup/valdr
681,naspeh/mailur
80,namshi/roger
11,nagareproject/core
391,nicklockwood/LayerSprites
4562,nickoneill/PermissionScope
1645,netguru/ResponseDetective
50,neonichu/GDataXML
281,nerdycat/NerdyUI
47,nestorpopko/NPProgressLabel-Swift
34,netyouli/WHC_PullAndUpRefreshDemo
682,netyouli/WHC_DataModelFactory
84,nikini/ionic-gallery-modal
743,nixzhu/Proposer
682,netyouli/WHC_DataModelFactory
169,nhatminh12369/BarChart
1973,nicolaschengdev/WYPopoverController
