273,oetiker/SmokePing
907,out0fmemory/GoAgent-Always-Available
109,openstack/syntribos
523,openiddict/openiddict-core
2897,offensive-security/exploit-database
1711,oarriaga/face_classification
6190,openalpr/openalpr
18,openzim/mwoffliner
1454,openwrt/openwrt
900,obfuscator-llvm/obfuscator
490,omriher/CapTipper
82,ortegaalfredo/kscope
18919,opencv/opencv
8261,ocornut/imgui
5556,openframeworks/openFrameworks
2380,openstack/openstack
4850,ogaclejapan/SmartTabLayout
7708,odoo/odoo
7566,openai/gym
3982,os-js/OS.js
12280,oneuijs/You-Dont-Need-jQuery
102,openschoolbr/forum
3822,oddbird/susy
100,ovh-ux/ovh-chatbot
245,offirgolan/ember-light-table
222,offirgolan/ember-burger-menu
191,oti/slack-reaction-decomoji
41,obetomuniz/autocomplete-semantic-web
1486,ofek/hatch
1472,oopsguy/microservices-from-design-to-deployment-chinese
2317,open-source-parsers/jsoncpp
2738,octokit/octokit.rb
3453,ornicar/lila
135,oetiker/smokeping-3.x
9524,oxford-cs-deepnlp-2017/lectures
5562,owncloud/core
100,openfrontier/docker-gerrit
1677,offensive-security/kali-nethunter
1398,onnx/onnx
3531,ogham/exa
1815,oblique/create_ap
1842,open-falcon/falcon-plus
71,ospector/gtest-gbar
51,objectcomputing/quickfast
5521,openssl/openssl
3250,oklai/koala
728,overtake/TelegramSwift
6049,ory/editor
3472,orhanobut/dialogplus
13,ohmystack/docker-tool
2353,opendigg/awesome-github-wechat-weapp
5633,open-power-workgroup/Hospital
5247,onurakpolat/awesome-bigdata
3403,opendigg/awesome-github-vue
2315,openai/baselines
380,open-mpi/ompi
95,ouqiang/delay-queue
246,optimaize/language-detector
70,owant/ThinkMap
3576,osxfuse/osxfuse
42,owtf/wafbypasser
62,ochukai/hexo-theme-ochuunn
25,orangetw/bug-bounty-reference
520,offensive-security/exploit-database-bin-sploits
766,orangetw/My-CTF-Web-Challenges
313,ojasookert/CVE-2017-0785
24629,ossu/computer-science
68,omwteam/webAdmin
118,omergertel/pyformance
113,orangetw/tsh
2880,olucurious/Awesome-ARKit
149,omri9741/cve-2017-7494
113,orangetw/tsh
48,ohmyadd/wetland
1186,overtrue/laravel-wechat
50,osqzss/bladeGPS
83,oscmejia/os-utils
6345,octobercms/october
402,onethawt/reverseengineering-reading-list
1186,overtrue/laravel-wechat
14,oh-my-fish/plugin-grc
1554,omz/Dash-Plugin-for-Xcode
2073,olivierlacan/keep-a-changelog
766,orangetw/My-CTF-Web-Challenges
324,o2team/wxapp-market
667,openresty/headers-more-nginx-module
2340,oldratlee/translations
45,orangetw/Tiny-URL-Fuzzer
79,olahol/express-chrome-logger
2756,oa414/objc-zen-book-cn
11,oleksiykovtun/Word-Export-to-PDF
6345,octobercms/october
313,ojasookert/CVE-2017-0785
137,openscad/MCAD
24629,ossu/computer-science
2880,olucurious/Awesome-ARKit
73,orsjb/beads
2209,otale/tale
330,onmyway133/GifCapture
273,osfans/trime
36,oubiwann/metaphone
241,openzipkin/zipkin-go-opentracing
779,opentracing/opentracing-go
1730,onsi/ginkgo
859,oblador/react-native-image-progress
6038,openstf/stf
310,operatorequals/covertutils
317,oneforce/book-warehouse
991,opencontainers/runtime-spec
2073,olivierlacan/keep-a-changelog
15,ouspg/fuzz-testing-beginners-guide
18023,open-guides/og-aws
17,oopsr/VoIPPush
28,oopsr/AVDecode
453,omni360/three.js.sourcecode
196,opensource-apple/CF
199,openLRSng/openLRSng
52,oooldking/script
443,opnsense/core
2031,oclint/oclint
868,openstack/bandit
1793,objccn/articles
940,oldratlee/useful-scripts
182,onlyliuxin/coding2017
213,overtrue/weibo-dogs-killer
2330,omnigroup/OmniGroup
10019,octocat/Spoon-Knife
63,offensive-security/kali-cloud-build
38,oujinlong/OJLRedBook
7648,orhanobut/logger
356,openai/mujoco-py
526,ogrebgr/android_volley_examples
42,openstack/powervc-driver
46,openstack/pycadf
9923,onevcat/Kingfisher
139,orangeduck/LuaAutoC
2286,owncloud/android
272,openai/imitation
805,openai/roboschool
138,openvehicles/Open-Vehicle-Monitoring-System
2396,openebs/openebs
104,omergunal/hackerbot
42,omegaup/minijail
2699,oh-my-fish/oh-my-fish
6268,openfaas/faas
55,openaddresses/pyesridump
251,ole/CollectionViewParallaxScrolling
264,ole/OBSlider
9923,onevcat/Kingfisher
133,opendatakit/collect
1725,ottoyiu/django-cors-headers
1918,oauthjs/node-oauth2-server
4225,openresty/openresty
1559,overtake/telegram
9923,onevcat/Kingfisher
3586,oblador/react-native-animatable
6104,openai/universe
2700,omab/python-social-auth
1725,ottoyiu/django-cors-headers
1725,ottoyiu/django-cors-headers
40,otech47/react-native-donaldsays
466,octol/vim-cpp-enhanced-highlight
2350,open-android/Android
155,onlycoder/openmeeting2
81,okoysm/Curriculum-Vitae-template
3586,oblador/react-native-animatable
126,orf/xcat
738,openblockchains/awesome-blockchains
29,opsxcq/docker-tor-hiddenservice-nginx
165,oxford-cs-deepnlp-2017/practical-1
69,oxford-cs-deepnlp-2017/practical-2
58,oxford-cs-deepnlp-2017/practical-3
54,oxford-cs-deepnlp-2017/practical-open
367,oopsguy/WechatSmallApps
1964,optonaut/ActiveLabel.swift
1026,orazz/CreditCardForm-iOS
8654,ochococo/Design-Patterns-In-Swift
69,opensheetmusicdisplay/opensheetmusicdisplay
6268,openfaas/faas
99,onevcat/OneV-s-Den
259,openstack/python-swiftclient
123,openstack/python-openstacksdk
142,openstack/requests-mock
241,openstack/ironic
6268,openfaas/faas
2970,openlayers/openlayers
564,ocaml/opam
259,openstack/python-swiftclient
73,olalonde/deisdash
153,olebedev/emitter
50,onlyliuxin/f2ap
607,oscarotero/psr7-middlewares
356,openstf/adbkit
4558,olivernn/lunr.js
219,oleiade/reflections
2555,ocombe/ocLazyLoad
4594,oliver-moran/jimp
868,openresty/lua-resty-redis
5115,openresty/lua-nginx-module
2699,oh-my-fish/oh-my-fish
3103,orvice/ss-panel
2575,oguzhaninan/Stacer
253,onevcat/vno-jekyll
1294,onlurking/awesome-infosec
618,oNaiPs/droidVncServer
362,olacabs/jackhammer
319,objective-see/LuLu
129,oblivia-simplex/roper
738,openblockchains/awesome-blockchains
138,openvehicles/Open-Vehicle-Monitoring-System
1829,ossec/ossec-hids
274,offensive-security/kali-linux-docker
4270,ossu/data-science
1294,onlurking/awesome-infosec
208,obsidianforensics/hindsight
362,olacabs/jackhammer
5115,openresty/lua-nginx-module
28,openvenues/php-postal
22,o2platform/DefCon_RESTing
1106,osTicket/osTicket
28,ogmacorp/EOgmaDrive
2555,ocombe/ocLazyLoad
615,ovr/phpsa
3103,orvice/ss-panel
5115,openresty/lua-nginx-module
126,orf/xcat
18,ocarneiro/para-entender-a-internet
270,olucurious/PyFCM
553,ocharles/papers
1497,oracle/docker-images
2085,olov/ng-annotate
202,oxoooo/earth
680,omnirom/android_bootable_recovery
3258,oldj/SwitchHosts
1941,owner888/phpspider
1497,oracle/docker-images
50,onlyliuxin/f2ap
2350,open-android/Android
1729,ole/whats-new-in-swift-4
155,oakes/PixelJihad
933,opsnull/follow-me-install-kubernetes-cluster
3871,overtone/overtone
361,owainlewis/emacs-color-themes
6268,openfaas/faas
1302,opencog/opencog
327,osbzr/gooderp_addons
2805,ossrs/srs
1294,onlurking/awesome-infosec
611,openshift/source-to-image
1106,osTicket/osTicket
738,openblockchains/awesome-blockchains
11,opt-oss/NG-NetMS
14,ovh-ux/ovh-manager-web
160,opentracing/specification
825,onethawt/idaplugins-list
187,opendtrace/toolkit
3437,ory/hydra
1022,ory/ladon
491,onetimesecret/onetimesecret
19,opentracing-contrib/python-django
319,objective-see/LuLu
226,ocmdev/rita
54,objective-see/sniffMK
481,openmv/openmv
1289,olgabot/prettyplotlib
1297,oldmanpushcart/greys-anatomy
1497,oracle/docker-images
50,onlyliuxin/f2ap
933,opsnull/follow-me-install-kubernetes-cluster
2569,ongakuer/CircleIndicator
825,onethawt/idaplugins-list
2652,onmyway133/fantastic-ios-animation
11,opt-oss/NG-NetMS
83,ops-class/www
104,open-mpi/hwloc
127,opencontrol/compliance-masonry
17,opencontrol/schemas
119,opennota/re2dfa
64,open-android/BridgeWebView
1693,oasisfeng/condom
1693,oasisfeng/condom
72,orling/grapheme-splitter
271,opsxcq/exploit-CVE-2016-10033
5425,overtrue/wechat
11,oschina/glDatePicker
13,ozil-110/reactApp
240,openmessaging/openmessaging-java
1449,ooyala/barkeep
1585,overtrue/share.js
3486,openshift/origin
77,oldj/pyheatmap
1057,osrg/gobgp
910,onejgordon/flow-dashboard
81,oulvhai/MWeb-Themes
349,off99555/machine-learning-curriculum
378,osh/KerasGAN
103,opennars/opennars
788,openai/universe-starter-agent
189,openai/multiagent-competition
93,oxfordinternetinstitute/InteractiveVis
179,onplus/shadowsocks-heroku
74,ooibc88/blockbench
20,openstack/python-don
1432,octocat/Hello-World
522,ossfriday/ossfriday
56,origgami/CMB2-grid
296,odota/ui
40,oa414/AppCrawler
2518,opengapps/opengapps
882,openstack/neutron
39,oliversalzburg/i18n-node-angular
45,oazabir/GoogleDoc2Html
52,oliversalzburg/typo3scripts
945,oakmac/chessboardjs
1508,okTurtles/dnschain
2012,openimages/dataset
3732,opencart/opencart
302,ozgur/python-firebase
65,origoni/spring-blog
23,omerjerk/Screenshotter
645,odyniec/imgareaselect
12,olddocks/facialkeypoints
87,osrf/car_demo
66,owenzhang/Kaggle-AmazonChallenge2013
1907,opencv/opencv_contrib
49,ojas/101
278,osh/kerlym
1341,openthread/openthread
170,obgm/libcoap
3180,opserver/Opserver
241,oferh/ng2-completer
1418,okonet/lint-staged
34,ofZach/dayForNightSFPC
564,olilarkin/wdl-ol
72,openstack/tripleo-quickstart
1186,orderedlist/minimal
193,ovenslove/vue-mdEditor
193,ovenslove/vue-mdEditor
41,openchain/openchain-js
2012,openimages/dataset
1907,opencv/opencv_contrib
1026,openai/improved-gan
72,orizens/supernova-angular-1.5.x-es6-starter
1025,openai/requests-for-research
384,olikraus/u8g2
100,original-male/non
148,okmr-d/App-Launching-like-Twitter
25,oskardudycz/EventSourcing.NetCore
1173,oneclick/rubyinstaller
440,orktes/atom-react
1192,observing/pre-commit
11,ouvrages/jfontsize
41,okgrow/react-native-joyride
128,oauthjs/express-oauth-server
16,osv/telegram-scenario-bot
3601,odeke-em/drive
182,opentoonz/dwango_opentoonz_plugins
1879,opentoonz/opentoonz
390,openssh/openssh-portable
14,oomori/CFStringTokenizer
179,optimajet/WorkflowEngine.NET
1055,oxyplot/oxyplot
1349,octokit/octokit.net
1252,omadahealth/LolliPin
1801,openscad/openscad
3180,opserver/Opserver
35,oscarperpinan/rastervis
72,opengisch/QField
1222,osmandapp/Osmand
508,orgzly/orgzly-android
180,omz/PythonistaAppTemplate
268,oreillymedia/t-SNE-tutorial
183,oeway/pytorch-deform-conv
3587,orangeduck/Cello
16,onlinereadbook/bookunity
47,omimo/TFDroid
17,odoo-cn/auth_oauth_extended
180,ofek/privy
2897,okmr-d/DOFavoriteButton
741,oschina/android-app
52,odashi/primitiv
37,opsdisk/pagodo
16,opsdisk/dnmapR
1228,owocki/pytrader
213,omc/dendrite
565,openemr/openemr
182,opentoonz/dwango_opentoonz_plugins
1102,oney/react-native-webrtc
127,openAVproductions/openAV-Luppp
59,opensdmx/rsdmx
41,opf/openproject-ce
1622,opf/openproject
193,owenzhang/kaggle-avazu
40,ospfranco/react-native-link-preview
61,opencredo/test-automation-quickstart
24,opencb-bigdata-viz/genome-maps
100,original-male/non
150,objorke/PropertyTools
69,ohsiwon/JogDial.js
33,opensourcebeehives/Hive_ColoradoTopBar
15,opendesk/smartdesk
405,otem/Raspberry-Pi-Looper-synth-drum-thing
765,opengl-tutorials/ogl
2964,owainlewis/awesome-artificial-intelligence
188,orrsella/soft-eng-interview-prep
30,osresearch/vst
282,overtone/shadertone
216,oh-moore/followpie
405,otem/Raspberry-Pi-Looper-synth-drum-thing
823,openscenegraph/OpenSceneGraph
93,opensim-org/opensim-core
434,orta/vscode-jest
210,opendns/dataviz
16,oneezy/gtd-trello-card-links
100,orgmanager/orgmanager
26,onehungrymind/angular2-rxjs-examples
35,onehungrymind/dashing-angular
1026,olivierverdier/zsh-git-prompt
26,owncloud/davclient.js
131,overdrivenpotato/rust-vst2
198,olemb/mido
32,omni-lchen/zabbix-cloudwatch
50,openBliSSART/openBliSSART
172,odranoelBR/vue-quasar-admin-example
657,owtf/owtf
8435,onevcat/VVDocumenter-Xcode
2906,omz/ColorSense-for-Xcode
909,onevcat/Rainbow
1307,onmyway133/fantastic-ios-architecture
71,oreillymedia/svg-essentials-examples
332,openresty/stream-lua-nginx-module
14,odera89/clean-blog-angularjs
1148,opsschool/curriculum
270,oleg-shilo/cs-script
41,oozcitak/imagelistview
2026,oblac/jodd
75,osteel/docker-tutorial
495,openfarmcc/OpenFarm
1325,openaddresses/openaddresses
21,of2team/Opposing-Force-2
15,olgnaydn/R
86,onerciller/react-redux-laravel
53,ogerhsou/Youtube-Recommendation-Tensorflow
748,osrg/ryu
136,oreillymedia/Learning-OpenCV-3_examples
63,offbit/char-models
1879,opentoonz/opentoonz
500,openMVG/awesome_3DReconstruction_list
20,ogencoglu/ArtsyNetworks
5423,olton/Metro-UI-CSS
1026,openai/improved-gan
1228,owocki/pytrader
4047,olistic/warriorjs
28,openAVproductions/openAV-ArtyFX
188,oduerr/dl_tutorial
939,openai/pixel-cnn
269,orobix/retina-unet
69,openai/multiagent-particle-envs
49,oval-group/logger
6232,oblador/react-native-vector-icons
4047,olistic/warriorjs
1801,openscad/openscad
179,omichelsen/angular-clipboard
85,ogate/ogate
6279,omcljs/om
414,omcljs/om-cookbook
203,orizens/angular-es6-styleguide
14,onesite/onesite-sso-magento-plugin
70,onehungrymind/electrogram
269,orobix/retina-unet
49,overtone/mini-beast
356,observerss/textfilter
42,openai/doom-py
14,ofiwg/librdmacm
17,openproject/AndroidUpdate
334,ojbucao/Workman
419,oetiker/rrdtool-1.x
282,overtone/shadertone
46,openai/robosumo
87,ocharles/micro-ci
188,orrsella/soft-eng-interview-prep
32,open-license-manager/open-license-manager
302,oreillymedia/doing_data_science
107,ompl/ompl
210,openconfig/public
748,osrg/ryu
13,olivernyc/static
778,openai/generating-reviews-discovering-sentiment
1382,orangeduck/BuildYourOwnLisp
569,oracle/visualvm
392,oschwald/geoip2-golang
255,openjournals/joss
317,orientation/orientation
6279,omcljs/om
624,opentrack/opentrack
25,obviousjim/ofxOculusRift
145,ofTheo/ofxKinectV2
86,operasoftware/ssh-key-authority
139,ollija/react-native-sortable-grid
641,oblador/react-native-collapsible
3541,openexchangerates/accounting.js
6279,omcljs/om
260,osener/markup.rocks
131,overdrivenpotato/rust-vst2
304,ondras/primitive.js
442,oxygine/oxygine-framework
1012,owenversteeg/min
44,othree/vim-autocomplpop
652,osixia/docker-openldap
854,opentk/opentk
508,orgzly/orgzly-android
56,osmocom/gr-osmosdr
26,open-falcon-archive/hbs
387,opencpu/opencpu
24,oswaldofreitas/vulma
222,owen2/AutomaticPackageRestoreMigrationScript
1485,oblador/angular-scroll
1192,observing/pre-commit
384,orizens/ngx-infinite-scroll
203,orizens/angular-es6-styleguide
32,open-ephys/plugin-GUI
26,opentoonz/plugin_sdk
2462,olefredrik/FoundationPress
2435,orakaro/rainbowstream
35,otezz/AdminLTE-VueJS2
51,otem/teensypolysynth
317,orientation/orientation
188,orrsella/soft-eng-interview-prep
1102,oscarotero/Embed
83,oduwa/SceneKit-AdvancedStarterProject
269,onegray/UIViewController-BackButtonHandler
229,onekeyshell/kcptun_for_ss_ssr
203,opensource-apple/dyld
2897,okmr-d/DOFavoriteButton
771,observing/thor
156,onury/accesscontrol
31,odise/go-cron
137,osklil/hls-fetch
1035,olegakbarov/react-redux-starter-kit
66,opnsense/src
2051,octokit/node-github
198,odoo/docker
1055,oxyplot/oxyplot
179,optimajet/WorkflowEngine.NET
25,optimajet/WorkflowServer
459,openstf/minicap
1839,opendigg/awesome-github-android-ui
1131,osmdroid/osmdroid
18,owent-contrib/pbc
324,orchestral/tenanti
1292,objectbox/objectbox-java
2444,orhanobut/hawk
796,oubowu/PinnedSectionItemDecoration
1861,ohler55/oj
17,openMF/incubator-fineract
68,openMF/android-client
176,openMF/mifosx
122,openMF/community-app
531,ome450901/SimpleRatingBar
1667,overviewer/Minecraft-Overviewer
446,ossfriendly/open-source-supporters
477,oblador/react-native-keychain
28,oklahomer/go-sarah
238,openai/iaf
543,openstreetmap/osm2pgsql
164,openml/OpenML
86,omniscale/imposm-parser
311,olliecoleman/alloy
1264,ohanhi/elm-native-ui
939,openai/pixel-cnn
6232,oblador/react-native-vector-icons
384,orizens/ngx-infinite-scroll
103,owncloud/calendar
31,omdbapi/OMDb-API
253,openstreetmap/osmosis
31,osrtss/awesome-livestreaming
87,opencats/OpenCATS
164,openml/OpenML
490,openbsd/src
1222,osmandapp/Osmand
692,oreilly-japan/deep-learning-from-scratch
49,oswaldoludwig/Human-Action-Recognition-with-Keras
994,owen2345/camaleon-cms
338,opentable/oc
317,orientation/orientation
107,ompl/ompl
808,ocpsoft/prettytime
1076,openvenues/libpostal
223,ofirnachum/tree_rnn
21,oltpbenchmark/website
28,openeventdata/phoenix_pipeline
81,orenmel/context2vec
97,ork/mutt-office365
146,orslumen/record-cache
928,ocelma/python-recsys
55,okfn/pdftables
645,owen-it/laravel-auditing
24,olivierrr/soundcloud-waveform
120,openlabs/magento
188,oduerr/dl_tutorial
18,otakurice/weibonlp
47,omimo/TFDroid
1294,openMVG/openMVG
92,okfn/timeliner
211,okfn/timemapper
495,openfarmcc/OpenFarm
1176,os/slacker
8435,onevcat/VVDocumenter-Xcode
53,ogerhsou/Youtube-Recommendation-Tensorflow
20,osurf/osurf
33,opennota/screengen
1051,openwrt/packages
24,oujago/NumpyDL
31,openSUSE/landing-page
279,olegam/ClassyLiveLayout
1839,opendigg/awesome-github-android-ui
597,openresty/redis2-nginx-module
301,openresty/stapxx
1820,openresty/nginx-tutorials
503,otland/forgottenserver
181,ouqiang/gocron
1599,onyx-platform/onyx
27,ohsu-comp-bio/funnel
17,okraus/DeepLoc
284,open62541/open62541
25,open-data-science/awesome
1353,ogrisel/parallel_ml_tutorial
225,originell/jpype
23,otakurice/notravellist
193,owenzhang/kaggle-avazu
6232,oblador/react-native-vector-icons
214,orbitbot/chrome-extensions-examples
22,o19s/lazy-semantic-indexing
23,otakurice/notravellist
320,openpilot/OpenPilot
1228,owocki/pytrader
149,omidfi/moro
41,ovh-ux/ovh-manager-cloud
68,octalmage/active-window
350,ossu/bioinformatics
13,ozzie1998/rocket
210,opendns/dataviz
21,openwrt-dev/pandorabox
2725,openpgpjs/openpgpjs
982,orbitdb/orbit
6232,oblador/react-native-vector-icons
61,openhab/openhab-docs
27,olegstepura/typed-css-modules-loader
316,o19s/elasticsearch-learning-to-rank
67,odiszapc/nginx-java-parser
514,obdev/v-usb
98,openslide/openslide
49,oyam/pytorch-DPNs
163,oci-pronghorn/GreenLightning
37,orionsoft/react-meteor-data
206,o2team/wxapp-img-loader
559,oauthjs/angular-oauth2
284,open62541/open62541
338,orizens/echoes
40,ozdemirburak/jquery-floating-social-share
39,ourway/auth
6368,octalmage/robotjs
264,oguzhaninan/Buka
994,owen2345/camaleon-cms
2462,olefredrik/FoundationPress
559,oauthjs/angular-oauth2
1327,okoala/vue-antd
2725,openpgpjs/openpgpjs
50,ovh/overthebox
25,oz/osdb
28,orijtech/frontender
108,okgrow/merge-graphql-schemas
36,olton/Core_CSS
185,ohh2ahh/AppAvailability
1815,overtrue/pinyin
1173,ondras/wwwsqldesigner
393,overtrue/laravel-lang
357,omnidan/node-emoji
142,onechiporenko/ember-models-table
807,origamitower/folktale
74,oliver006/elasticsearch-test-data
82,openstf/ios-minicap
127,openvenues/pypostal
1464,official-stockfish/Stockfish
579,omnidan/redux-ignore
1581,oliviertassinari/react-swipeable-views
331,olahol/react-ab
357,omnidan/node-emoji
434,orta/vscode-jest
127,obetomuniz/awesome-webcomponents
87,ocharles/micro-ci
188,orrsella/soft-eng-interview-prep
4047,olistic/warriorjs
131,overdrivenpotato/rust-vst2
198,olemb/mido
115,offbynull/coroutines
14,ohpauleez/daisneon
939,openai/pixel-cnn
75,oetiker/extopus
1173,ondras/wwwsqldesigner
97,ork/mutt-office365
1419,onokumus/metismenu
6368,octalmage/robotjs
2197,objectivehtml/FlipClock
835,olekukonko/tablewriter
15,o2Labs/alexa-ts
127,obetomuniz/awesome-webcomponents
142,olegsych/T4Toolbox
21,ovis-hpc/ovis
338,orizens/echoes
622,olivergierke/spring-restbucks
2051,octokit/node-github
384,orizens/ngx-infinite-scroll
1576,omnidan/redux-undo
384,orizens/ngx-infinite-scroll
266,orizens/echoes-player
3303,orfjackal/retrolambda
45,osiegmar/cloudwatch-mon-scripts-python
26,owncloud/davclient.js
11,okgrow/guides
5423,olton/Metro-UI-CSS
1416,oxalorg/sakura
992,orthes/medium-editor-insert-plugin
1416,oxalorg/sakura
188,orrsella/soft-eng-interview-prep
180,ofek/privy
324,orchestral/tenanti
526,onsip/SIP.js
46,ouzhigang/OzgGameEatFish
72,oreillymedia/functional_thinking
446,ossfriendly/open-source-supporters
255,openjournals/joss
928,ocelma/python-recsys
15,opendesktop/ocsstore
188,orrsella/soft-eng-interview-prep
30,openstreetmap/chef
73,osmcode/osmium-tool
1294,openMVG/openMVG
12,oblitum/swift-ycm-core
69,openai/multiagent-particle-envs
93,opsxcq/exploit-CVE-2017-7494
763,olipo186/Git-Auto-Deploy
526,onsip/SIP.js
1102,oney/react-native-webrtc
16,oscarotero/node-sketch
14,ogta/UH
64,openrq-team/OpenRQ
120,oarriaga/neural_image_captioning
2964,owainlewis/awesome-artificial-intelligence
50,open-indy/Koa11y
179,orucanil/StringFormatter
83,oodesign/merge-duplicate-symbols
1622,opf/openproject
1292,objectbox/objectbox-java
356,openhab/openhab-distro
285,oncletom/crx
311,olliecoleman/alloy
17,openmv/openmv-projects
46,openai/robosumo
69,openai/multiagent-particle-envs
188,orrsella/soft-eng-interview-prep
2725,openpgpjs/openpgpjs
230,orbitjs/ember-orbit
641,oblador/react-native-collapsible
160,onevcat/VCTransitionDemo
905,openresty/openresty.org
286,openresty/srcache-nginx-module
168,openresty/memc-nginx-module
13,opencollective/frontend
212,oreillymedia/thebe
92,o19s/relevant-search-book
35,olab-io/ESP8266-Research
1999,oklog/oklog
162,openstack/taskflow
38,opencredo/proxology
148,open-iscsi/open-iscsi
29,open-iscsi/rtslib-fb
18,orange1438/SpringBootService
524,objectify/objectify
22,oracle/big-data-lite
21,ogirardot/typesafe-kafka-streams
70,own-pt/openWordnet-PT
52,omise/banks-logo
379,openresty/lua-resty-mysql
182,ondra-m/ruby-spark
1284,ovolve/2048-AI
369,ocsigen/js_of_ocaml
121,ocsigen/eliom
104,owenzhang/kaggle-avito
131,oschwald/maxminddb-golang
29,ojai/ojai
125,omniti-labs/pg_amqp
28,oscarperpinan/meteoForecast
26,openanx/OpenANXToken
64,odeskconf/library
175,okfn/handbook
21,octref/RootIgnore
86,oldratlee/big-data-study
46,open-source-economics/Tax-Calculator
20,open-source-economics/OG-USA
18,opencrowd/django-elasticsearch-tutorial
1284,ovolve/2048-AI
120,ooade/awesome-preact
26,orcasgit/django-password-validation
66,opendoor-labs/pyfin
946,openstack/horizon
380,opendatajson/football.json
106,otaviogood/carputer
333,openSUSE/osem
106,ochinchina/supervisord
142,omniti-labs/omnipitr
409,offensive-security/kali-arm-build-scripts
11,opener-project/coreference-base
23,ory/osin-storage
15,orthecreedence/cl-libevent2
15,orthecreedence/http-parse
12,osmlab/wikidata-osm
21,osmlab/changeset-map
11,osmie/osm-irish-townlands
127,oracle/oracle-db-examples
84,okor/LEMPress
199,outlandishideas/kasia
43,opensemanticsearch/open-semantic-search
233,overtrue/laravel-ueditor
27,orange-games/phaser-nineslice
85,olivierhagolle/LANDSAT-Download
61,opendatacube/datacube-core
151,openresty/replace-filter-nginx-module
481,osxfuse/sshfs
157,oanda/oandapy
45,oanda/v20-python
253,orfjackal/tdd-tetris-tutorial
30,omise/omise-php
2077,olebedev/go-starter-kit
18,oaqa/bioasq
20,omimo/xRBM
13,orenmel/word2parvec
17,olbat/libgen
117,odarriba/docker-timemachine
49,outbrain/Leonardo
110,openlava/openlava
78,onion7878/A-Byte-of-Python-CN
91,oscarotero/jquery-cheatsheet
19,orestonce/ChessGame
276,owlcs/owlapi
1905,olivere/elastic
184,oldratlee/fucking-java-concurrency
121,ongr-io/ElasticsearchDSL
195,ongr-io/ElasticsearchBundle
58,odashi/nmtkit
212,openstack/nova-docker
278,omniscale/imposm3
56,ocwvar/DarkPurple
33,omerio/appstart
61,olivierhagolle/Sentinel-download
57,oanda/py-api-trading
53,ocharles/blog
3203,orientechnologies/orientdb
3203,orientechnologies/orientdb
48,oomphinc/WP-Forms-API
536,overtrue/easy-sms
854,openresty/openresty-systemtap-toolkit
16,obaro/SimpleWebAPI
91,okuchaiev/f-lm
276,owlcs/owlapi
41,ob-encoder/obe-rt
197,omeka/Omeka
194,opencypher/openCypher
13,osipov/passport-ibmid-oauth2
658,openai/evolution-strategies-starter
75,openshift/jenkins
522,osclass/Osclass
42,osclass/osclass-plugins
610,olikraus/u8glib
658,openai/evolution-strategies-starter
78,oarriaga/spatial_transformer_networks
118,ocelma/python-itunes
87,openhab/openhab-cloud
41,onchipuis/mriscv
19,online-go/score-estimator
112,openresty/openresty-devel-utils
140,openresty/lua-resty-dns
22,ofooo/FAQrobot
22,ofooo/FAQrobot
46,openbigdatagroup/speedo
28,orbkit/orbkit
24,oweidner/docker.openmpi
658,openai/evolution-strategies-starter
363,openyou/emokit
17,oscarpredictor/oscar-predictor
293,overlap-ai/words2map
227,omerjerk/RemoteDroid
225,oxford-cs-ml-2015/practical6
19,octachrome/treason
168,objcio/issue-4-full-core-data-application
14,opener-project/double-propagation-target-generation
945,openwrt/luci
32,ozonesecurity/ozonebase
2164,ozodrukh/CircularReveal
54,onesuper/pandasticsearch
69,olikraus/ucglib
69,ottogroup/flink-spector
199,osrg/namazu
132,ondryaso/pi-rc522
582,opentomb/OpenTomb
75,oblador/loki
287,opengovfoundation/madison
135,onlyhom/mobileSelect.js
1902,openannotation/annotator
12,orffen/pyswn
2739,odewahn/docker-jumpstart
212,osfans/PRIME
27,ok100/dotfiles
282,orf/cyborg
39,ok100/homepage.py
109,oknosoft/metadata.js
1086,outsideris/slack-invite-automation
16,olsh/todoist-net
1915,octobox/octobox
1147,omkarmoghe/Pokemap
129,openstreetmap/mod_tile
62,olafSmits/MonteCarloMethodsInFinance
62,olafSmits/MonteCarloMethodsInFinance
189,openstack/diskimage-builder
551,onsi/gomega
145,orangehill/jstree-bootstrap-theme
25,otakustay/danmaku-to-ass
252,openstack/ceilometer
11,openphacts/OPS_LinkedDataApi
96,ohjeongwook/DumpFlash
21,openatx/wdaproxy
21,openatx/wdaproxy
41,otykier/TabularEditor
23,offlineric/this_repo_will_self_destruct
39,orviwan/91-Dub-v2.0
68,oxhak/archlinux-desktop-config-files
1252,overtone/emacs-live
18,okbel/basicAPI
996,openhardwaremonitor/openhardwaremonitor
176,openglredbook/examples
167,openstack/pyghmi
644,openworm/OpenWorm
120,oslugr/curso-git
111,openchange/openchange
15,oceanrescue/VOIP
1273,onevcat/APNGKit
52,ondev/LoadNibViewDemo
1677,orta/ARAnalytics
44,onezens/YCDownloadSession
28,ongfei/excelTable
2440,objc-zen/objc-zen-book
26,onezens/AutoLocalization
20,onevcat/Potatso-iOS
433,osgochina/swoole-crontab
54,octref/veturpack
870,omadahealth/SwipyRefreshLayout
254,openzipkin/docker-zipkin
37,opensourceBIM/WebGL-threeJS
255,opensourceBIM/BIMsurfer
221,omnus/tiny-twitch
153,opentracing-contrib/opentracing-specification-zh
458,opentracing/opentracing-java
787,openzipkin/brave
17,openzipkin/b3-propagation
341,opensagres/xdocreport
465,orika-mapper/orika
68,oursky/kubernetes-github-authn
530,oktal/pistache
1604,openstack/swift
84,openstack/cloud-init
209,openstack/trove
373,openstack/openstack-manuals
291,openresty/lua-upstream-nginx-module
1476,openstack-dev/devstack
116,openstack/cloudbase-init
638,opsengine/cpulimit
52,olivergierke/sos
16,olivergierke/spring-domain-events
311,odenny/hydra
382,octo-technology/sonar-objective-c
1066,open-falcon-archive/of-release
589,open-falcon-archive/agent
101,ovea-deprecated/jetty-session-redis
311,odenny/hydra
164,ostranme/swagger-ui-themes
246,openresty/lua-resty-websocket
43,openforce/spark-mllib-scala-play
231,openresty/lua-resty-upload
180,openresty/lua-resty-string
164,ostranme/swagger-ui-themes
460,ofek/bit
202,openresty/docker-openresty
67,ovh/node-ovh
41,ovh/go-ovh
382,octo-technology/sonar-objective-c
240,onmyway133/XcodeWay
129,ofields/sonar-android
63,olivierg13/TraceroutePing
13,olivierg13/GreenDao-vs-Realm
137,openstack/python-jenkins
15,osalvador/tapiGen2
22,osalvador/tePLSQL
201,onexsoft/onecache
21,oceanzhang01/MiniThunder
22,ouvens/koa-fis3-isomorphic
579,openshift/openshift-ansible
64,ovaistariq/mha-helper
52,opencoconut/ffmpeg
127,ossbar/sso
25,oysterclub/open-cmdb
2608,openaphid/android-flip
42,onechain/fabric-explorer
50,openzipkin/zipkin-ui
33,openzipkin/zipkin-reporter-java
357,oliverlloyd/jmeter-ec2
33,openzipkin/zipkin-reporter-java
37,opentracing/opentracing-php
16,openzipkin/zipkin-aws
24,openzipkin-contrib/brave-opentracing
18,opensagres/xdocreport.samples
242,oscm/shell
64,orfjackal/jumi
277,opentracing/opentracing-javascript
48,openzipkin/brave-webmvc-example
526,opieters/business-card
430,open-lambda/open-lambda
152,organix/pijFORTHos
301,orbeon/orbeon-forms
50,openzipkin/zipkin-ui
16,openzipkin/zipkin-aws
13,orangy/ktor-heroku-start
204,odnoklassniki/one-nio
560,openresty/echo-nginx-module
15,ooXei1sh/silex-ske-sandbox
28,oneone1995/M-Volunteer-SpringBoot
70,ossrs/srs-librtmp
63,ossrs/srs-bench
164,oubowu/StickyItemDecoration
33,openzipkin/zipkin-reporter-java
27,oetiker/RrdGraphJS
42,onechain/fabric-explorer
299,ossrs/go-oryx
186,openjdk-mirror/jdk7u-jdk
639,openstack/kolla
112,open-falcon/dashboard
17,open-falcon/ops-updater
18,open-falcon-archive/query
42,open-falcon/grafana-openfalcon-datasource
3629,olado/doT
1518,ocaml/ocaml
58,orangepi-xunlong/orangepi_h3_linux
21,ojacobson/conflicts
3629,olado/doT
161,onmyway133/FinderGo
3456,openhab/openhab1-addons
143,openhab/openhab.android
416,oreillymedia/etudes-for-elixir
810,ongakuer/PhotoDraweeView
86,openfresh/plasma
11,obnauticus/mooseheaddoor
18,oleg-nenashev/demo-jenkins-config-as-code
160,osixia/docker-phpLDAPadmin
364,ofZach/inkSpace
39,openzim/gutenberg
843,oniony/TMSU
182,ongardie/raftscope
38,oldmanpushcart/laser
16,oldcwj/SeeLogDemo
177,onelogin/java-saml
103,opendatalab-de/geojson-jackson
37,openshift/origin-aggregated-logging
709,ocaml/merlin
2292,officert/mongotron
25,obibring/flat-ui-colors-sass
718,outbrain/orchestrator
57,openzipkin/zipkin4net
21,openstack/virtualbmc
51,opentracing-contrib/go-stdlib
35,oracle/terraform-kubernetes-installer
712,olahol/melody
69,opentracing/opentracing-csharp
22,openzipkin-attic/zipkin-csharp
57,openzipkin/zipkin4net
497,openai/kubernetes-ec2-autoscaler
17,olivere/grpc
391,oxoooo/materialize
299,ossrs/state-threads
13,ohtaman/LSH
354,openstack/ara
284,openresty/lua-resty-limit-traffic
1623,orbitjs/orbit
75,orocommerce/orocommerce
299,ossrs/go-oryx
26,owenliang/bigpipe
75,opendata-stuttgart/feinstaub-map
603,occipital/OpenNI2
56,obaez/dentistsmile
223,openstack/magnum
136,openstack/kuryr
639,openstack/kolla
162,onkel-dirtus/logger_file_backend
31,olOwOlo/hugo-theme-even
102,ongardie/raft.tla
86,openucx/ucx
277,opentracing/opentracing-javascript
177,oracle/crashcart
491,oracle/smith
93,openstack/dragonflow
39,openstack/browbeat
65,openstack/cloudcafe
92,openstack/ospurge
1381,openvswitch/ovs
44,openstack/shaker
42,openstack-infra/subunit2sql
17,openstack/mogan
1108,ondras/rot.js
312,olahallengren/sql-server-maintenance-solution
18,opensagres/xdocreport.samples
13,openEHR/gdl-tools
67,openSUSE/artwork
627,oracle/railcar
240,openresty/programming-openresty
87,opencontainers/runtime-tools
1736,ondras/my-mind
222,ottawaruby/whenbot
77,oscm/zabbix
44,oracle/pgql-lang
19,oDocsOphthalmicVision/odocsfundus
1173,ouvens/frontend-system-map
40,overlast/word-vector-web-api
39,openstack/browbeat
103,oazabir/SQLServerPerformanceDashboard
320,ordina-jworks/microservices-dashboard
17,oeegor/apns2-client
497,oozcitak/xmlbuilder-js
31,ovenzeze/data-structures-and-algorithms-in-frontend
148,oscarmlage/django-cruds-adminlte
79,olsh/Feedly-Notifier
45,openscriptures/HebrewLexicon
479,obazoud/awesome-dashboard
964,oklog/ulid
157,openstack/freezer
964,oklog/ulid
20,oscarmorrison/nightmare-heroku
4113,opencontainers/runc
416,openyou/libfitbit
766,opensourcepos/opensourcepos
368,oleganza/CoreBitcoin
267,opinkerfi/adagios
116,osantana/prettyconf
964,oklog/ulid
94,onlylemi/processing-android-capture
3629,olado/doT
170,openshift-evangelists/kbe
4113,opencontainers/runc
16,oaifaye/examOnline
31,omegat-org/omegat
98,oukingtim/king-admin
36,objectrocket/elasticstat
30,obtao/blog-sandbox
98,ops4j/org.ops4j.pax.web
110,ogrodnek/csv-serde
109,opendns/Security_Ninjas_AppSec_Training
144,openenergymonitor/emonTxFirmware
20,oat-sa/tao-core
280,opengm/opengm
37,openpassword/blimey
1736,ondras/my-mind
131,olegabu/cognito-helper
1157,orbit/orbit
19,orctom/gradle-archetype-plugin
260,oddrationale/docker-shadowsocks
98,oukingtim/king-admin
98,oukingtim/king-admin
51,okonet/yaml-loader
242,ovh/svfs
143,ouvens/es6-code-style-guide
236,opentracing/opentracing-python
56,ochapman/youtu
1381,openvswitch/ovs
1133,oblador/react-native-progress
320,ordina-jworks/microservices-dashboard
964,oklog/ulid
157,openstack/freezer
36,openstack/fuel-plugin-contrail
1383,oli107/material-range-bar
425,oddbird/true
15,osglworks/java-tool
267,opinkerfi/adagios
324,obfuscurity/synthesize
39,olejon/phpmyreservation
502,oleander/git-fame-rb
118,ovh/cds
25,ovm-china/OVM
186,overtrue/phplint
140,onlytiancai/xiaotiantian
74,objectcomputing/mFAST
39,oceancx/SimpleEngine
39,ouzhigang/django-ozgweb
20,ocadotechnology/aimmo
93,oldaniel/skeleton-plus
16,onezcn/onez-ai
143,oott123/WinMTR
908,onevcat/Hedwig
30,openvswitch/of-config
350,oh-my-fish/theme-bobthefish
39,oceancx/SimpleEngine
1088,ogaclejapan/ArcLayout
490,oneoo/alilua
428,o2team/athena
41,orzcc/taobao-top-client
125,overtrue/laravel-socialite
65,overtrue/laravel-emoji
18,openshift/cakephp-ex
445,opendns/dnscrypt-proxy
99,openresty/lua-resty-balancer
297,openresty/lua-resty-core
351,otiai10/gosseract
64,open-falcon/mymon
249,osyo-manga/vim-monster
74,oskopek/javaanpr
33,opencredo/spring-hateoas-sample
64,orenmazor/node-tds
182,odirleiborgert/borgert-cms
285,o2team/xcel
95,orocos/orocos_kinematics_dynamics
210,osgochina/donkeyid
43,openresty/no-pool-nginx
108,openxc/vi-firmware
11,ozimov/yaml-properties-maven-plugin
1005,op/go-logging
2152,oguzbilgener/CircularFloatingActionMenu
48,oxullo/Arduino-MAX30100
42,ownwell/google-styleguide
58,openwrt-develop/luci-app-koolproxy
116,openSNP/snpr
39,ouzhigang/django-ozgweb
82,ova2/primefaces-cookbook
103,odhyan/slot
39,obviam/behavior-trees
184,ornicar/scalachess
445,opendns/dnscrypt-proxy
647,openpaperwork/pyocr
52,openddal/openddal
210,osgochina/donkeyid
233,okoala/vue-fis3
1232,openseadragon/openseadragon
120,ocean90/media-modal-demo
266,osCommerce/oscommerce2
20,okaybroda/FragmentStateManager
52,openddal/openddal
146,olivergierke/rest-microservices
445,opendns/dnscrypt-proxy
54,octans/PythonPractice
801,odota/core
49,out4b/cdif
368,omniscientjs/immstruct
1156,omniscientjs/omniscient
17,orange1438/mybatis-generator-core-chinese-annotation-1.3.5
428,openlink/virtuoso-opensource
83,oblitum/caps2esc
709,oubowu/SlideBack
27,opendaylight/docs
389,opennetworkinglab/onos
79,openvswitch/ovn-kubernetes
147,osxfuse/filesystems
47,outstudio/easywechat
28,ousamabenyounes/ShellVhostManager
68,openstack/python-ceilometerclient
99,openresty/lua-resty-balancer
297,openresty/lua-resty-core
53,out0fmemory/GuozhongCrawler
108,oohnoitz/nginx-blacklist
297,openresty/lua-resty-core
135,openresty/lua-resty-memcached
152,openresty/lua-resty-lock
170,openresty/lua-resty-lrucache
370,onevcat/XUPorter
151,owenliang/php7-extension-explore
1269,orangeduck/mpc
87,osterman/copyright-header
13,opencord/voltha
952,onqtam/doctest
86,oskca/gopherjs-vue
46,openprocurement/openprocurement.api
48,operasoftware/dns-ui
571,orcaman/concurrent-map
130,ohsc/ThunderLixianAssistant
459,owncloud/ios
279,ojdkbuild/ojdkbuild
18,orlandovald/webflux-twitter-demo
28,overtrue/laravel-query-logger
1301,oubowu/OuNews
38,otto-de/hmac-auth
18,ow2-proactive/scheduling
38,otto-de/hmac-auth
47,outstudio/easywechat
146,olivergierke/rest-microservices
107,oembedler/graphql-spring-boot
146,openboy2012/FlickerNumber
46,objcio/issue-12-CustomCollectionViewTransition
78,ondev/CellHeightDemo
215,ozzik/Slicer
1110,ortuman/SwiftForms
836,objcio/functional-swift
210,osgochina/donkeyid
1281,ok-borg/borg
65,ogcs/Okra
100,owainlewis/clojure-mail
394,openstack/cinder
106,overtrue/flysystem-qiniu
171,overtrue/laravel-filesystem-qiniu
60,orhanobut/effective-android
22,okjsp/okmakeover
70,okjsp/okjsp-site
12,okjsp/okjsp-android
100,openstf/minitouch
13,openslack/openslack-crawler
233,okoala/vue-fis3
51,optimisme/gnome-shell-simple-dock
50,objc-zen/objc-zen-book-cn
358,opengit/AndroidNewWidgetsDemo
393,openresty/sregex
182,openhab/openhabian
24,openxc/openxc-vehicle-simulator
29,offbye/jwt-angular-spring
21,obviousjim/ofxImageSegmentation
81,okfn/dataconverters
1301,oubowu/OuNews
92,ofpay/nimg
833,oikomi/FishChatServer
59,onefoursix/Cloudera-Impala-JDBC-Example
66,ova2/angular-development-with-primeng
14,oldmanpushcart/excavator-demo
99,onryldz/x-superobject
66,oriceon/laravel-5-sockets-and-queue-async
50,oriceon/laravel-5-redis-and-socket.io
157,omarkdev/awesome-dashboards
21,opencartbrasil/instalador-sem-ftp
31,olxbr/olx-api-client
84,oembedler/spring-graphql-common
16,openwisp/django-x509
107,outr/youi
14,outr/reactify
548,ochrons/scalajs-spa-tutorial
426,onelogin/php-saml
277,openscoring/openscoring
23,open-falcon/mail-provider
84,openscope/openscope
131,owenmead/Pikaday
16,omarabid/BootstrapPress
619,oyejorge/less.php
69,oscarotero/social-links
68,oscarotero/form-manager
14,openchain/docker
25,openchain/wallet
90,old-jekyll-templates/Strata-Jekyll-Theme
116,orazz/CalendarPopUp
505,oliviertassinari/babel-plugin-transform-react-remove-prop-types
29,openshift-cartridges/openshift-wildfly-cartridge
108,opencomputeproject/OpenNetworkLinux
119,opennetworklinux/ONL
798,orangehill/iseed
48,omcg33/jquery.limarquee
386,oppia/oppia
27,oadaM92/frontend-repos-ranking
73,ondras/custom-tetris
73,openiddict/openiddict-samples
84,ocornut/imgui_club
170,oblitum/Interception
1145,oakes/Nightcode
20,olehlong/jwtd
145,owickstrom/hyper
60,opoloo/jquery_upload_preview
44,osixia/docker-keepalived
310,openstack/packstack
211,onilabs/stratifiedjs
2227,oyvindkinsey/easyXDM
13,ouqiang/supervisor-event-listener
402,orderedlist/modernist
453,oott123/bpcs_uploader
33,orange1438/Netty_Course
298,openconnect/openconnect-gui
197,o2team/elf
18,ookcode/BilibiliSofaSitter
27,owainlewis/yaml
82,olkb/olkb_parts
13,oetr/racket-opencv
899,oakes/play-clj
385,oakmound/oak
42,ogdenwebb/kaolin-theme
110,orange-games/phaser-input
168,ocaml/tuareg
376,oshi/oshi
29,ouzhigang/OzgMenuSys
84,oembedler/spring-graphql-common
72,ozimov/spring-boot-email-tools
89,openrocket/openrocket
751,opendns/dnscrypt-win-client
70,odyssomay/sublime-lispindent
90,odyssomay/paredit
222,oneKelvinSmith/monokai-emacs
94,openfaas/faas-cli
78,oakes/paren-soup
1145,oakes/Nightcode
107,oakes/play-clj-examples
165,oakes/play-cljs
13,owensd/electron-blog-post-sample
128,onedesign/express-socketio-tutorial
22,oliyh/slacky
697,openfaas/faas-netes
65,ogcs/Okra
68,oulvhai/MWeb-issues
262,openid/AppAuth-iOS
184,objcio/issue-21-OpenCV-FaceRec
164,objcio/issue-21-core-image-explorer
1162,ohoachuck/wwdc-downloader
1232,ochococo/OOD-Principles-In-Swift
11,objcio/metal-demo-objcio
13,ouqiang/supervisor-event-listener
23,openwrtio/portal
56,outlookxie/app-todolist
433,openstenoproject/plover
11,olivierlemasle/sonarqube-kotlin-plugin
86,ooclab/otunnel
21,opentracing-contrib/java-opentracing-walkthrough
376,oshi/oshi
44,ornladios/ADIOS
241,ogaclejapan/Qiitanium
298,openconnect/openconnect-gui
262,openid/AppAuth-iOS
78,operasoftware/operachromiumdriver
20,opendigg/android-weekly
231,oracle/oraclejet
165,omnifaces/omnifaces
69,openresty/lua-cjson
75,orangle/study-resources
188,overtrue/laravel-shopping-cart
188,overtrue/laravel-shopping-cart
188,overtrue/laravel-shopping-cart
188,overtrue/laravel-shopping-cart
734,open-xml-templating/docxtemplater
160,objectiveSee/DRKonamiCode
132,overtrue/writor
41,okoye/PyV8
57,okitan/capybara-json
455,overtrue/socialite
87,odoo/documentation-user
51,odedw/karcero
454,openproject/AndroidDigest
21,okhosting/OKHOSTING.UI
289,oumu/mintty-color-schemes
45,omidfi/how-to-annoy-a-web-developer
137,oarevalo/BugLogHQ
17,o2team/ko3
17,opensourcecobol/opensource-cobol
41,odra/ng-json-explorer
219,open-io/oio-sds
41,opsxcq/proxy-list
67,olegkrivtsov/using-zf3-book-samples
97,oxnz/design-patterns
582,orchestral/testbench
47,os72/protoc-jar
116,orderly/codeigniter-paypal-ipn
91,opensourcecloud/manual
37,ooxi/xml.c
91,olange/learning-mongodb
910,onevcat/VVBlurPresentation
1075,oswaldoacauan/ghostium
570,openrtb/OpenRTB
396,ogilvieira/awesome-podcasts-br
25,opensourceway/rsync-backup-script
833,openstack/openstack-ansible
21,osgochina/SwooleMan
21,osgochina/SwooleMan
261,oeddyo/algorithm
143,olefirenko/vue-google-autocomplete
21,osgochina/SwooleMan
28,oh-my-fish/plugin-thefuck
19,openstack/omni
11,olimpiadi-informatica/oii
437,ollieread/multiauth
1455,okor/justice
91,olange/learning-mongodb
210,opentibia/server
27,ogilhinn/node-abc
116,orderly/codeigniter-paypal-ipn
67,osvaldasvalutis/adsenseLoader.js
143,olefirenko/vue-google-autocomplete
46,overtrue/laravel-uploader
1048,openfl/openfl
21,osgochina/SwooleMan
803,olahol/react-tagsinput
124,origingroup/hydrogen
383,owlient/phpredis
180,openresty/opm
46,overtrue/laravel-uploader
93,o2team/o2team.github.io
176,olamedia/nokogiri
32,outman/birdbbs
108,omnilight/yii2-scheduling
28,orta/mixpanel-osx-unofficial
582,orchestral/testbench
66,owl/owl
87,overtrue/vue-avatar-cropper
140,openzipkin/zipkin-js
155,opensoft/rollout
398,olifolkerd/tabulator
473,ozgur/python-linkedin
180,openresty/opm
147,okoala/egg-vue-typescript-apollo-graphql-startkit
383,owlient/phpredis
26,oceancx/android-subtitles
237,overtrue/laravel-pinyin
200,oikomi/FishChatServer2
155,opensoft/rollout
67,olegkrivtsov/using-zf3-book-samples
87,overtrue/vue-avatar-cropper
16,oroszgy/awesome-hungarian-nlp
333,oleksandr-torosh/yona-cms
180,openresty/opm
582,orchestral/testbench
15,onmotion/yii2-telegram
99,otalk/getScreenMedia
11,omise/omise-magento
186,owncloud/tasks
36,oguya/cis-ubuntu-14-ansible
224,openresty/lua-resty-upstream-healthcheck
94,openresty/luajit2
110,o2team/mac
35,open-android/BaseRecyclerAndAdapter
27,ogilhinn/node-abc
687,openstreetmap/openstreetmap-website
315,ottomao/bugfreejs
202,ostinelli/gin
383,owlient/phpredis
202,ostinelli/gin
94,onekiloparsec/KPCTabsControl
31,ottsion/JData
338,ooyala/spark-jobserver
368,opensolutions/ViMbAdmin
45,owner888/epooll
131,ovr/phalcon-module-skeleton
24,openatx/weditor
87,openatx/facebook-wda
20,openatx/atx-uiautomator
386,openstack/keystone
186,omnilight/yii2-shopping-cart
108,omnilight/yii2-scheduling
69,overtrue/city.js
69,overtrue/validation
393,oesmith/puffing-billy
3606,opal/opal
6405,omniauth/omniauth
44,ojtibi/philippine-provinces-and-cities-sql
659,ondrejbartas/sidekiq-cron
205,orgsync/stoplight
659,ondrejbartas/sidekiq-cron
73,onassar/PHP-Premailer
363,openshopio/openshop.io-android
287,openshopio/openshop.io-ios
161,oscarotero/imagecow
198,osalabs/phpminiadmin
15,onmotion/yii2-telegram
51,overtrue/overtrue.github.io
21,openvcash/vcash
202,ostinelli/gin
26,openresty/lemplate
50,ostatnicky/DraggableViewController
671,opulencephp/Opulence
64,okoala/30DaysofReactNative
52,omichelsen/compare-versions
74,ortoo/node-redis-sentinel
18,oliverlorenz/phpMqttClient
15,onanying/ExpressPHP-V1
23,openresty/meta-lua-nginx-module
253,ozdemirburak/laravel-5-simple-cms
163,omergul/LLVideoEditor
38,omartawba1/start_laravel
245,opengapps/arm
29,opis/database
864,onqtam/awesome-cmake
107,opengapps/arm64
291,orbotix/sphero.js
910,onevcat/VVBlurPresentation
137,overtrue/laravel-follow
86,orakaro/Swift-monad-Maybe-Reader-and-Try
13,orakaro/MonadicMealyMachine
21,odrling/peony-twitter
30,orta/Snapshots-app
185,oliver006/redis_exporter
1295,onevcat/FengNiao
119,oblador/react-native-store-review
33,openfl/extension-share
243,openlayers/ol-cesium
196,ooade/NextSimpleStarter
14,osrtss/rtss
125,opis/closure
15,overtrue/laravel-payment
150,obipawan/react-native-hyperlink
196,ooade/NextSimpleStarter
235,openresty/set-misc-nginx-module
237,overtrue/laravel-pinyin
96,otoolep/stormkafkamon
194,onmyway133/XcodeColorSense2
155,objectbox/objectbox-examples
17,orbbec/ros_astra_camera
21,oec2003/jQueryUploadifySample
95,overtrue/chinese-calendar
237,overtrue/laravel-pinyin
66,ossc-db/pg_rman
261,oeddyo/algorithm
1393,openstreetmap/iD
50,overtrue/pinyin-resources
200,oikomi/FishChatServer2
120,ovh/python-ovh
138,ovh/php-ovh
700,openid/php-openid
31,occitech/Magento-react
137,overtrue/laravel-follow
31,ooade/vuex-examples
237,overtrue/laravel-pinyin
235,openresty/set-misc-nginx-module
66,openstack-ansible/openstack-ansible-modules
219,opencomputeproject/onie
63,opensource-apple/xnu
40,osnwt/ethmon
44,ohjeongwook/Samsung-TV-Hacks
245,opengapps/arm
175,openstack/sahara
125,opis/closure
15,overtrue/laravel-payment
332,oggy/looksee
27,onlurking/category-theory-for-programmers
390,ohanhi/hyperscript-helpers
152,openrisc/mor1kx
43,openrisc/or1200
187,offensive-security/nethunter-LRT
66,osm0sis/Android-Image-Kitchen
67,openebs/maya
66,osm0sis/Android-Image-Kitchen
15,ox0spy/RomanHitman
193,oivoodoo/devise_masquerade
193,oivoodoo/devise_masquerade
193,oivoodoo/devise_masquerade
193,oivoodoo/devise_masquerade
50,opoloo/lines-engine
128,opentable/otj-pg-embedded
12,openshift-roadshow/parksmap-web
99,opencredo/terrahelp
26,oasynnoum/phpmake_serialport
1393,openstreetmap/iD
793,othree/html5.vim
104,open-node/open-rest
144,oauthjs/koa-oauth-server
253,ozdemirburak/laravel-5-simple-cms
15,onanying/ExpressPHP-V1
91,olegkrivtsov/using-zend-framework-3-book
15,overtrue/laravel-payment
79,onPHP/onphp-framework
50,overtrue/pinyin-resources
383,owlient/phpredis
147,okoala/vue-vuex
50,openml/openml-r
1333,oblador/react-native-lightbox
155,opensoft/rollout
3606,opal/opal
6405,omniauth/omniauth
67,openebs/maya
323,oscarotero/Gettext
125,opis/closure
15,omnibuilder/workflow
87,overtrue/vue-avatar-cropper
21,osgochina/SwooleMan
21,osgochina/SwooleMan
95,overtrue/chinese-calendar
108,omnilight/yii2-scheduling
24,optimisme/javascript-temperatureMap
108,omnilight/yii2-scheduling
27,ouzhigang/thinkphp-ozgweb
163,omergul/LLVideoEditor
124,origingroup/hydrogen
19,ocproducts/composr
632,openzfsonosx/zfs
623,oroinc/crm-application
663,outsideris/popularconvention
43,odan/phinx-migrations-generator
68,odynvolk/intellij-visual-studio-code
43,oehf/ipf
180,openresty/opm
87,overtrue/vue-avatar-cropper
31,openschoolbr/curso-php
623,oroinc/crm-application
323,oscarotero/Gettext
109,opoo/opoopress
136,onomojo/i18n-country-translations
214,ofirdagan/cross-domain-local-storage
1593,opauth/opauth
333,oleksandr-torosh/yona-cms
193,oivoodoo/devise_masquerade
15,orekyuu/Riho
101,octopress/ink
193,oivoodoo/devise_masquerade
14,objectiveSee/AlexaBoilerplate
659,ondrejbartas/sidekiq-cron
313,outlandishideas/wpackagist
273,olbrich/ruby-units
91,olegkrivtsov/using-zend-framework-3-book
435,opal/opal-rails
83,onmyway133/Arcane
160,ozh/ascii-tables
193,oivoodoo/devise_masquerade
15,overtrue/laravel-payment
1133,openexchangerates/money.js
1593,opauth/opauth
31,occitech/Magento-react
253,ozdemirburak/laravel-5-simple-cms
163,omergul/LLVideoEditor
137,overtrue/laravel-follow
40,osnwt/ethmon
386,openstack/keystone
402,openstack/glance
38,omartawba1/start_laravel
43,orbotix/Sphero-AR-SDK
138,ovh/php-ovh
137,overtrue/laravel-follow
831,onurakpolat/awesome-analytics
137,overtrue/laravel-follow
614,oitozero/ngSweetAlert
75,openstack/swiftonfile
698,osteslag/Changeset
204,otalk/getUserMedia
23,oanhnn/deployer-example
110,o2team/mac
162,octalmage/mDesktop
363,openshopio/openshop.io-android
1133,openexchangerates/money.js
287,openshopio/openshop.io-ios
87,overtrue/vue-avatar-cropper
78,onelogin/python3-saml
62,omouse/grunt2gulp.js
11,orzFly/cloudxns2cloudflare
79,ozgur/php-est
532,openmrs/openmrs-core
12,openmrs/openmrs-module-reporting
41,openkm/document-management-system
79,orafce/orafce
157,onlinecity/php-smpp
6405,omniauth/omniauth
159,openzfs/openzfs
115,oferei/sublime-unity-completions
312,opencontainers/image-spec
23,ollef/Bidirectional
339,oreillymedia/data_structures_and_algorithms_using_javascript
155,opensoft/rollout
296,ossrs/srs-sea
35,openresty/openresty-packaging
128,okoala/react-redux-antd
59,okfocus/okshadow
200,oikomi/FishChatServer2
185,oliver006/redis_exporter
21,okgrow/accounts-ui-react
402,openstack/glance
1333,oblador/react-native-lightbox
40,onlinereadbook/bookangularjs
93,o2team/o2team.github.io
87,overtrue/vue-avatar-cropper
52,olssonm/l5-very-basic-auth
22,oblac/jodd-quickstart
436,osm2vectortiles/osm2vectortiles
261,osresearch/heads
20,owt5008137/WP-Code-Highlight.js
87,overtrue/vue-avatar-cropper
147,okoala/vue-vuex
63,opensource-apple/xnu
386,openstack/keystone
402,openstack/glance
21,odino/react-in-1000-words
53,o19s/elyzer
530,opendatajson/factbook.json
51,opensoft/doctrine-postgres-types
31,odarriba/elixir_jobs
21,oec2003/jQueryUploadifySample
18,oh-my-fish/theme-default
237,overtrue/laravel-pinyin
235,openresty/set-misc-nginx-module
386,openstack/keystone
402,openstack/glance
50,okfn/licenses
80,omersiar/esp-rfid
100,omersiar/RFID522-Door-Unlock
32,okoala/egg-jwt
62,orieg/php-judy
95,overtrue/chinese-calendar
237,overtrue/laravel-pinyin
108,omnilight/yii2-scheduling
323,oscarotero/Gettext
186,omnilight/yii2-shopping-cart
19,open-pay/openpay-php
61,onlinereadbook/booknodejs
11,owatonnarobotics/XboxController
14,owtf/owtf-docker
2117,openpaperwork/paperwork
309,oxo42/stateless4j
233,ofirnachum/sequence_gan
72,observerss/ngender
21,oec2003/jQueryUploadifySample
93,openmusictheory/openmusictheory.github.io
65,oxwall/oxwall
51,openstack/oslo.concurrency
384,odysseyscience/react-s3-uploader
124,omeid/go-resources
122,omeid/gonzo
137,overtrue/laravel-follow
324,openaustralia/morph
313,outlandishideas/wpackagist
386,openstack/keystone
402,openstack/glance
86,oliyh/martian
198,ongardie/dissertation
62,openstack/kolla-ansible
87,openstack/kolla-kubernetes
198,ongardie/dissertation
54,openjdk-mirror/jdk7u-hotspot
34,overblog/dataloader-php
15,oneleo/PythonSparkMLBookClub
390,ohanhi/hyperscript-helpers
253,ozdemirburak/laravel-5-simple-cms
163,omergul/LLVideoEditor
16,openvswitch/openvswitch.github.io
41,openshift/svt
228,ofTheo/videoInput
14,opensourcecities/tokyo
29,onassar/PHP-MetaParser
384,odysseyscience/react-s3-uploader
1051,oracle/node-oracledb
137,overtrue/laravel-follow
386,openstack/keystone
50,omise/omise-go
15,out0fmemory/GoAgent-Original
281,oleiade/lane
97,oliamb/cutter
30,osteele/liquid
131,opendnssec/SoftHSMv2
117,odelot/aws-mqtt-websockets
64,obsrvbl/flowlogs-reader
185,oliver006/redis_exporter
41,osrg/bgperf
1051,oracle/node-oracledb
21,org-yii-china/yii2-avatar
687,openstreetmap/openstreetmap-website
57,osmlab/osmlint
91,oldmoe/reactor
148,obonaventure/cnp3
390,ohanhi/hyperscript-helpers
444,orbitdb/orbit-db
403,object-calisthenics/phpcs-calisthenics-rules
79,ozgur/php-est
45,openmhealth/web-visualizations
1601,octopress/octopress
48,ousttrue/pymeshio
234,oscar-stack/vagrant-hosts
1796,optimizely/nuclear-js
14,outersky/r2d2-mysql
347,oriongunning/gridder
91,overtrue/bootstrap-theme-slim
56,overtrue/tools
616,opentx/opentx
79,olivierbon/Placid
32,odalet/Hawkeye2
31,odan/benchmark-php
38,orangehrm/orangehrm
49,othmanus/algeria-cities
20,osener/youtube2srt
2421,omab/django-social-auth
139,oUF-wow/oUF
109,ondrejnov/eet
182,orvice/shadowsocks-go
510,obihill/restive.js
11,overtrue/laravel-summernote
45,openldap/openldap
32,onevcat/SpriteKitSimpleGame
1809,overboming/ZCAnimatedLabel
444,onevcat/RandomColorSwift
124,onevcat/UserNotificationDemo
685,objcio/issue-1-lighter-view-controllers
1075,omergul/LLSimpleCamera
34,onlylin/BAddressPickerDemo
92,onmyway133/PushNotifications
155,onmyway133/IconGenerator
1075,omergul/LLSimpleCamera
60,onlyloveyd/JuheNews
12,oujinlong/OJLAnimationButton
229,os0x/NinjaKit
128,openaps/docs
505,ole/OLEContainerScrollView
33,ortclib/ortclib-sdk
422,oabdelkarim/ARPaint
422,oabdelkarim/ARPaint
893,ole/OBShapedButton
296,objcio/issue-13-viper-swift
240,oenius/DarwinNativeRouter
897,orta/cocoapods-keys
138,okcomp/ImplementKVO
27,oliveroneill/FeedCollectionViewController
405,ocrickard/OCExpandableButton
96,onevcat/SWTableViewCell
15,opendigg/ios-weekly
705,objcio/issue-13-viper
351,osteele/functional-javascript
43,objcio/issue-12-interactive-animations-uidynamics
138,okcomp/ImplementKVO
178,objcio/issue-3-collection-view-layouts
893,ole/OBShapedButton
12,ongfei/DFSegmentView
85,odzhan/shellcode
138,okcomp/ImplementKVO
165,openxc/openxc-android
14,ognev-zair/Kotlin-AgendaCalendarView
19,onevcat/MimeType
37,ondrek/bebusy
699,olddonkey/ODUIThreadGuard
422,oabdelkarim/ARPaint
38,onevcat/TimerExtensionDemo
54,ouzhenxuan/huanxinDemo
64,open-android/Zxing
261,openhpc/ohpc
49,onmyway133/MainThreadGuard
65,onevcat/ToDoDemo
422,oabdelkarim/ARPaint
279,onegray/RadioButton-ios
893,ole/OBShapedButton
705,objcio/issue-13-viper
296,objcio/issue-13-viper-swift
479,okla/QuickRearrangeTableView
317,oilshell/oil
11,onemolegames/react-native-toast-native
65,onevcat/ToDoDemo
28,oh-my-fish/plugin-osx
66,objcio/issue-7-lab-color-space-explorer
121,okcomp/AspectsDemo
699,olddonkey/ODUIThreadGuard
132,oleg-shilo/wixsharp
422,oabdelkarim/ARPaint
604,olddonkey/ShadowImageView
893,ole/OBShapedButton
490,opensource-apple/objc4
1824,octokit/octokit.objc
279,onegray/RadioButton-ios
267,orhanobut/bee
20,open-node/open-rest-es6-boilerplate
29,odrobnik/Cocoanetics-Benchmarks
240,oenius/DarwinNativeRouter
240,oenius/DarwinNativeRouter
185,oxnz/clang-user-manual
1824,octokit/octokit.objc
121,oblador/react-native-shimmer
893,ole/OBShapedButton
604,olddonkey/ShadowImageView
13,openHPI/xikolo-ios
18,oleics/node-filecache
663,openhab/openhab2-addons
128,okfde/froide
56,oomphinc/composer-installers-extender
256,openglsuperbible/sb7code
70,opentok/opentok-network-test
16,otusweb/iOS-camera-button
80,obetomuniz/ionic-google-maps-starter
1927,omz/AppSales-Mobile
460,objcio/core-data
146,onmyway133/Themes
36,onmyway133/fantastic-jobs
38,omise/omise-ios
460,objcio/core-data
236,ostinelli/apnotic
30,ochococo/Insomnia
136,objcio/VideoCaptureDemo
33,oleghnidets/OHMySQL
50,opalorange/OpalImagePicker
14,ozgur/MovingCells
96,opendatakit/opendatakit
43,opendatakit/build
126,open-uri-redirections/open_uri_redirections
460,objcio/core-data
33,onesky/plugin-ios-ota
144,okhanokbay/ExpyTableView
144,okhanokbay/ExpyTableView
367,oisdk/SwiftSequence
94,oyvind-hauge/OHCircleSegue
20,oenius/PageController
96,openboy2012/DDCollectionViewFlowLayout
35,oduwa/OECentreMenu
89,objcio/issue-2-background-core-data
144,okhanokbay/ExpyTableView
96,olegyadrov/qmlcreator
60,oggata/FacialRecognition
14,opsxcq/exploit-CVE-2014-6271
82,osm0sis/AnyKernel2
328,okmr-d/DOAlertController
802,onmyway133/Snowflake
275,orakaro/The-introduction-to-RxSwift-you-have-been-missing
15,openT2T/opent2t
50,opalorange/OpalImagePicker
488,ole/Animated-Paths
47,orazz/PageMenu
13,onmyway133/YoutubeDownloader
38,onurersel/anim
802,onmyway133/Snowflake
18,opentok/accelerator-core-ios
460,objcio/core-data
50,opalorange/OpalImagePicker
275,orakaro/The-introduction-to-RxSwift-you-have-been-missing
460,objcio/core-data
99,onevcat/UniWebView-Docs
328,okmr-d/DOAlertController
17,osrf/uctf
499,owntracks/android
36,onehilltech/blueprint
34,one-tea/ZKKLiveDemo
227,osnr/Screenotate
802,onmyway133/Snowflake
12,openshift-evangelists/intro-katacoda
144,okhanokbay/ExpyTableView
144,okhanokbay/ExpyTableView
90,ovh/metronome
12,openshift-evangelists/intro-katacoda
144,okhanokbay/ExpyTableView
76,omjoonkim/SkeletonLoadingView
460,openfl/lime
80,olofd/react-native-photos-framework
144,onmyway133/fantastic-machine-learning
22,orbitbot/web-mqtt-client
144,okhanokbay/ExpyTableView
144,onmyway133/fantastic-machine-learning
802,onmyway133/Snowflake
802,onmyway133/Snowflake
275,orakaro/The-introduction-to-RxSwift-you-have-been-missing
802,onmyway133/Snowflake
144,okhanokbay/ExpyTableView
16,ochococo/Super-Simple-Architecture
802,onmyway133/Snowflake
41,opentimestamps/opentimestamps-server
66,opentimestamps/opentimestamps-client
826,oleiade/trousseau
69,olebedev/cdn
59,okmr-d/DOHamburgerButton
71,ohjeongwook/FlashHacker
14,onmyway133/GifMagic
264,okfn/messytables
1042,onlywei/explain-git-with-d3
802,onmyway133/Snowflake
200,o3ma/o3
12,openshift-evangelists/intro-katacoda
144,okhanokbay/ExpyTableView
261,oscardelben/rawler
63,objective-see/ProcInfo
115,openwrt/mt76
12,openshift-evangelists/intro-katacoda
144,okhanokbay/ExpyTableView
850,oakes/SolidOak
150,onmyway133/Github.swift
326,oysteinkrog/SQLite.Net-PCL
275,orakaro/The-introduction-to-RxSwift-you-have-been-missing
115,openwrt/mt76
23,ooppstef/ZCNetworking
802,onmyway133/Snowflake
256,objcio/issue-12-custom-container-transitions
373,omergul/Discovery
119,o2team/JDHot
811,ory/fosite
880,owncloud/client
150,onmyway133/Github.swift
96,openfresh/ecs-formation
79,openfresh/android-kotlin-style-guide
47,orazz/PageMenu
73,openhealthcare/opal
144,onmyway133/fantastic-machine-learning
232,openproject/ganchai
76,oermolaev/simple-scala-rest-example
825,oskarkrawczyk/honukai-iterm-zsh
50,onuar/dokuztas
18,oriolrius/programming-ansible-basics
16,ofiwg/ofi-guide
22,ofiwg/fabtests
122,ofiwg/libfabric
215,opcm/pcm
18,opentok/accelerator-core-ios
31,objcio/issue-2-background-file-io
71,onlymelon/GUAAlertView
60,onlinereadbook/bookswift
751,owensd/json-swift
60,onlinereadbook/bookswift
71,onlymelon/GUAAlertView
31,objcio/issue-2-background-file-io
144,onthecodepath/iOS-Interview-Questions
60,oscarmorrison/oscar-ghost
14,olmokramer/scrollbar-width.js
32,o19s/trireme
25,obscuren/whisper-payment-channel
129,over140/vlc-android-demo
58,orbotix/Sphero-Mac-SDK
45,orbotix/DeveloperResources
259,openstack/sqlalchemy-migrate
135,onevcat/iOSWeekly
25,omochi/webrtc-ios-build
258,openSUSE/snapper
18,openHPI/xikolo-android
256,objcio/issue-12-custom-container-transitions
16,ocrplusplus/ocrplusplus
168,onevcat/VVImageTint
189,openvanilla/McBopomofo
15,onmyway133/notes
250,onmyway133/Smile
71,ohjeongwook/FlashHacker
68,objcio/issue-21-camera-controls-demo
256,objcio/issue-12-custom-container-transitions
265,ocetnik/react-native-background-timer
811,ory/fosite
17,omidraha/atlassian
32,openskynetwork/opensky-api
144,onmyway133/fantastic-machine-learning
21,oreillymedia/erlang_programming
144,onmyway133/fantastic-machine-learning
24,omochi/swift-ownership-jp
12,openshift-evangelists/intro-katacoda
68,objcio/issue-21-camera-controls-demo
144,onmyway133/fantastic-machine-learning
61,ole/CGPathHitTesting
88,ohdarling/GitStatX
83,opencredit/badgeos
59,olach/kirby-relationship
31,oPauloChaves/es6-webpack2-starter
19,oaleeapp/SwiftEyes
86,osvaldasvalutis/imageLightbox.js
39,oschettler/knowfox
17,omerfarukz/autocomplete
39,oschettler/knowfox
157,overblog/GraphQLBundle
11,olivierlemasle/java-certificate-authority
32,oliverbenns/phaser-starter
735,olebedev/when
13,oliviermaridat/kanboard-milestone-plugin
36,ossu/ossu-api
17,onassar/PHP-Curler
145,odino/interviews
76,oriongunning/gridder-ajax
128,onlyurei/knockout-spa
420,osyo-manga/vim-over
139,orchestral/parser
302,onelogin/python-saml
67,ole/SortedArray
99,openleap/aframe-leap-hands
60,openshift/origin-web-console
574,othree/javascript-libraries-syntax.vim
36,oh-my-fish/theme-budspencer
38,otalk/attachMediaStream
14,otalk/jxt-xmpp
22,otalk/jxt
87,open-eid/chrome-token-signing
56,olindata/tribily-zabbix-templates
40,omarabid/WordPress-Plugin-Boilerplate
357,opencfp/opencfp
93,octobercms/docs
29,optiflows/django-modalview
46,openstack/telemetry-specs
35,object/MongOData
53,omergulcicek/turkuazcss
90,openbookie/sportbook
24,orangeshirt/gnome-shell-extension-touchpad-indicator
117,obenland/the-bootstrap
52,ospinto/dBug
244,oerdnj/deb.sury.org
12,ortexx/akili
20,opulencephp/Project
148,orderbynull/lottip
192,otiai10/kanColleWidget
71,opt-luo/DemoHouse
16,odise/cron-container
779,operable/cog
87,onovotny/BouncyCastle-PCL
56,okigan/awscurl
24,oomusou/Laravel51Repository_demo
19,okfn/listify
209,ownaginatious/fbchat-archive-parser
14,optimized/docker-wordpress-gulp-starter-kit
124,openeducat/openeducat_erp
330,owncloudarchive/news
729,openstreetmap/Nominatim
745,orionjs/orion
86,opendatateam/udata
14,omartawba1/Trip-Sorter
11,omartawba1/currency_converter
11,omartawba1/simple_shop
20,ondrakoupil/csob
24,openschoolbr/openschoolbr.github.io
1369,overshard/timestrap
79,ostinelli/net-http2
92,oraclize/ethereum-api
11,oraclize/dapp-proof-of-identity
20,ofeige/vagrant-centos-chef-lamp
34,otcshare/automotive-message-broker
209,ownaginatious/fbchat-archive-parser
167,oupula/ngx_image_thumb
78,openlink/iODBC
151,objcio/OptimizingCollections
12,octoshop/core
61,olalonde/proof-of-solvency
51,owickstrom/vim-colors-paramount
15,openluopworld/aes_128
11,opszero/opshell
43,opentracing/opentracing-cpp
77,oldprojects/Simple-JavaScript-DOM-Inspector
192,okgrow/analytics
50,ohadschn/letsencrypt-webapp-renewer
22,orizens/ngrx-styleguide
152,oroinc/platform-application
116,overlookmotel/sequelize-hierarchy
76,olaferlandsen/ffmpeg-php-class
496,oazabir/Droptiles
67,openyou/libomron
239,oviava/react-redux-axios-example
34,omardelarosa/pitchfork-npm
11,openshift/openldap
92,openshift-evangelists/oc-cluster-wrapper
14,olihawkins/d3-hexjson
1373,osscafe/gulp-cheatsheet
223,openservicebrokerapi/servicebroker
91,oraclize/ethereum-examples
116,overlookmotel/sequelize-hierarchy
15,oxyplot/documentation-examples
19,opendns/TrafficCop
316,oransel/node-talib
210,olalonde/node-yelp
11,olitaylor/vlightbox
82,onlinereadbook/office
14,oleg-agapov/basic-spa-vue-firebase
37,oncode/handorgel
144,oren/sinatra-template
16,ohgyun/ndic
13,orbitbot/ng-appcache
11,orizens/ngrx-action-creator-factory
83,old-hangouts/old-hangouts-chrome-extension
23,otakustay/react-diff-view
106,otmakie/LivuLib
11,otevrena-data-mfcr/CityVizor
14,ouracademy/developer-roadmap
42,osmandapp/OsmAnd-resources
356,okfocus/okvideo
108,oneclick/rubyinstaller2
29,open-organization-ambassadors/open-org-definition
103,onassar/PHP-Pagination
108,oneclick/rubyinstaller2
108,oneclick/rubyinstaller2
42,orosandrei/Rehosted-Workflow-Designer
472,osrec/currencyFormatter.js
297,odeskconf/guide
46,onehungrymind/ng2-named-router-outlets
273,openstyles/stylus
44,openfl/openfl-animate-plugin
15,odytrice/Dumia
31,oroinc/documentation
181,orocommerce/orocommerce-application
17,obestwalter/i3configger
472,osrec/currencyFormatter.js
18,owldesign/Lithium-HTML5
22,opensource-cards/react-gesture
67,oncesk/yii-node-socket
57,ohjames/rxjs-websockets
67,opensupporter/osdi-docs
327,opensourceBIM/BIMserver
460,okcoker/taggle.js
57,ohjames/rxjs-websockets
460,okcoker/taggle.js
79,otac0n/Pegasus
43,opus-online/generator-marionette-frontend
16,onunu/leml
14,oliverjam/minimal-pwa
33,opendnssec/opendnssec
341,openid/AppAuth-Android
31,olaferlandsen/FileUpload-for-PHP
97,ornicar/ApcBundle
57,oz123/solarized-mate-terminal
428,ogrisel/notebooks
39,okgrow/router-autoscroll
25,ozsay/cluster-accounts
181,obolton/OBMenuBarWindow
764,oauth-io/oauth-js
181,orocommerce/orocommerce-application
223,openxc/android-webcam
71,ocombe/ocModal
32,obnoxxx/vagrant-lxc-base-boxes
201,owncloud/music
89,opensourceautomation/Open-Source-Automation
179,omniauth/omniauth-saml
42,oreillymedia/feedback_control_for_computer_systems
460,okcoker/taggle.js
34,odhyan/quizapp-angular
27,openmac/thinkpython
57,ohjames/rxjs-websockets
476,omgmog/uxofvr.com
107,othiym23/bug-clinic
14,oscarfonts/catastro2postgis
21,osp/osp.tools.html2print
11,optician/Telegram-Silencer
263,openaps/openaps
16,oktadeveloper/spring-boot-microservices-example
85,othree/es.next.syntax.vim
52,othree/jspc.vim
365,ory/dockertest
218,oleksiyk/kafka
23,osmlab/onosm.org
17,oz-code/OzCodeDemo
478,oscardelben/firebase-ruby
263,openaps/openaps
248,ostinelli/syn
73,okeuday/cpg
179,ocaml/ocaml.org
11,onovy/otodo
27,okv/east
281,olav-st/screencloud
63,o19s/splainer
20,oxplot/imdb2json
29,ochko/prudge
63,o19s/splainer
56,openexchangerates/npm-exchange-rates
29,ochko/prudge
462,ojjs/oj
73,ozio/meduza
73,ozio/meduza
271,openpnp/openpnp
48,olebedev/go-tgbot
48,olebedev/go-tgbot
893,open-keychain/open-keychain
62,op/go-libspotify
30,opencoff/go-srp
180,opal/opal-jquery
78,osamu38/node-express-curriculum
26,omegataupodcast/episode-prep
41,openshift/django-ex
90,ossc-db/pg_bulkload
11,ossc-db/pg_reorg
12,o9000/tint2
17,openx/python3-protobuf
60,openstack/pylockfile
45,openstack/tosca-parser
781,orf/gping
129,olebedev/config
14,otoolep/go-grpc-pg
18,olxios/SingleLandscapeController
388,otoolep/hraftd
55,oskarhane/dockerpress
19,oec2003/StreamAspNet
512,othree/yajs.vim
23,overtrue/json-viewer
