9748,PHPMailer/PHPMailer
118,Perfare/Il2CppDumper
806,PowerShellEmpire/PowerTools
14,PowerScript/facebrok
385,Plailect/keyshuffling
1788,PrismLibrary/Prism
13,Proteas/macos-class-tree
13,Proteas/macos-class-tree
936,Property404/fetlang
759,Perfare/UnityStudio
18577,Polymer/polymer
4261,PAIR-code/deeplearnjs
4566,PrismJS/prism
41,Pomotodo/api-doc
119,PIVX-Project/PIVX
779,PaulGuo/Juicer
1938,PaulSec/awesome-sec-talks
14,Pansion/zabcluster
106,PolygonTek/BlueshiftEngine
9264,PHPOffice/PHPExcel
586,PSDev/LicensesDialog
50,Piasy/AppRTC-Android
12235,PerfectlySoft/Perfect
334,Percy0601/boot-dubbo
114,PaulStoffregen/ILI9341_t3
1700,PRML/PRMLT
1274,Pana/node-books
25,PaulMcMillan/toorcon_2013
18572,PhilJay/MPAndroidChart
79,Plazmaz/Sublist3r
5280,PanJiaChen/vue-element-admin
116,PortSwigger/collaborator-everywhere
494,PaulSec/twittor
277,PowerShellMafia/CimSweep
813,Prodesire/Python-Guide-CN
967,PenturaLabs/Linux_Exploit_Suggester
267,PSPDFKit/PSPDFKit-Demo
132,PyCN/pythoncn-projects
3092,PowerShellMafia/PowerSploit
277,PowerShellMafia/CimSweep
51,PowerShellMafia/WinPETools
813,Prodesire/Python-Guide-CN
3244,PeterDing/iScript
604,PaulGuo/F2E.im
618,Proxmark/proxmark3
994,Polidea/ios-class-guard
73,PeterMosmans/security-scripts
781,Pyroh/Fluor
74,PyxYuYu/MyBlog
145,PearInc/PearPlayer.js
58,PadreIDE/Padre
3099,PAIR-code/facets
198,Pepitoh/VBad
364,ParticleCore/Iridium
329,PyMySQL/Tornado-MySQL
446,PiotrDabkowski/Js2Py
65,Pinperepette/Geotweet_GUI
47,PaulSec/skype-osint
24,PaulSec/osint-facebook-reset-password
557,PolySync/oscc
13,PythonScientists/InterviewKeyOfPython
295,PingPlusPlus/pingpp-php
8068,PowerShell/PowerShell
176,PowerShell/platyPS
14,Paradoxis/StegCracker
34,PowerShell/Polaris
176,PowerShell/platyPS
8068,PowerShell/PowerShell
111,PaulSec/HQLmap
8068,PowerShell/PowerShell
3237,PyMySQL/PyMySQL
38,P7h/Spark-MLlib-Twitter-Sentiment-Analysis
1473,PyGithub/PyGithub
1062,PokeAPI/pokeapi
3328,Potatso/Potatso
2499,Pylons/pyramid
119,PentesterES/Delorean
65,PinkyJie/resume
961,PaulTaykalo/objc-dependency-visualizer
4340,PageMenu/PageMenu
335,PGSSoft/3DSnakeAR
93,Pr0Ger/PyAPNs2
1162,PizzaLiu/PHP-FIG
154,PyO3/tokio
420,PyO3/pyo3
1144,Python-Markdown/markdown
357,Pylons/waitress
1611,PHPSocialNetwork/phpfastcache
100,Plazmaz/LNKUp
12,P1kachu/talking-with-cars
557,PolySync/oscc
323,PuShaoWei/arithmetic-php
65,Pinperepette/Geotweet_GUI
449,PeakTai/vue-html5-editor
484,Pythonista-Tools/Pythonista-Tools
55,POSHChef/POSHChef
110,PowerShell/PSPrivateGallery
34,PowerShell/Polaris
66,PortSwigger/hackability
11,PengheLiu/Cn_Speck_Checker
8068,PowerShell/PowerShell
383,PiranhaCMS/Piranha
80,PiranhaCMS/piranha.core
144,P0cL4bs/Kadimus
55,PHPJunior/laravel-html-encrypt
100,Plazmaz/LNKUp
187,PowerScript/KatanaFramework
12,PacktPublishing/Building-Recommendation-Engines
28,PolarisLab/SecPaper
14,PolarisLab/AESGFIC
187,PowerScript/KatanaFramework
14,Paradoxis/StegCracker
455,PHPAuth/PHPAuth
113,PanJiaChen/electron-vue-admin
8068,PowerShell/PowerShell
1827,P-H-C/phc-winner-argon2
346,Piker-Alpha/ssdtPRGen.sh
28,PMheart/CoreDisplayFixup
196,Panda-Hope/vue-qqmusic
727,PGBI/kong-dashboard
17,PyBunker/pybunker.github.io
8068,PowerShell/PowerShell
29,PureMVC/puremvc-java-multicore-framework
28,PureMVC/puremvc-java-standard-framework
2539,PrideChung/FontAwesomeKit
932,PaddlePaddle/book
5579,PaddlePaddle/Paddle
837,PyCQA/pylint
460,PyCQA/pyflakes
526,PanJiaChen/vueAdmin-template
6660,PureLayout/PureLayout
15,PacktPublishing/Python-GUI-Programming-Cookbook-Second-Edition
29,ParsingTeam/TeleShadow
2914,ProseMirror/prosemirror
94,PacktPublishing/Effective-Python-Penetration-Testing
29,ParsingTeam/TeleShadow
100,Plazmaz/LNKUp
1280,PistonDevelopers/conrod
1967,PistonDevelopers/piston
941,Pixen/Pixen
17483,Prinzhorn/skrollr
1144,Python-Markdown/markdown
101,PrismLibrary/Prism-Samples-Windows
808,Pana/nrm
820,PatMartin/Dex
31,PHP-on-Couch/PHP-on-Couch
184,Paxa/postbird
32,Pink-Silver/PyDoom
2914,ProseMirror/prosemirror
412,PowerShell/PSScriptAnalyzer
76,ProseMirror/prosemirror-view
31,PagerDuty/Nut
12,PagerDuty/docker_distiller
18,Permutatrix/rollup-plugin-hypothetical
1590,P0cL4bs/WiFi-Pumpkin
699,Platform-CUF/use-gulp
214,Ptr32Void/OSTrICa
631,PHPOffice/PHPPresentation
113,Pines-Cheng/awesome-react-cn
713,PurpleI2P/i2pd
112,PetarV-/Algorithms
1986,PipelineAI/pipeline
32,PX4/Matrix
2504,PyCQA/pycodestyle
32,PY131/Machine-Learning_ZhouZhihua
1455,P1xt/p1xt-guides
1455,P1xt/p1xt-guides
18,PhDP/Faun
72,PacktPublishing/Python-Machine-Learning-Blueprints
66,PacktPublishing/Python-Machine-Learning-Cookbook
1455,P1xt/p1xt-guides
1455,P1xt/p1xt-guides
23,PiJoules/Shake-Me
92,PrismJS/prism-themes
779,ParkSangGwon/TedPermission
4706,PuerkitoBio/goquery
87,PrismarineJS/flying-squid
111,PacktPublishing/Deep-Learning-with-Keras
128,PrincetonUniversity/Coursera-SDN
177,PeterScott/murmur3
114,PaulBatchelor/Sporth
501,PaulBatchelor/Soundpipe
13,ProjectTw/TwitteR2Mongo
56,PySlurm/pyslurm
336,PrajitR/fast-pixel-cnn
49,PacktCode/Practical-Machine-Learning
1777,PHP-FFMpeg/PHP-FFMpeg
107,PowerShell/PowerShellGet
215,Purii/react-native-tableview-simple
211,ParsePlatform/flashback
193,Planeshifter/node-word2vec
734,PatrickLouys/no-framework-tutorial
3202,PowerShell/Win32-OpenSSH
495,PavelTorgashov/FastColoredTextBox
13,Plen-wang/templetPrint
68,Pathoschild/FluentHttpClient
3202,PowerShell/Win32-OpenSSH
984,Polytonic/Glitter
49,PacktCode/Practical-Machine-Learning
141,Pr0x13/iBrutr
1254,PlusHaze/TrayNotification
66,PHP-DI/Slim-Bridge
282,PointInside/ng2-toastr
344,PlayFab/consuldotnet
318,PaulStoffregen/Audio
282,PointInside/ng2-toastr
3746,PharkMillups/beautiful-docs
29,PatrickLib/captcha_recognize
11,PaulChongPeng/YOLO2TensorFlow
67,PetterS/monte-carlo-tree-search
78,Pingus/pingus
2439,PolymerElements/polymer-starter-kit
525,Propaganistas/Laravel-Phone
146,Pyomo/pyomo
3769,PostgresApp/PostgresApp
318,PaulStoffregen/Audio
501,PaulBatchelor/Soundpipe
163,PunitGr/QuickBill
181,PipeWire/pipewire
20,Pranavgulati/neuralDuino
460,Patrick-Kladek/CocoaDebugKit
460,Patrick-Kladek/CocoaDebugKit
411,PomeloFoundation/Pomelo.EntityFrameworkCore.MySql
517,PoshCode/PowerShellPracticeAndStyle
264,PSAppDeployToolkit/PSAppDeployToolkit
189,PowerShell/PowerShellEditorServices
112,PureMVC/puremvc-js-multicore-framework
1288,Polidea/RxAndroidBle
51,Puharesource/TitleManager
44,PaquitoSoft/memored
27,Philipp15b/go-steamapi
112,PMassicotte/gtrendsR
3958,Popmotion/popmotion
290,Pixplicity/EasyPrefs
25,Pitu/Magane
93,PaperWeeklyCode/GAN-discussions
108,Pi-DeepLearning/RaspberryPi-FaceDetection-MTCNN-Caffe-With-Motion
70,PacktPublishing/Building-Machine-Learning-Projects-with-TensorFlow
135,Pedramrn/CircularProgressBar
1330,Pluto-Y/iOS-Echarts
162,PerfectFreeze/PFWebViewController
69,PaytmLabs/akka-batteries
26,Prediction-Machines/Trading-Brain
55,Prediction-Machines/Trading-Gym
126,PinkyJie/angular1-webpack-starter
128,Paldom/UniqueDeviceID
78,PolymerElements/paper-button
282,PointInside/ng2-toastr
24,PacktPublishing/Python-Machine-Learning-Second-Edition
23,PerfectExamples/Perfect-TensorFlow-Demo-Vision
35,PierreZ/goStatic
318,PaulStoffregen/Audio
11,PolymerLabs/code-mirror
115,PaulStoffregen/teensy_loader_cli
424,ProjectVault/orp
325,PitPik/colorPicker
20,Pranavgulati/neuralDuino
708,PerlDancer/Dancer
855,Pomax/BezierInfo-2
257,PyWavelets/pywt
181,PipeWire/pipewire
1950,Project-OSRM/osrm-backend
29,PacktPublishing/Python-Real-World-Machine-Learning
78,PKief/vscode-material-icon-theme
817,PaulWoitaschek/Voice
2830,ProjectDent/ARKit-CoreLocation
29,PeterCxy/shadowsocks-auto-redir.sh
470,PistonDevelopers/dyon
423,PowerShell/vscode-powershell
947,Pestov/essential-gulp-plugins
329,Promact/md2
128,Paldom/UniqueDeviceID
590,ProcedureKit/ProcedureKit
62,PolymerLabs/progressive-webapp-config
2138,PhamBaTho/BTNavigationDropdownMenu
57,PerfectFreeze/PFNavigationDropdownMenu
2830,ProjectDent/ARKit-CoreLocation
1026,ProtonMail/WebClient
93,Pereingo/statsd-csharp-client
14,PomeloFoundation/Pomelo.EntityFrameworkCore.Extensions.ToSql
95,PowerShell/JEA
142,ProgTrade/nUpdate
13,Platformus/Platformus-Sample
71,Probed/RPG
23,PacktPublishing/Programming-Kotlin
544,PSD-Company/duo-navigation-drawer
1210,PressLabs/gitfs
70,PR4GM4/kit-kat
25,PUGX/shortid-php
347,PaulGuo/PM25
2651,PrestaShop/PrestaShop
22,Preetish/GoT_screen_time
45,PacktPublishing/Advanced-Machine-Learning-with-Python
143,Polymer/hn-polymer-2
57,Polymer/polymer-modulizer
680,PolymerLabs/lit-html
45,PacktPublishing/React-Native-Cookbook
11,PierreBesson/generator-jhipster-banner
432,PostmonAPI/postmon
11,PacktPublishing/Python-Data-Science-Essentials-Second-Edition
115,PaulMakepeace/refine-client-py
40,ProQuestionAsker/2016MovieDialogue
29,PyFilesystem/s3fs
55,Prediction-Machines/Trading-Gym
26,Prediction-Machines/Trading-Brain
3673,PokemonGoF/PokemonGo-Bot
443,PokemonGoF/PokemonGo-Bot-Desktop
161,PyCon/2017-slides
2569,PMSI-AlignAlytics/dimple
1127,PrivacyApps/html-textview
2711,PHPOffice/PHPWord
344,PlayFab/consuldotnet
49,ParakweetLabs/EmailIntentDataSet
1195,PixarAnimationStudios/USD
1200,Parsely/streamparse
1950,Project-OSRM/osrm-backend
24,PacktPublishing/Python-Machine-Learning-Second-Edition
202,PDAL/PDAL
11,PPgp/CO2projections
27,Percona-Lab/PromHouse
2569,PMSI-AlignAlytics/dimple
1195,PixarAnimationStudios/USD
215,Purii/react-native-tableview-simple
236,Psiphon-Labs/psiphon-tunnel-core
17,PacktPublishing/Scientific-Computing-with-Python-3
62,PerfXLab/embedded_ai
318,Pathoschild/SMAPI
21,PacktPublishing/Building-Blockchain-Projects
236,Psiphon-Labs/psiphon-tunnel-core
17,PacktPublishing/Scientific-Computing-with-Python-3
3746,PharkMillups/beautiful-docs
38,Project-Platypus/Platypus
814,Pterodactyl/Panel
236,Psiphon-Labs/psiphon-tunnel-core
284,PapirusDevelopmentTeam/arc-kde
936,PapirusDevelopmentTeam/papirus-icon-theme
36,Perlence/PyGuitarPro
32,PhoenixOS/kernel
201,Polymer/CustomElements
1026,ProtonMail/WebClient
554,PrivateBin/PrivateBin
103,PassionZale/iMall
24,Pronovix/walkhub-service
545,PebbleTemplates/pebble
680,PolymerLabs/lit-html
175,ProfOak/ascii_py
58,PerBothner/DomTerm
790,PythonCharmers/python-future
282,PointInside/ng2-toastr
449,PowerShell/DscResources
118,PowerShell/SharePointDsc
19,PioneerCode/pioneer-blog
18,PoorBillionaire/sitereview
478,Pomax/bezierjs
107,PCMan/gtk3-nocsd
35,Polochon-street/bliss
340,Pixabay/JavaScript-autoComplete
18,ProbablePrime/interactive-keyboard
163,PunitGr/QuickBill
3769,PostgresApp/PostgresApp
143,Puigcerber/angular-unit-testing
62,Profiscience/ko-component-router
1900,PCSX2/pcsx2
126,PinkyJie/angular1-webpack-starter
823,ParticleCore/Particle
40,ParadeTo/Recommend
773,Pomax/react-onclickoutside
1950,Project-OSRM/osrm-backend
15,PowerShell/ODataUtils
115,PaulStoffregen/teensy_loader_cli
855,Pomax/BezierInfo-2
35,PhonologicalCorpusTools/CorpusTools
55,PierrickP/n26
66,PrestaShop/community-theme-16
193,Parrot-Developers/ARSDKBuildUtils
282,PointInside/ng2-toastr
210,Pixabay/jQuery-autoComplete
27,PureKrome/HttpClient.Helpers
790,PythonCharmers/python-future
817,PaulWoitaschek/Voice
328,Parbhat/Python-Pedia
1355,PaulLeCam/react-leaflet
64,PawelTroka/Computator.NET
17,Python3WebSpider/CrackGeetest
364,Piasy/notes
589,Parsely/pykafka
163,PunitGr/QuickBill
2651,PrestaShop/PrestaShop
33,PowerShenli/MyDog
40,ParadeTo/Recommend
916,PixelsCommander/ViralJS
81,Protoneer/GRBL-Arduino-Library
173,Pbartek/pyobd-pi
234,PeerServer/peer-server
1200,Parsely/streamparse
2651,PrestaShop/PrestaShop
680,PolymerLabs/lit-html
2830,ProjectDent/ARKit-CoreLocation
121,PoweredLocal/vrata
15,Paratii-Video/paratii-player
39,Particular/eShopOnContainers
936,PapirusDevelopmentTeam/papirus-icon-theme
102,PaulKinlan/qrcode
45,PoslinskiNet/ember-introjs
1330,Pluto-Y/iOS-Echarts
78,Pyppe/phantomjs2.0-ubuntu14.04x64
176,PaulBernier/castl
38,PaesslerAG/django-performance-testing
442,PleaseCallMeCoder/PrettyGirls
46,PNKBizz/vue-yandex-map
54,PygmySlowLoris/vue-notify-me
1419,PuerkitoBio/gocrawl
589,PuerkitoBio/fetchbot
1994,PointCloudLibrary/pcl
60,PrestoXen/openopera-patches
1911,PixarAnimationStudios/OpenSubdiv
1007,PowerDNS/pdns
19,Pent00/YenKSP
11,PX4/pyulog
15,PokerChang/ios-card-detector
619,PhpFriendsOfDdd/state-of-the-union
184,PlatformLab/RAMCloud
32,P7h/docker-spark
26,PythonicNinja/pydrill
71,Photobucket/Solbase
599,PixelsCommander/ReactiveElements
17,Piker-Alpha/AppleIntelFramebufferAzul.sh
14,Phonbopit/hello-github
21,PerArneng/netsnail
37,PENGZhaoqing/HousePricing
20,PetoLau/petolau.github.io
147,PrincetonML/SIF
69,Pivotal-Open-Source-Hub/StockPrediction
28,PrairieLearn/PrairieLearn
339,Pivotal-Open-Source-Hub/StockInference-Spark
33,PeterMalkin/oandapybot
557,Pat-Carter/stream2chromecast
42,PengFoo/deep-learning-cn
17,PatrykChrabaszcz/Imagenet32_Scripts
81,PaddlePaddle/models
64,PytLab/gaft
23,ProjetPP/PPP-QuestionParsing-Grammatical
20,PetterS/submodular
1175,PHPOffice/PhpSpreadsheet
13,PacificBiosciences/IsoSeq_SA3nUP
46,PacificBiosciences/cDNA_primer
30,Perfare/warshipgirls-png
25,PARC/CCNx_Distillery
157,ProjectCCNx/ccnx
94,PegasusWang/python-web-guide
38,PaloAltoNetworks/SplunkforPaloAltoNetworks
45,Protoneer/Raspberry-Pi-CNC
38,PLSysSec/lio
52,PerfectlySoft/Perfect-Notifications
64,ProofSystem/Encyclopedia
375,PrincetonVision/marvin
17,Psihey/laverna-android
172,PlamenStilyianov/Python
11,PrettyPrinted/intro_to_flask
474,Polymer/shop
172,PlamenStilyianov/Python
18,PCJohn/FaceDetect
58,ProfessorX/Electronic-Books
90,Project31/ansible-kubernetes-openshift-pi3
438,Polymer/polymer-cli
179,Philio/GoMySQL
68,PyOCL/OpenCLGA
30,PulseWaves/PulseWaves
14,PulseWaves/Specification
13,Pliner/EasyGelf
219,PrismLibrary/Prism-Samples-Wpf
27,PatternRecognition/OpenBMI
12,Philip-Bachman/MatNets-NIPS
318,PhilippeSigaud/Pegged
18,PytLab/catplot
11,Project-Platypus/PRIM
17,Project-Platypus/Rhodium
41,PaulChongPeng/darknet
84,PlamenStilyianov/Python3
172,PlamenStilyianov/Python
60,PyHDI/Pyverilog
5004,Pixelkit/PixelKit-Bootstrap-UI-Kits
108,ProjectQ-Framework/ProjectQ
1342,PX4/Firmware
366,P233/3-Jekyll
84,ProgVal/Supybot-plugins
28,PabloVallejo/python-exercises
58,Polymer/vscode-plugin
117,Polymer/news
157,PolymerLabs/wizzywid
24,PolymerLabs/indie-catalog
18,PlamenStilyianov/FinMathematics
13,Plum-Crazy/angular-seed
38,PlamenStilyianov/Java
12,P1llus/ArcSight-Rest
13,Pluto-Y/Demos
14,PauSiber/pausiber.github.io
11,Polymer/core-icon
131,PolymerElements/neon-animation
25,Pandoxie/FDU-Thesis-Latex
106,PrFalken/leonardo
90,ProfessionalCSharp/ProfessionalCSharp6
33,ProfessionalCSharp/MoreSamples
58,Programmica/pyqt5-tutorial
87,PeterDing/aget
90,ParsePlatform/ParseDeveloperDay
171,PingPlusPlus/pingpp-java
141,Phong13/BulletSharpUnity3d
605,Pythonity/font-awesome-to-png
47,Plazmaz/MongoDB-HoneyProxy
17,PanagiotisDrakatos/Weather-Forecast
57,PoisonousMilk/PMElasticRefresh
26,Phelthas/LXMThirdLoginManager
325,PageGuo/NewPagedFlowView
77,Pr-Chen/CKAlertViewController
1358,Polymer/observe-js
235,Parallels/docker-machine-parallels
80,Pgrammerybj/AnimationUtils
377,PingPlusPlus/pingpp-ios
31,Pearyman/chrome_plugin
22,Percona-Lab/tuned-percona-mongodb
36,PerfectCarl/awesome-play1
271,PuerkitoBio/purell
366,Phlow/feeling-responsive
16,Pivotal-Field-Engineering/BigDataRoadshow-labs
375,PaicHyperionDev/MobileDevWeekly
19,Percona-Lab/grafana_mongodb_dashboards
95,Percona-Lab/mongodb_consistent_backup
122,PacificBiosciences/FALCON
84,Pau1fitz/react-interview
13,PaloAltoNetworks/autofocus-client-library
341,Pleasurazy/Sublime-Better-Completion
314,ProgrammingFonts/ProgrammingFonts
104,Percona-Lab/tpcc-mysql
13,PaquitoSoft/notetaker-ractive
392,PhilipGarnero/django-rest-framework-social-oauth2
104,PapirusDevelopmentTeam/adapta-kde
85,PacktPublishing/Spring-Microservices
85,PacktPublishing/Spring-Microservices
104,Percona-Lab/tpcc-mysql
322,ParryQiu/GuGuJianKong
52,PyCN/Anti-Anti-Spider
117,PSMM/SLIC-Superpixels
40,P2PSP/core
15,Pscheidl/cdi-events-playground
11,Pivopil/angular-play-spark
240,PowerShell/Plaster
1165,Particular/NServiceBus
1165,Particular/NServiceBus
49,PulsedLight3D/LIDARLite_v2_Arduino_Library
116,PPAV-inc/PPAV-crawler
1056,Payum/Payum
39,Percona-Lab/query-playback
53,Percy0601/log-extension
51,PhilippC/keepass2android
70,Pure-D/code-d
103,Piratenfraktion-Berlin/OwnTube
38,PyCN/dianping_data
78,PacktPublishing/TensorFlow-Machine-Learning-Cookbook
346,PavelLoparev/design-patterns
1137,PeeHaa/OpCacheGUI
108,PokemonUnity/PokemonUnity
348,ParaskP7/android-dev-sources
1056,Payum/Payum
53,Percy0601/log-extension
142,Pines-Cheng/awesome-vue-cn
760,PureDark/H-Viewer
33,PEMapModder/Small-ZC-Plugins
1222,PocketMine/PocketMine-MP
762,Pryaxis/TShock
104,Percona-Lab/tpcc-mysql
85,PacktPublishing/Spring-Microservices
31,PHPSP/php-guide-pt_BR
38,PyCN/dianping_data
21,Pessimistress/minecraft-chunk-viewer
59,PUNCH-Cyber/YaraGuardian
102,ParadiseSS13/Paradise
57,PaulSec/API-malwr.com
30,PhaedrusTheGreek/nagioscheckbeat
14,PandaTheme/panda-syntax-vscode
27,PandaTheme/panda-syntax-sublime
60,PUGX/PUGXGeneratorBundle
44,PacktPublishing/React-Design-Patterns-and-Best-Practices
106,Papka24/Papka24-core
103,P1kachu/ProgrammingLearning
312,PolyPasswordHasher/PolyPasswordHasher
95,PacktPublishing/Node.js_Design_Patterns_Second_Edition_Code
107,ParryQiu/DevOpenClub-Tech-Webpack2
75,PetrVevoda/smallupbp
336,Playkid/Google-IPs
26,PolymerElements/paper-drawer-panel
13,PearsonEducation/Docussandra
22,Product-Foundry/akka-cqrs
166,PhilippeSigaud/D-templates-tutorial
200,Pay-Group/best-pay-sdk
200,Pay-Group/best-pay-sdk
200,Pay-Group/best-pay-sdk
130,PureMVC/puremvc-csharp-standard-framework
791,Pi4J/pi4j
209,Pakhee/Cross-platform-AES-encryption
129,Pivotal-Data-Attic/pivotalrd-libhdfs3
551,Pragmatists/JUnitParams
215,PcapDotNet/Pcap.Net
811,PyMySQL/mysqlclient-python
976,PHPGangsta/GoogleAuthenticator
752,PeachScript/vue-infinite-loading
285,PatWie/CppNumericalSolvers
86,PkuJavaGroupCzz/Distributed_spider_pku_java
17,PlayPen/playpen-core
86,PkuJavaGroupCzz/Distributed_spider_pku_java
16,PeterEB/coap-node
548,PrismarineJS/mineflayer
1105,PHP-DI/PHP-DI
130,PureMVC/puremvc-csharp-standard-framework
632,PFCKrutonium/Windows-10-Login-Background-Changer
51,PodcastpediaOrg/podcastpedia
167,Piko-RT/pikoRT
811,PyMySQL/mysqlclient-python
106,PaicHyperionDev/hexo-generator-search
551,Pragmatists/JUnitParams
15,ParadeTo/vue-tree-list
30,PatienceKai/VGG_Face_Caffe_Model
119,Particular/Workshop.Microservices
236,Paldom/angular2-rest
86,PkuJavaGroupCzz/Distributed_spider_pku_java
171,PaulStoffregen/TimerOne
321,Plortinus/vue-multiple-pages
53,PacktPublishing/Java-Deep-Learning-Essentials
59,ProjectSkyfire/SkyFire-Community-Tools
477,PaulTR/AndroidDemoProjects
55,PowerShell/psl-omi-provider
12,Pure-D/sublime-d
48,Pure-D/workspace-d
348,PowerNex/PowerNex
174,Paul-DS/bootstrap-year-calendar
408,PeteC/InteractiveViewControllerTransitions
39,PiXeL16/CountItApp
426,Pirngruber/AndroidIM
54,PyCN/LearnPython
242,PX4/Hardware
85,PinMr/douyu-vue
2266,Prototik/HoloEverywhere
15,PolymerLabs/polymer-2-carousel
256,PingPlusPlus/pingpp-html5
26,PurpleI2P/i2pdbrowser
265,PlutoArchitecture/Pluto-Android
48,PacktPublishing/Mastering-Microservices-with-Java
11,PurpleSweetPotatoes/CollcetionViewLayout_demo
38,PandaraWen/FakeWeChatLocation
99,PyCQA/pep8-naming
61,Pes8/android-material-color-picker-dialog
317,PufferPanel/PufferPanel
589,PistonDevelopers/VisualRust
82,PopFisher/FingerprintRecognition
12,PacktPublishing/DevOps-for-Web-Development
45,Plortinus/element-china-area-data
321,Plortinus/vue-multiple-pages
317,PufferPanel/PufferPanel
23,Panfen/wemovie
1292,PkmX/lcamera
13,PacktPublishing/Mastering-Redis
557,Pr0x13/iDict
175,Polymer/prpl-server-node
67,PingPlusPlus/pingpp-ruby
180,Pierry/SimpleToast
180,Pierry/SimpleToast
12,PingerOne/android_develop_sample
265,PlutoArchitecture/Pluto-Android
328,PhilippeBoisney/AlertOnboarding
25,PacktPublishing/Android-Design-Patterns-and-Best-Practice
64,PDDStudio/GoogleUrlShortener
22,PropaneDragon/RushHour
321,Plortinus/vue-multiple-pages
143,Pizzacus/satania.moe
37,Pauan/rollup-plugin-purs
13,Pure-D/serve-d
1503,Pathgather/please-wait
38,Petikoch/Java_MVVM_with_Swing_and_RxJava_Examples
1243,PavelKatunin/DownloadButton
321,Plortinus/vue-multiple-pages
321,Plortinus/vue-multiple-pages
138,ProofGeneral/PG
15,PythonNut/historian.el
42,PrashantMangukiya/SwiftCoreImageFilter
1862,Piasy/BigImageViewer
137,PDP-10/its
59,PyroclastIO/metamorphic
43,Pieter-Jan/PJ_RPI
43,Pieter-Jan/PJ_RPI
59,PyroclastIO/metamorphic
59,PyroclastIO/metamorphic
38,PandaraWen/FakeWeChatLocation
321,Plortinus/vue-multiple-pages
134,PSPDFKit/PDFXKit
40,PageGuo/PGScratchView
120,PengfeiWang666/iOS-getClientInfo
153,PugaTang/PTFakeTouch
707,PureSwift/Cacao
97,PeteLawrence/homebridge-people
61,Pau1fitz/react-slidez
266,PHPSP/php-the-right-way
17,PHPSP/quero-palestrar
13,PacktPublishing/Learning-GraphQL-and-Relay
1485,Peer5/ShareFest
116,PeachBlossom/treader
73,PanJiaChen/vue-countTo
54,PureMVC/puremvc-csharp-multicore-framework
14,PMheart/LiluFriend
290,PHPFastCGI/FastCGIDaemon
33,PHPRepository/sql-repository
490,PoESkillTree/PoESkillTree
28,PHPOffice/Common
33,PHPRepository/sql-repository
110,PredictionIO/template-scala-parallel-universal-recommendation
137,PeteC/PresentationControllers
248,PaperMC/Paper
23,PhpFriendsOfDdd/specs
294,Perl/perl5
28,PHPOffice/Common
38,ProteusVR/ProteusTemplate
433,PhalconEye/phalconeye
19,PacktPublishing/Spring-MVC-Beginners-Guide-Second-Edition
15,PredictionIO/template-scala-parallel-complementarypurchase
20,PredictionIO/template-scala-parallel-leadscoring
433,PhalconEye/phalconeye
19,PhQAgent/PhQAgent
173,PiSupply/PaPiRus
137,PuerkitoBio/rehttp
21,PeterWaher/IoTGateway
329,PUGX/badge-poser
290,PHPFastCGI/FastCGIDaemon
23,PerseveranceZ/vue-base
31,PacktPublishing/Building-RESTful-Python-Web-Services
100,PHPJasper/phpjasper
65,PolymerElements/marked-element
28,PHPOffice/Common
19,PacktPublishing/Spring-MVC-Beginners-Guide-Second-Edition
444,PolymerElements/app-layout
96,PDF417/pdf417-android
97,PHPCheckstyle/phpcheckstyle
77,PotatoLabs/git-redate
83,PeterRK/DSGO
289,PhannGor/unity3d-rainbow-folders
162,PandaQAQ/PandaEye
12,ParadeTo/vue-date-range
155,PUGX/PUGXMultiUserBundle
28,PTCInc/solr-php-client
29,PredictionIO/PredictionIO-Docs
16,PredictionIO/template-scala-parallel-productranking
15,PredictionIO/template-scala-parallel-complementarypurchase
20,PredictionIO/template-scala-parallel-leadscoring
16,PredictionIO/template-scala-parallel-productranking
25,Paytm-Payments/Paytm_Web_Sample_Kit_PHP
294,Perl/perl5
295,PrestaShop/prestashop-icon-font
18,PHPConf-TW/website-2015
34,PHPPowertools/DOM-Query
34,PHPPowertools/DOM-Query
35,ParrotSec/parrotsec.org
916,Ph3nol/NotificationPusher
916,Ph3nol/NotificationPusher
104,ProLoser/IntelliJ-SubliMate
143,Project-CleverWeb/LastAutoIndex
11,PacktPublishing/Mastering-PHP-Design-Patterns
13,PHPTestFestBrasil/phptestfestbrasil.github.io
251,PEZ/SketchDistributor
28,PTCInc/solr-php-client
67,PHP-DI/demo
104,PingPlusPlus/pingpp-js
221,PointTeam/PointDownload
417,PintaProject/Pinta
17,PaulStoffregen/DmxSimple
103,PlatziDev/redux-catch
159,Palakis/obs-websocket
545,Polymer/topeka
16,Paul-Reed/cloudflare-ufw
25,PMheart/CPUFriend
916,Ph3nol/NotificationPusher
12,Promact/ionic-chat-app
104,Prooffreader/election_2016_data
452,PyFilesystem/pyfilesystem2
88,Pines-Cheng/awesome-nodejs-cn
205,PierrePerrin/ShadowView
21,PaoloCuscela/Cards
935,PHPixie/Project
159,Palakis/obs-websocket
63,Programmica/python-gtk3-tutorial
104,PingPlusPlus/pingpp-js
578,Program-O/Program-O
15,PHORAX/formhandler
246,PyCQA/flake8
510,PureDarwin/PureDarwin
21,Piker-Alpha/csrstat
104,PingPlusPlus/pingpp-js
916,Ph3nol/NotificationPusher
905,Plailect/Guide
562,PHPIDS/PHPIDS
26,PintLabs/Pintlabs_Service_Untappd
113,Paragraph1/php-fcm
43,PacktPublishing/Cpp17-STL-Cookbook
127,PerfectlySoft/PerfectTemplate
286,Postleaf/postleaf
62,PikachuHy/shadowsocks-client
17,PhpGt/Dom
228,PierfrancescoSoffritti/SlidingDrawer
55,PapirusDevelopmentTeam/papirus-libreoffice-theme
916,Ph3nol/NotificationPusher
237,PDDStudio/highlightjs-android
17,PyCN/Blog
109,PendalF89/yii2-filemanager
24,Phrynohyas/eve-o-preview
83,PeterRK/DSGO
163,PerfAssist/PA_ResourceTracker
26,ProtoTeam/immutability-helper-x
916,Ph3nol/NotificationPusher
30,PHPGangsta/WebsiteToImage
578,Program-O/Program-O
84,PeachScript/sketch-plugin-monster
25,Petschko/RPG-Maker-MV-Decrypter
16,PagerDuty/pdagent
14,PHCNetworks/multi-tenancy-devise
51,PierBover/vuex-apollo-example-project
237,PhileCMS/Phile
55,PlayFab/UNION-OpenSource-MOBA
40,Peer5/videojs-contrib-hls.js
26,ProtoTeam/immutability-helper-x
104,PingPlusPlus/pingpp-js
28,PocketMine/php-build-scripts
414,PerfectlySoft/PerfectDocs
113,PeanutPower/CryptoArbitrageTrader
40,PiSimo/BitcoinForecast
19,PaulSec/DET
28,PayBas/RecentTopics
727,Parallels/vagrant-parallels
116,PrestaShop/PrestaShop-webservice-lib
171,Parchive/par2cmdline
52,PlayApple/cocos2dx-extensions
28,PeteMall/Metabox-Tabs
17,Paull/hiwifi.easucks
292,PixelsCommander/Propeller
196,PhantomBot/PhantomBot
213,PillowPillow/ng2-webstorage
237,PDDStudio/highlightjs-android
316,PhiloNL/Laravel-Blade
316,PhiloNL/Laravel-Blade
62,PikachuHy/shadowsocks-client
316,PhiloNL/Laravel-Blade
562,PHPIDS/PHPIDS
251,PEZ/SketchDistributor
562,PHPIDS/PHPIDS
30,PredictionIO/Programmers-Guide-to-Machine-Intelligence-with-PredictionIO
562,PHPIDS/PHPIDS
246,PyCQA/flake8
109,PendalF89/yii2-filemanager
42,PhenX/php-svg-lib
79,PeterKassenaar/ng2-websockets
438,PeculiarVentures/PKI.js
25,PELock/PELock-Software-Protection-and-Licensing-SDK
16,PearInc/FogVDN
321,PrismarineJS/node-minecraft-protocol
15,PHProxy/phproxy
19,PhoenixCreate/PhoenixCreate
26,Piotrekol/StreamCompanion
42,PhenX/php-svg-lib
174,PhenX/php-font-lib
204,P1kachu/v0lt
25,PMheart/CPUFriend
129,Professor-plum/Reflective-Driver-Loader
32,PHPFluent/ArrayStorage
33,Piker-Alpha/freqVectorsEdit.sh
25,PMheart/CPUFriend
154,Pizzalol/SpellLibrary
17,PytLab/MLBox
12,PanDoreS/xiaomi-yeelight-api-tools
84,PytLab/dotfiles
228,PierfrancescoSoffritti/SlidingDrawer
26,ProtoTeam/immutability-helper-x
53,Parisson/Telemeta
25,Paytm-Payments/Paytm_Web_Sample_Kit_PHP
320,ParallelSSH/parallel-ssh
655,PyTables/PyTables
165,PhpUnitsOfMeasure/php-units-of-measure
47,Pilothouse-App/Pilothouse
623,ParhamP/altify
39,PiPHP/Resources
880,PistonDevelopers/hematite
163,PerfAssist/PA_ResourceTracker
44,PerfAssist/PA_CoroutineTracker
13,PathDNA/atoms
312,Piwigo/Piwigo
727,Parallels/vagrant-parallels
97,PHPCheckstyle/phpcheckstyle
169,PHPMessageBus/messagebus
905,Plailect/Guide
142,PhoenicisOrg/POL-POM-5
482,Pawka/phrozn
70,Propaganistas/Laravel-FakeId
48,PiInTheSky/pits
161,Pennebaker/craftcms-thearchitect
132,PiStuffing/Quadcopter
146,Pablissimo/SonarTsPlugin
12,PlainTextTools/plain-text-table
76,Polyconseil/vue-gettext
65,Propaganistas/Laravel-Intl
16,Priler/PlaceHoldMachine
11,Pandiora/SteamAccountRoboticAssistant
135,PiXeL16/PasswordTextField
161,Pennebaker/craftcms-thearchitect
256,PiPHP/GPIO
14,PeterStaev/news_reader_contest
15,PaulKinlan/New-App-Launcher
66,PerfectShen/WSNumBezier
142,PandaraWen/SBVideoCaptureDemo
14,PittWong/XXLinkLabel
21,ParryQiu/css-reference
32,Paracel/QSanguosha-Para
17,Piroro-hs/react-native-twitter
57,PyvesB/AdvancedAchievements
1095,Piasy/RxAndroidAudio
57,PenguinSquad/Harvest-Festival
24,PKPK-Carnage/OTResizableView
96,Paulpang/XJTV
38,PerfectlySoft/Perfect-HTTPServer
96,PanXianyue/BlogDemo
279,PlenipotentSS/SSStackedPageView
128,ProtocolSupport/ProtocolSupport
140,PingPlusPlus/pingpp-nodejs
27,PandaraWen/FlappyRect
130,Phelthas/Demo_ButtonImageTitleEdgeInsets
770,PiXeL16/RevealingSplashView
770,PiXeL16/RevealingSplashView
234,PoissonBallon/EasyRealm
49,PromiseKit/Alamofire-
118,PBSPro/pbspro
17,PerfectExamples/Perfect-ToDo-iOS-Demo
16,PerfectExamples/Perfect-WebSocketsServer
15,PerfectServers/SlackBot
146,PyCQA/baron
114,PyCQA/astroid
247,PyCQA/redbaron
29,PProvost/AutoHotKey
72,Paris/AutoHotkey-Scripts
54,PaulTaykalo/AppCode-Settings
102,PetroWu/AutoPortraitMatting
140,PeOS-China/CookMan
35,PacktPublishing/Test-Driven-iOS-Development-with-Swift-3
343,PoE-TradeMacro/POE-TradeMacro
11,Prajithp/cPanel_Mod_PageSpeed
96,Paulpang/XJTV
20,Phelthas/LXMExpandLayout
770,PiXeL16/RevealingSplashView
20,Pr-Chen/AwsomeLayout-OC
335,Produkt/PDKTStickySectionHeadersCollectionViewLayout
40,Paldom/angular-ionic-requirejs-phonegap-seed
38,Polymer/core-elements
229,PrashantMangukiya/SwiftUIDemo
12,Prashant961992/localization_Swift
211,PiercingDan/spark-Jupyter-AWS
78,PhilippeBoisney/LinearProgressBar
75,Payum/PayumServer
59,PacktPublishing/Swift-3-Functional-Programming
11,PiXeL16/SwiftMailgun
28,PowerShell/xComputerManagement
618,Polidea/RxBluetoothKit
12,Prashant961992/localization_Swift
336,PGSSoft/ParallaxView
74,PhilippeBoisney/ModernSearchBar
109,Pizzaface/Alexa-Chromecast-Skill-2.0
165,Phrogz/riblits
287,PragTob/benchee
74,PhilippeBoisney/ModernSearchBar
74,PhilippeBoisney/ModernSearchBar
74,PhilippeBoisney/ModernSearchBar
74,PhilippeBoisney/ModernSearchBar
58,PierreLorenzi/HyperCardPreview
74,PhilippeBoisney/ModernSearchBar
74,PhilippeBoisney/ModernSearchBar
70,PGSSoft/InAppPurchaseButton
74,PhilippeBoisney/ModernSearchBar
74,PhilippeBoisney/ModernSearchBar
78,PhilippeBoisney/LinearProgressBar
26,ProteusVR/SteamVR_Template
36,PPacie/SwipingCarousel
392,PiXeL16/IBLocalizable
598,PureSwift/SwiftFoundation
287,PrivacyApps/donations
618,Polidea/RxBluetoothKit
15,PiXeL16/VideoBackgroundViewController
392,PopcornTimeTV/PopcornTimeTV
74,PhilippeBoisney/ModernSearchBar
531,Pash-Project/Pash
13,Potherca/GraphvizWebEditor
392,PopcornTimeTV/PopcornTimeTV
74,PhilippeBoisney/ModernSearchBar
27,PiXeL16/SwiftTMDB
381,ProudOfZiggy/SIFloatingCollection_Swift
336,PGSSoft/ParallaxView
34,PayloadDev/react-at-rest
13,PureNexusProject/purenexusproject
58,PGSSoft/AutoMate
25,Pella86/DenoiseAverage
22,PerfectExamples/Perfect-Weather
65,PabloCastellano/libreborme
30,Praqma/JenkinsAsCodeReference
119,Przytua/UIView-MWParallax
277,Pylons/deform
28,PygmySlowLoris/vue-full-loading
58,PhilippeBoisney/Swift-Slide-Menu
689,ParkSangGwon/TedBottomPicker
287,PrivacyApps/donations
196,PanicInitiative/PanicButton
96,Plumillon/ChipView
58,PhilippeBoisney/Swift-Slide-Menu
381,ProudOfZiggy/SIFloatingCollection_Swift
32,Particular/NServiceBus.RabbitMQ
119,Przytua/UIView-MWParallax
27,PolymerElements/paper-progress
381,ProudOfZiggy/SIFloatingCollection_Swift
105,Pewpews/happypanda
1949,PomepuyN/BlurEffectForAndroidDesign
58,PGSSoft/AutoMate
359,Peergos/Peergos
33,PeqNP/FTPKit
33,PeqNP/FTPKit
34,PerfectExamples/Perfect-JSON-API
26,Parrot-Developers/Docs
689,ParkSangGwon/TedBottomPicker
287,PrivacyApps/donations
381,ProudOfZiggy/SIFloatingCollection_Swift
187,Pushjet/Pushjet-Server-Api
34,Patreon/Realm-JSONAPI
108,ProTip/aws-elk-billing
58,ParryQiu/IMOOC-React
37,PokeMapCommunity/PokeMap-iOS
133,PolymerLabs/polylint
109,PolymerLabs/polydev
14,PolymerElements/iron-fit-behavior
32,PolymerElements/paper-toast
43,PolymerElements/app-localize-behavior
30,PolymerElements/paper-slider
27,PolymerElements/paper-progress
17,PayalUmraliya/HorizontalTimesLayout
23,PriyamDutta/PDFloraButton
19,PaulSolt/LimitPinchGestureZoom
93,PayU/openpayu_php
23,PulsarBlow/aurelia-firebase
80,PowerShell/PSSwagger
131,PowerShell/Operation-Validation-Framework
231,PitPik/tinyColorPicker
22,Propaganistas/Email-Obfuscator
134,PHPSC/pagseguro
28,Potelo/GuPayment
103,Payum/PayumLaravelPackage
158,Phil-F/Setting
34,PHPSC/phpsc-conf
83,PaulStovell/ServiceBouncer
87,PygmySlowLoris/vue-ripple-directive
39,PetterKraabol/Twitch-Chat-Downloader
60,PaulLeCam/react-native-electron
43,PatrickLouys/http
103,Payum/PayumLaravelPackage
271,Pallinder/go-randomdata
24,PHPMap/phpmap
21,ProLoser/angular-sails-seed
56,PaystackHQ/website
47,PaulMiami/reCAPTCHA
43,PowerAssert/PowerAssert.Net
13,PavelLaptev/Lazy-Exportable---sketch-plugin
33,Powie/plesk_mailcert
56,ParvulaCMS/parvula
1153,Pkmmte/CircularImageView
116,PetteriAimonen/ED060SC4_driver
151,Protocoder/Protocoder
56,Prolucid/Elmish.WPF
13,Perdjesk/monitoring-containerized
164,PeterKottas/DotNetCore.WindowsService
26,Pilfer/iDictPy
22,PolymerElements/iron-collapse
79,PaulBGD/react-native-image-slider
36,PolymerElements/app-media
15,Phally/SubQuery
12,Propaganistas/Laravel-Helper-Macros
90,PaulWaltersDev/FreeLearningResourcesForSoftwareTesters
101,PressForward/pressforward
38,PromyLOPh/pandora-apidoc
1425,PromyLOPh/pianobar
34,PDF417/pdf417-phonegap
27,Popotojs/popotojs
128,Protobuild/Protobuild
15,Pumpet/comparator
107,PX4/NuttX
138,PCGen/pcgen
160,PwdLess/PwdLess
19,PsychoLlama/connect-four
13,PygmySlowLoris/vue-stepper
160,PwdLess/PwdLess
142,PhilippKrone/react-native-fileupload
13,PaulWay/lnav-formats
37,PacktPublishing/TypeScript-Design-Patterns
37,Pinchie/RaspiPass
53,PX4/Devguide
72,PeterMosmans/openssl
135,PixelsCommander/Download-File-JS
119,PokemonGoF/PokemonGo-Bot-Backup
2825,Pasvaz/bindonce
119,PokemonGoF/PokemonGo-Bot-Backup
135,PixelsCommander/Download-File-JS
14,PrinceFroggy/sBot
81,PinkyJie/generator-aio-angular
795,Polymer/designer
28,Polymer/polymer-decorators
2926,PixelsCommander/HTML-GL
28,Pyknic/MapStream
2825,Pasvaz/bindonce
365,ProgVal/Limnoria
12,PaulKinlan/pushit
127,PolymerElements/app-route
32,PolymerElements/iron-pages
218,PeterLemon/RaspberryPi
26,PacktPublishing/Go-Design-Patterns
587,PaNaVTEC/Clean-Contacts
15,PBSA/peerplays
2926,PixelsCommander/HTML-GL
87,PJK/libcbor
15,PhoenixDevTeam/Phoenix-for-VK
45,Petrulak/kotlin-mvp-clean-architecture
15,PrintNode/PrintNode-JS
83,Parth/dotfiles
139,Pirate-Crew/IPTV
17,PiotrDabrowskey/facemoji
241,Paqmind/react-ultimate
436,Polidea/react-native-ble-plx
43,PHP-Intro/umsi664-w13
19,PeterScott/pwstore
154,Pithikos/python-websocket-server
55,Prof-Lu-Cewu/Visual-Relationship-Detection
77,PX4/Bootloader
63,PX4/sapog
257,Pulover/PuloversMacroCreator
66,PureMVC/puremvc-cpp-multicore-framework
17,PrinceBalabis/Automator
25,Protocentral/protocentral-healthypi-v3
547,PGSSoft/scrollscreenshot
23,Paroca72/sc-gauges
874,Pixplicity/MultiViewPager
469,PaNaVTEC/DrawableView
25,Papierkorb/bindgen
18,PeterSommerlad/SC22WG21_Papers
43,PagerDuty/go-pagerduty
15,PixelVision8/SDK
64,Photogrammetry-Robotics-Bonn/depth_clustering
114,Paxa/light_record
123,PeelTechnologies/react-native-tcp
467,POV-Ray/povray
43,PingPlusPlus/pingpp-go
60,Polidea/android-zoom-view
187,PAIR-code/saliency
373,PyCQA/pydocstyle
113,PitchInteractiveInc/Phinch
11,PureSwift/Kronos
87,PushyPixels/BreakfastWithUnity
19,ParkinT/mastering_git
21,ProQuestionAsker/ProQuestionAsker.github.io
24,Piwigo/Piwigo-Android
72,PrestoDoctor/react-native-browser
95,Peer5/P2PXHR
318,Payum/PayumBundle
83,Protoneer/WifiPixels
15,Pylons/pyramid-cookiecutter-starter
72,PrestoDoctor/react-native-browser
141,ProgrammingBlockchain/ProgrammingBlockchain
308,PeterTh/gedosato
21,Panda-Programming-Language/Lily
38,PogiNate/SublimeWiki
134,Plateful/plateful-mobile
79,PierreRochard/coinbase-exchange-order-book
320,PeerioTechnologies/peerio-client
39,PythonProgramming/PythonProgramming.net-Website
147,PokeBotPub/PokeBot-Android
57,Pathgather/popeye
39,PredixDev/predix-webapp-starter
91,Pranavgulati/RF24BLE
12,Pygmalion69/Gauge
16,PolyCortex/pyMuse
22,PhantomThief/thrift-pool-client
11,PrekshaK/Google-Foobar
131,Pakillo/R-GIS-tutorial
24,ProofByConstruction/better-explanations
334,Pixabay/jQuery-tagEditor
48,Pyplate/rpi_temp_logger
216,PyroTek3/PowerShell-AD-Recon
27,Plailect/sysDowngrader
548,PistonDevelopers/image
16,PocketBungee/PocketBungee
908,PawelDecowski/jquery-creditcardvalidator
91,Pranavgulati/RF24BLE
12,Pygmalion69/Gauge
21,PacktPublishing/Unity-5.x-Animation-Cookbook
95,PocketMobsters/MobBotTemp
91,Pranavgulati/RF24BLE
51,Piker-Alpha/HandyScripts
16,PaperCutSoftware/PaperCutExamples
216,PyroTek3/PowerShell-AD-Recon
47,PlatziDev/pulse-editor
36,PeterPain/Processing-Sketchbooks
291,PowerShell/PowerShell-Docs
24,PowerShell/DscResource.Tests
41,PerfectlySoft/Perfect-MongoDB
24,PolymerElements/iron-selector
334,Pixabay/jQuery-tagEditor
239,Proj-Ascension/Client
120,Pythonity/icon-font-to-png
13,PowerCartel/PackProbe
96,PolymerElements/paper-styles
177,PyUserInput/PyUserInput
11,PacktPublishing/Cloud-Native-Python
54,PUGX/PUGXAutoCompleterBundle
95,PaulStoffregen/OctoWS2811
38,PopupMaker/Popup-Maker
88,PerfectlySoft/Perfect-TensorFlow
22,PKPK-Carnage/OTGanttChartKit
29,PrestaShop/docs
15,Paul-Tew/lifer
106,PeptoneInc/dspp-keras
16,PlayFab/PlayFab-Samples
36,PeterPain/Processing-Sketchbooks
17,PlaceDevs/placemc
80,PetteriAimonen/libfixmath
144,PetteriAimonen/libfixmatrix
213,PSPDFKit-labs/PSTModernizer
128,PhilippBaschke/acf-pro-installer
121,Pardot/Rhombus
356,PalmStoneGames/kube-cert-manager
47,PlatziDev/pulse-editor
16,PolyCortex/pyMuse
28,PartnerCenterSamples/Reseller-Web-Application
27,Particular/GitHubReleaseNotes
17,ParryQiu/Ionic2-Demo
11,PerchCMS/simple-docker
16,ProgressiveCoders/functions
84,PlatziDev/socket.io-redux
292,PowerShellOrg/DSC
127,PrateekKumarSingh/CheatSheets
112,Pext/Pext
140,PerfectlyNormal/tinymce-rails-imageupload
170,PaulStoffregen/cores
183,PaulStoffregen/OneWire
138,PaulStoffregen/CapacitiveSensor
183,PaulStoffregen/OneWire
16,Pilfer/pinterest
31,PhracturedBlue/ESP8266MQTTMesh
32,ParkingOS/ParkingOS_cloud
14,PedroCarrillo/MVPTemplate
121,PerfectShen/WSDropMenuView
125,PyYoshi/cChardet
20,PoGo-Devs/PoGo-3D-Assets
81,Pines-Cheng/awesome-gulp-cn
88,PaulStoffregen/AltSoftSerial
67,PaulStoffregen/Encoder
67,PaulStoffregen/Encoder
32,PokeAPI/sprites
163,PlayOnLinux/POL-POM-4
27,PanXianyue/XYCryption
18,Protocentral/protocentral_max30003
15,PerfectExamples/Perfect-Blog-Mustache
44,PandaQAQ/MvpDemo
20,Psybrus/Psybrus
24,ProGTX/sycl-gtx
22,Palatis/arduino-softpwm
14,Pr-Chen/AwsomeLayout-Swift
13,PSPDFKit-labs/libdispatch
24,ParkingOS/ParkingOS_local
39,Phylliida/UnityWindowsCapture
394,PerlDancer/Dancer2
20,Paolo-Maffei/OpenNT
15,Potatso/Management
25,PhillipMwaniki/pongpector
19,PimenovAlexander/r4s-bluetooth
13,PuceBaboon/Share_the_Warmth
12,PaulaoDev/chatbot-php-facebook
12,Phelthas/Demo_AlarmClock
173,Pixabay/jQuery-flexImages
43,PingerOne/SwipeRefreshDemo
29,P-ppc/cnodejs
30,PressLabs/zinc
125,PandaraWen/WaterDropViewDemo
16,PrettyPrinted/building_user_login_system
255,PeterTh/dsfix
288,Pulse-Eight/libcec
13,Parrot-Developers/node-flower-power
271,PeteGoo/tcSlackBuildNotifier
13,PiMonitor/PiMonitor
35,PandoCloud/pando-embedded-framework
14,PureDataJapan/Pd-help-jp
15,Poincare/SixthSense-Java
11,Pal3love/Source-Han-TrueType
37,Primechain/yobichain
53,PythonProgramming/Pattern-Recognition-for-Forex-Trading
23,Patreon/patreon-wordpress
41,Patreon/patreon-php
13,PragTob/pomodoro_tracker
66,PIWEEK/rethinkscape
76,PHPExif/php-exif
100,PanMan/WP-JSON-API-ACF
29,PacktPublishing/ASPdotNET-Core-and-Angular-2
20,P1start/drawille-rs
113,Polyconseil/aioamqp
54,Plailect/PlaiSysUpdater
66,Prospress/woocommerce-subscribe-all-the-things
17,PullJosh/best-free-things
14,Phidelux/python
22,PayU/alu-client-php
804,Pixplicity/sharp
44,PaddleCreekGames/Proto3RPC_UE4
79,Popalay/Tutors
19,ProjectSilkworm/Silkworm
66,PGSSoft/ramlo
16,Po-Hsun-Su/dprl
13,PlasticSCM/sortresx
62,PHP-DI/Invoker
26,Pure-D/atomize-d
14,PadreSJ/c101_Module3_Perl
33,PsychoLlama/expect-enzyme
39,PHPixie/Image
12,PrismarineJS/node-minecraft-protocol-forge
236,PrivacyStreams/PrivacyStreams
36,PHELAT/Fun
11,Poizi/PoiziToast
47,PrivacyApps/offline-calendar
26,PrivacyApps/calendar-import-export
448,PDDStudio/EncryptedPreferences
23,ParkSangGwon/DLog
23,Pitasi/TagAlertBot
24,PHELAT/TextViewPlus
59,PoePoeMyintSwe/ScrollablePanel
66,Percona-Lab/pacemaker-replication-agents
40,P3tr0viCh/ExpansionPanel
76,PlanetaryResources/NTL-Asteroid-Data-Hunter
60,Pierry/Backeasy
34,PX4/sitl_gazebo
132,PareshMayani/DesignSupportLibraryExamples
159,PredatH0r/ChanSort
33,Prasanna-sr/express-routes-versioning
21,PumpingCode/Xamarin-NavigationDrawerDemo
368,PEXPlugins/PermissionsEx
46,PredatH0r/SteamServerBrowser
39,PeculiarVentures/js-zxing-pdf417
53,PrestaEdit/Canvas-Module-Prestashop-15
58,PaulStoffregen/TimeAlarms
24,ProxiBlue/OrderSyncQueRunner
36,PacktPublishing/Odoo-10-Development-Essentials
25,Pterodactyl/Daemon
48,Pricetx/backup
34,PotcFdk/SteamDiscoveryQueueAutoSkipper
44,PabloMansanet/subotai
93,Pagawa/PgwSlideshow
12,PolyMathOrg/DataFrame
25,PeculiarVentures/xadesjs
454,PaulSec/awesome-windows-domain-hardening
23,PhilippHeuer/wordpress-heroku
169,PenseAllen/PensePython2e
39,PhantomAppDevelopment/firebase-as3
50,PeteGoo/Pushqa
12,PlayFab/UnrealBlueprintSDK
13,ProgrammationAndroid/Laravel-Passport-Android
21,PFight/angular-gulp-starter
18,Paymentsense/Dapper.SimpleSave
163,Pentiado/angular-lazy-img
18,Paymentsense/Dapper.SimpleSave
44,Prototype-X/Zabbix-Network-Weathermap
22,PHPFastCGI/php5-fastcgi
13,PaulRB/Wemos-Weather-Station
89,PimDeWitte/UnityMainThreadDispatcher
415,PushmanPHP/pushman
15,Piasy/FridaAndroidTracer
12,Pirater12/ocs
101,PaloAltoNetworks/minemeld
14,PrivateServerEmulator/ME3PSE
380,ParabolInc/action
46,PebbleRoad/glossarizer
75,PolymerLabs/zuperkulblog-progressive
170,Prajithp/letsencrypt-cpanel
67,PeachFlame/cPanel-fixperms
137,PareshMayani/Intro-To-RxJava
11,ParadiseHell/mipush-cordova-plugin
41,PsychoLlama/gun-level
163,Pentiado/angular-lazy-img
15,PortableApps/Toucan
15,PortableApps/Toucan
34,Person8880/Shine
30,PeteAndersen/swarfarm
17,PISG/pisg
86,PAIO-CO-KR/carousel-3d
215,Polymer/polycasts
13,PascalAOMS/wp-acf-schema-template
22,PombeirP/ReSharper.AutoFormatOnSave
67,PeachFlame/cPanel-fixperms
77,PlagueHO/LabBuilder
171,PJanisio/Xiaomi_Yi_autoexec
162,Paradoxis/PHP-Rootkit
50,Prospress/woocommerce-subscriptions-importer-exporter
142,PhilZ-cwm6/philz_touch_cwm6
170,Prajithp/letsencrypt-cpanel
19,Project-Aurora/Project-Aurora
112,PirateBox-Dev/PirateBoxScripts_Webserver
25,PWesterdale/KirbyGram
65,PrincetonUniversity/VST
137,PareshMayani/Intro-To-RxJava
19,Pleiades/Twitter-Bootstrap-for-WordPress-Genesis
28,Ph3nol/UrlShortenerBundle
117,Primetalk/SynapseGrid
171,PJanisio/Xiaomi_Yi_autoexec
28,Protocentral/HealthyPi
50,Prospress/woocommerce-subscriptions-importer-exporter
179,Philipp15b/php-i18n
28,Poil/CGraphz
93,Poordeveloper/ion-sticky
35,PascalAOMS/gulp4-webpack
13,PascalAOMS/wp-acf-schema-template
26,Permafacture/pygmaps-ng
12,Pyomo/PyomoGettingStarted
14,PhyberApex/homeassistant-config
83,Peter92/MouseTracks
46,Parkayun/base65536
57,PaperAirplane-Dev-Team/SwipeBack
185,PyCon/2015-slides
57,PhirePhly/aprx
48,Phobetor/rabbitmq-supervisor-bundle
16,PommeVerte/gremlin-bin
470,PrecursorApp/precursor
11,ParisEnSelle/planvelo-carte
143,PX4/Flow
61,PulsedLight3D/LIDARLite_Basics
53,PeARSearch/PeARS
58,PredixDev/predix-volcano-app
165,Philip-Scott/Notes-up
21,Praqma/LearnKubernetes
910,PumpkinDB/PumpkinDB
11,Pithikos/Geoexplorer
36,Programmica/gtk3-tutorial
36,Programmica/gtk3-tutorial
36,Programmica/gtk3-tutorial
39,ProductiveRage/Bridge.React
71,PureSwift/BluetoothLinux
25,Pitmairen/selection-search
13,PowerShell/xDatabase
14,PeterPawn/modfs
31,PeterPawn/YourFritz
111,PascalCoin/PascalCoin
42,Phantom12/Unsplash-Wallpaper-Windows
58,PanosK92/Directus3D
201,Pedroafa/avatar-android
843,Piasy/AndroidTDDBootStrap
122,PacktPublishing/Getting-Started-with-TensorFlow
52,PaulAvery/sails-generate-gulp-bower
53,PGSSoft/PuzzleMaker
53,PeARSearch/PeARS
202,Pylons/webtest
75,PKULCWM/PKUSUMSUM
143,Phat3/PINdemonium
106,PixarAnimationStudios/OpenTimelineIO
179,Philipp15b/php-i18n
33,Plinq/pgcrypto
48,Phobetor/rabbitmq-supervisor-bundle
25,PowerShell/DscConfigurations
42,PoolPort/PoolPort
426,PagerDuty/incident-response-docs
12,Project-dictionary/Diccionario-JavaScript
50,Prospress/woocommerce-subscriptions-importer-exporter
50,PhobosRising/node-arpad
64,PoshCode/PSGit
25,PowerShell/DscConfigurations
93,PowerShellOrg/tug
36,Propaganistas/Laravel-Translatable-Bootforms
89,PistonDevelopers/imageproc
18,PUGX/PUGXGeoFormBundle
20,PoshCode/Pansies
18,Peppe/PagedTable
86,PAIO-CO-KR/carousel-3d
22,PowerDNS/pdns-ansible
144,ParryQiu/wxopenclub-wxapp-lessons
11,Poorchop/darktooth-theme-ports
37,PacktPublishing/Learning-Data-Mining-with-Python
29,PolymerElements/paper-fab
58,PanosK92/Directus3D
55,PurLinux/Base
18,PG85/OpenTerrainGenerator
201,Pedroafa/avatar-android
19,Pleiades/Twitter-Bootstrap-for-WordPress-Genesis
26,Pczek/papr
58,PanosK92/Directus3D
76,ParmEd/ParmEd
65,Pencroff/Dapper-DAL
100,Pushwoosh/pushwoosh-phonegap-plugin
1016,Polymer/docs
1217,Polymer/polymer-bundler
120,ProLoser/Github-Omnibox
43,PluginCafe/cinema4d_py_sdk
25,PolymerElements/paper-header-panel
17,PressLabs/toplytics
238,ProgerXP/FileDrop
34,PowerShell/PackageManagementProviderResource
20,PowerShell/PSCloudShell
66,PowerShell/openssh-portable
195,PokeAlert/PokeAlert
53,Pixabay/JavaScript-flexImages
15,Piwigo/simple-theme-piwigo
23,Philio/bootstrapdefault
29,Parrot-Developers/node-flower-bridge
13,PSBlue/Blue
23,PFCKrutonium/SkypeAdvertRemover
13,PFCKrutonium/ESD-Download-Link-Generator
16,Pkcs11Admin/Be.HexEditor
11,Piwigo/Piwigo-Mobile
12,Piwigo/Piwigo-Java
44,PoshCode/Configuration
135,PoshSec/PoshSec
26,PyAndy/Py3NES
64,Piker-Alpha/AppleIntelInfo
109,Promo/scrollissimo
260,ProjectCleverWeb/Semantic-UI-WordPress
94,Pkmmte/PkRSS
11,Piwigo/Piwigo-Mobile
12,Piwigo/Piwigo-Java
11,Piwigo/Piwigo-Mobile
12,Piwigo/Piwigo-Java
47,Phlooo/ruTorrent-MaterialDesign
12,PowerShellOrg/pesterbookcode
14,PrateekKumarSingh/ProjectOxford
50,PRECISE/HACMSDemo
48,Protuhj/myvideobuzz
50,PacktPublishing/Vulkan-Cookbook
11,PeterOgden/PYNQ_image
16,PowerShellOrg/cWebAdministration
191,Piker-Alpha/macosxbootloader
11,PoisonEngine/poison-ui
527,Pomax/bezierinfo
45,PSKeePass/PoShKeePass
53,PaloAltoNetworks/minemeld-core
180,PyAna/PyAna
122,ProgressiveCoders/projects
80,Pscx/Pscx
95,PrismTech/opensplice
20,PacktPublishing/Learning-Vulkan
24,Pakillo/template
116,PixelsCamp/talks
15,PPPLDeepLearning/plasma-python
33,PapenfussLab/gridss
46,PyDataMadrid2016/Conference-Info
11,PlatformStories/notebooks
25,Phenome/generator-lean-mean
33,PythonJournos/refactoring101
11,PacktPublishing/ReactJS-Blueprints
36,PermaNulled/cartographer
141,Progether/JAdventure
17,PolySync/polysync-core-cpp-examples
57,PhannGor/Screen-Shooter
23,Palethorn/SuperResolution
559,Pomax/Font.js
11,PiSupply/PiJuice
36,Phylliida/UnityP2P
92,Patternslib/Patterns
38,ProjectArtemis/aprilslam
60,Prinsphield/GeneGAN
101,PDF417/pdf417-ios
20,PacktPublishing/Modern-Cpp-Programming-Cookbook
347,PrimeSense/Sensor
15,PerfXLab/caffe-mobile
24,PeterBorah/ethereum-powerball
76,PaoPaoRobotGroup/ygz-slam
63,PX4/ecl
76,PaoPaoRobotGroup/ygz-slam
11,PierceZ/greenDAOMigrationExample
25,ProfHoekstra/bluesky
901,PaperAirplane-Dev-Team/BlackLight
15,Praqma/terraform-aws-docker
439,Pithikos/C-Thread-Pool
101,PDF417/pdf417-ios
20,PacktPublishing/Modern-Cpp-Programming-Cookbook
99,PaulBatchelor/voc
513,Phrogz/context-blender
19,PiSupply/Flick
14,Phylliida/orbslam-windows
46,Phyronnaz/MarchingCubes
53,ProgrammingBlockchain/ProgrammingBlockchainCodeExamples
17,PaddlePaddle/XWorld
41,PadamSethia/shorty
103,PrismLibrary/Prism-Samples-Forms
13,PyCN/Ed-cn
11,PsychoLlama/mytosis
184,Project-M-CC/Project-M-CC
11,PowerShellOrg/PowerShellAccessControl
155,Psyop/Cryptomatte
155,Psyop/Cryptomatte
12,PluginCafe/cinema4d_cpp_sdk
52,Pitt-CSC/PittAPI
25,PlayFab/UnicornBattle
14,PacktPublishing/Python-Web-Scraping-Second-Edition
12,PUGX/formable
12,PUGX/Bindto
26,Phylliida/UnityVOIP
12,PrettyPrinted/flask-socketio-chat
24,PacktPublishing/OpenCV3-Computer-Vision-Application-Programming-Cookbook-Third-Edition
12,PoBlue/meiTuan-B612
75,PengfeiWang666/WidgetTest
30,PsChina/angularJS
579,Palleas/NaughtyKeyboard
14,Perfect-Server-Swift-LearnGuide/PerfectLearnGuide
49,Pluto-Y/Swift-LightBlue
25,PZXforXcode/PZXVerificationCodeTextField
49,Pluto-Y/Swift-LightBlue
22,PanDedong/DDService
15,PengfeiWang666/UIDynamic-
208,ProjectSkyfire/SkyFire.548
16,Pluto-Y/SwiftyEcharts
80,PandaraWen/PDChart
169,PunchThrough/Bean-iOS-OSX-SDK
169,PunchThrough/Bean-iOS-OSX-SDK
80,PandaraWen/PDChart
285,PlutusCat/KrVideoPlayerPlus
67,ProvataHealth/react-native-smooth-swipe-list
26,PunchThrough/CodeViewEditor-iOS
12,PengfeiWang666/WPFMenuController
16,Phelthas/LXMRulerView
17,PerfectFreeze/PFColorHash
13,PandoCloud/pando-ios-sdk
598,Perspx/PXSourceList
13,Pikdays/GraffitiBoard
107,PonyCui/OCDebugger
329,Planimeter/grid-sdk
47,PengfeiWang666/WPFMusicPlayer
27,PetahChristian/LionAndLamb
13,Pikdays/GraffitiBoard
47,PengfeiWang666/WPFMusicPlayer
20,PapirusDevelopmentTeam/papirus-smplayer-theme
90,Pluto-Y/SlideMenuControllerOC
90,Pluto-Y/SlideMenuControllerOC
20,PacktPublishing/Mastering-Akka
12,Piasy/VideoCRE
64,PonyGroup/PonyRouter
33,PingerOne/ViewPagerDemo
197,Pylons/pylons
61,PythonNut/evil-easymotion
12,PentesterLab/sectalks
93,PeterKaminski09/baskup
89,PaddeK/node-maxmind-db
276,PierrePerrin/PPMusicImageShadow
877,Pixate/pixate-freestyle-ios
14,PPWrite/SDK
17,PierreBlazquez/appbleed-ios
32,PaulTaykalo/xcode-time-tracker
37,PleaseCallMeCoder/Topia
91,Polyfiller/polyfiller
56,PixarAnimationStudios/ruby-jss
56,PixarAnimationStudios/ruby-jss
46,PixelCyber/Thor
20,PittWong/XXLazyKit
63,PingPlusPlus/pingpp-python
23,PittWong/XXChartView
352,PeteC/DSLCalendarView
43,ParkSangGwon/TedAdHelper
251,PhilJay/CircleDisplay
36,PedestrianSean/ObjC-Lua
40,PREF/PREF
18,PaulSolt/Touchpose
25,Pyroh/SwiftMark
16,PacktPublishing/Swift-Data-Structure-and-Algorithms
22,PoBlue/25min
15,PY-Trade/PY-Login
206,ParkSangGwon/TedPicker
29,ParkSangGwon/UpdateCheck
32,ParkSangGwon/TedDataBindingSample
52,PhrozenByte/rmtrash
60,PaulSec/SPIPScan
116,PetaByet/cdp
17,Perlmint/grpc-unity
30,Protryon/Basin
78,PebbleRoad/combo-select
178,Plastix/Kotlin-Android-Boilerplate
75,Plastix/Forage
321,PingPlusPlus/pingpp-android
41,PerthCharles/Coding
68,PrashamTrivedi/AndroidExternalFileWriter
13,PopFisher/AndroidRotateAnim
79,PSPDFKit-labs/QuickDemo
188,PopFisher/SmartPopupWindow
188,PopFisher/SmartPopupWindow
35,PureDarwin/puredarwin.github.io
141,Piasy/RxScreenshotDetector
23,PeachBlossom/jiujiuwave
32,PlayFab/PlayFabGameServer
11,PhotoArtLife/wechatScroll
56,PureSwift/SeeURL
13,PlasmaRobotics2403/PlasmaBot
203,Parisson/TimeSide
37,PeterCxy/Typeblog
463,PolarNotion/turntable
20,P4ELTE/t4p4s
15,PierBover/ios-iframe-fix
87,PyCN/PTR
52,PrometheanInfoSec/TALOS
24,Poniverse/Pony.fm
23,PrintsCharming/ObjectHydrator
44,Pragmatists/tdd-trainings
77,Pulsar4xDevs/Pulsar4x
17,PredixDev/predixpy
20,PhilippMuenzel/PPL
18,PhDP/mlbop
28,PX4/OpticalFlow
13,PeterCxy/LockNetworkType
11,Pirater12/Mk7se
16,PacktPublishing/Mastering-JavaScript-Design-Patterns-Second-Edition
162,Pomax/node-flickrapi
14,Parrot-Developers/arsdk_manifests
33,PyConPL/Book
42,Perhap/perhap
27,Polymer/polymer-linter
39,PragTob/deep_merge
21,PacktPublishing/Qt5-C-GUI-Programming-Cookbook
45,PacktPublishing/Mastering-Qt-5
35,Pleasurazy/angularjs-stellar
334,PSPDFKit-labs/bypass
334,PSPDFKit-labs/bypass
13,PioneerCode/pioneer-console-boilerplate
13,Palindrom/JSONPatcherProxy
18,Patreon/cartographer
28,PHP-Intro/umsi364-w13
28,Panda-Programming-Language/Pandomium
31,Planimeter/lgameframework
22,Pitt-CSC/PantherView
102,PlasmaPy/PlasmaPy
42,Paradoxis/Gordon
14,Pickle-and-Lime/Otto
33,PLJNS/Rutgers-University-Notes
334,PSPDFKit-labs/bypass
31,Poilon/codewars-hack
14,Poilon/minimalist-chat-actioncable
334,PSPDFKit-labs/bypass
47,PeculiarVentures/graphene
42,Perhap/perhap
42,Perhap/perhap
334,PSPDFKit-labs/bypass
334,PSPDFKit-labs/bypass
42,Perhap/perhap
32,PilzAdam/mobs
219,Philip-Scott/Spice-up
15,ParallelSSH/ssh2-python
129,PeterRincker/vim-argumentative
19,PaulStoffregen/MahonyAHRS
95,PrestaShop/StarterTheme
334,PSPDFKit-labs/bypass
42,PatDan/dotfiles
45,Positive07/material-love
19,PeterLemon/GBA
14,ProductCrawler/product_crawler
51,PareshMayani/Gallery-MultiPhotoSelect
334,PSPDFKit-labs/bypass
83,Pixplicity/humpty-dumpty-android
124,PokeAPI/pokedex-promise-v2
35,Phlow/simplicity
38,Phhere/Playbulb
51,PlatziDev/redux-duck
11,PachydermAcoustic/PachydermAcoustic_Rhinoceros
13,Pauan/tab-organizer
23,PedroD/monero-stratum-docker
18,Phyyl/ObooltNet
64,PrazAs/react-native-charts
23,PacktPublishing/PHP7-Data-Structures-and-Algorithms
2406,PaulUithol/Backbone-relational
238,PistonDevelopers/Piston-Tutorials
33,PavlosMelissinos/enet-keras
58,PlitherProject/Plither
131,PythonWorkshop/intro-to-tensorflow
61,PythonWorkshop/intro-to-sklearn
19,Parsely/time-engaged
13,PacktPublishing/OpenGL-Build-High-Performance-Graphics
29,PacktPublishing/Mastering-React-Native
322,Pestov/best-of-awesomeness-and-usefulness-for-webdev
31,PromInc/organic-search-analytics
21,PabloSichert/universal-rendering
22,PistonDevelopers/turbine
14,PeterWAWood/Red-System-Libs
13,PavelLaptev/GlitchContainer-for-FramerJS
14,Pixel-Map/pixelmap.io
13,Pauan/tab-organizer
28,Phlaphead/dropbox-sync-js
125,PBS-KIDS/Platypus
54,PigRiver/NumberJumpDemo
69,Palakis/obs-ndi
32,Power-kxLee/wxim-vue
54,Projekod/GulpScaffold
55,PearTreeLabs/Transmission-iOS
177,Pomax/nrGrammar
190,PerfectlyNormal/highcharts-rails
16,PovertyAction/github-training
18,PepperCarrotGame/peppercarrotgame_source
90,PixelLightFoundation/pixellight
246,PistonDevelopers/glfw-rs
34,PeterCookDev/TechLeading
22,Pxtl/XmlCommentMarkDownGenerator
21,PositiveTechnologies/PT.PM
34,PeterCookDev/TechLeading
43,PomeloFoundation/Lolita
11,PistonDevelopers/resize
20,Pines-Cheng/blog
11,Panmax/ReactNativeWechat
20,Pines-Cheng/blog
37,PixelsCommander/requestIdleCallback-polyfill
22,PistonDevelopers/skeletal_animation
91,Phrogz/SLAXML
51,Plazmaz/Duckuino
14,PandaTheme/panda-terminal
21,Parrot-Developers/FlowerPower-Tools
20,PhaedrusTheGreek/transform_vis
20,PhaedrusTheGreek/transform_vis
13,PerimeterX/bot-tools
40,PENGZhaoqing/CourseSelect
22,PhABC/antiScamBot_slack
12,PRASS95/SwipeVertical
69,Pagawa/PgwModal
21,Pure-UI/pure
59,PatchworkBoy/homebridge-edomoticz
97,PyCQA/flake8-import-order
11,Precursors/ultron-stage
69,Pagawa/PgwModal
12,Penggggg/react-ssr
24,PHPJunior/laravel-2c2p
58,Pagawa/PgwBrowser
17,Pagawa/PgwCookie
164,Polymer/polyserve
15,PeterCxy/typeblog.net
156,Pagawa/PgwSlider
104,PureDiors/pytorch_RFCN
49,PaesslerAG/PythonMiniProbe
89,PHP-FFMpeg/PHP-FFMpeg-Extras
12,Philip-Scott/iViewer
17,PacktPublishing/Haskell-High-Performance-Programming
16,PacktPublishing/Go-Building-Web-Applications
16,Pronin1986/fmtc
101,Pierrinho/Allofthelights.js
70,PowerShell/xPSDesiredStateConfiguration
251,Pixate/pixate-freestyle-android
12,PythonBootcampUniandes/notas-de-clase
267,ProducterTips/producter-book-examples
283,Prinzhorn/skrollr-menu
147,PrestaShop/PrestaShop-modules
98,PolymerLabs/todo-list
506,Polymer/web-component-tester
258,PolymerElements/app-layout-templates
14,PureMVC/puremvc-js-demo-todomvc
13,PeterStaev/nativescript-masked-text-field
39,Phoenix1747/fake-sandbox
13,PHPixie/Demo-Quickstart
25,PHPixie/Framework
207,PacificBiosciences/Bioinformatics-Training
68,PacificBiosciences/blasr
15,Platypi/platypusts
395,Phildo/pixQL
100,Pylons/shootout
58,Pylons/pyramid_blogr
98,PolymerLabs/todo-list
282,PopcornRepos/PopcornTimeOnline
60,PHPMap/PHPMap-OLD
14,Philip-Trettner/GlmSharp
407,Polytonic/Chlorine
46,Painted-Fox/docker-mariadb
12,PeterBeard/delaunay
11,PlumAnalytics/plum-api
33,Possum/LumaLocaleSwitcher
776,Paratron/SimpLESS
121,Perl-Evozon/PearlBee
98,Perl-Critic/Perl-Critic
32,PeterBorah/smart-contract-security-examples
22,PacktPublishing/Mastering-Natural-Language-Processing-with-Python
66,PythonProgramming/NLTK-3----Natural-Language-Processing-with-Python-series
13,PrincetonUniversity/princeton-mvpa-toolbox
29,Parquet/parquet-compatibility
11,Pentiumluyu/ChinaDNS
31,Proton626/360DownLoadView
78,Piasy/AndroidPlayground
22,PRUNERS/archer
17,PkuRainBow/Hard-Aware-Deeply-Cascaed-Embedding
42,PkuRainBow/Hard-Aware-Deeply-Cascaded-Embedding_release
15,PingerOne/ScreenRotation
15,PingerOne/ScreenRotation
15,PingerOne/ScreenRotation
12,PangHaHa12138/TimePackdemo
18,PolymerElements/iron-meta
11,PolymerEl/multi-chart
275,PharkMillups/killer-talks
108,PencilCode/pencilcode
138,Psychtoolbox-3/Psychtoolbox-3
68,PMEAL/OpenPNM
19,PerfectlySoft/Perfect-Ubuntu
13,PerfectExamples/Perfect-Markdown-Editor
16,PythonIreland/website
42,PkuRainBow/Hard-Aware-Deeply-Cascaded-Embedding_release
395,Piasy/SafelyAndroid
37,Predictor/javasnowflake
153,PolymerLabs/more-routing
59,PolymerLabs/flatiron-director
19,PacktPublishing/Learning-PySpark
20,ParasiteTeam/crucible
37,Predictor/javasnowflake
11,PyO3/aiohttp-tokio
37,PacktPublishing/Mastering-Flask
23,PeterJaq/machine-learning-for-software-engineers
130,PaulGuo/In
79,PiNet/PiNet
34,ProfOak/flag2
19,PacktPublishing/Machine-Learning-for-the-Web
18,PromeYang/prome-sync
28,PMBio/peer
72,PavelDoGreat/Super-Blur
15,PyCN/-scrapy-
40,PauloMigAlmeida/identicon
15,PyCN/-scrapy-
12,PyCN/Ugly-Distributed-Crawler
22,PagerDuty/pagerduty-api-python-client
42,PkuRainBow/Hard-Aware-Deeply-Cascaded-Embedding_release
12,PiraHzq/acm_templates
12,PiraHzq/acm_templates
31,PetteriAimonen/STM32_Trace_Example
13,PeggyZWY/house-renting-spider
14,PerezHz/TaylorIntegration.jl
43,PoorBillionaire/USN-Journal-Parser
97,PeerXu/google-ip-explorer
53,ProtoTest/ProtoTest.Golem
43,PaulMcMillan/kismetclient
19,PsychoinformaticsLab/nipymc
193,PyMVPA/PyMVPA
94,PacktPublishing/Learning-Vuejs-2
42,Psiphon-Labs/psiphon-chrome
130,PHPOffice/PHPVisio
52,PeterHuewe/tpm-emulator
22,PyCN/Nyspider
48,ProjectMeshnet/nodeatlas
15,PierreRaybaut/plotpy
42,PixelsCommander/polymer-native
30,PlatformLab/NanoLog
72,P0cL4bs/hanzoInjection
72,P0cL4bs/hanzoInjection
28,PlasmaLang/plasma
52,PeterHuewe/tpm-emulator
50,Pmmlabs/OpenPeriscope
87,P1xt/chingu-fcc-speedrun-challenge
15,Professor-Redwood-Team/Professor-Redwood
23,PlaceStart/placestart
12,PaddiM8/Paddis-Transitions
15,Professor-Redwood-Team/Professor-Redwood
12,PAYONE-GmbH/magento-2
11,PaoloP74/extEEPROM
17,PlugForMac/Plug2Issues
154,ProjectNami/projectnami
38,PrusaMK2Users/MK2_Tips_and_Tricks
83,PrusaMK2Users/3030_Haribo_Edition
67,PChambino/pulse
37,PseudoTV/PseudoTV_Live
38,Palmr/LibCorsairRGB
31,Plastix/Plast-Pack
17,ParrotSec/parrot-wallpapers
539,PhilipsHue/PhilipsHueSDK-iOS-OSX
66,Pegase745/sqlalchemy-datatables
100,PolymerElements/iron-ajax
22,PolarisLab/S2-045
13,PeterTh/neptunia_hyperres
23,ProAI/eloquent-versioning
39,PacktPublishing/Artificial-Intelligence-with-Python
63,PavelBastov/opencbs
11,PythonProgramming/Python-3-basics-series
64,PaulMaddox/drac-kvm
63,PavelBastov/opencbs
33,PeteManchester/MediaPlayer
63,PavelBastov/opencbs
23,PreetikaKuls/Insight-MapMyCab
595,PeerJ/paper-now
21,P0cL4bs/Facebrute
11,PietjeBell88/newspost
245,PrivacyApps/document-viewer
84,Purdue-CSUSB/CS-190-F2016
11,PeterCat12/pysmash
20,Paulowarren31/Supreme-Bot
67,PatrickRorth/Twitch.TV
39,Parallels/artifactory
35,Palantir555/Wi-Fi-DoS
43,PaperMC/Paper-1.7
16,PokemonTCG/pokemon-tcg-api
22,PandaTheme/panda-syntax-iterm
22,PandaTheme/atom-panda-syntax
72,Panda-Programming-Language/Panda
31,Plancke/hypixel-php
22,PredixDev/predix-nodejs-starter
72,Panda-Programming-Language/Panda
86,Pylons/pyramid_debugtoolbar
13,Paul-Hebert/web_colors
21,PFLab-OS/Raph_Kernel
11,ProjectEQ/peqphpeditor
290,PolymerElements/seed-element
42,PolymerElements/paper-dialog
241,Prinzhorn/skrollr-stylesheets
15,PerfectlySoft/Perfect-Redis
33,PDLPorters/pdl
12,PacktPublishing/Implementing-DevOps-on-AWS
102,Pwdr/Pwdr-Model-0.1
11,Parrot-Developers/dronekit-python
129,Parrot-Developers/Samples
28,Polymer/atom-plugin
22,Protryon/Osmium
57,PiotrDabkowski/pyjsparser
12,PiscesDream/Keras-GAN
14,Poweruser/MinetickMod
795,ParsePlatform/f8DeveloperConferenceApp
39,Polymer/lazy-imports
132,PhiRhythmus/Tanx
39,Polymer/lazy-imports
50,Proj-Ascension/Server
32,PEXPlugins/Modifyworld
37,PonyCui/PPJSONSerialization
11,PaulAik/fullcalendar
20,Pepsi1x1/XNA-4-Racing-Game-Kit
385,PaloAltoNetworks/WireLurkerDetector
31,PavelTorgashov/FastTree
14,PageUpPeopleOrg/microservice-bootstrap
46,PaulWagener/Streetview-Explorer
14,PGSSoft/GoldenRose
15,PGSSoft/AutoMate-AppBuddy
14,PGSSoft/AutoMate-ModelGenie
16,PGSSoft/AutoMate-Templates
15,PGSSoft/MessagesView
19,PinIdea/oss-aliyun-go
12,Paranoidyang/vue2.0-shoppingCart
94,PowerShell/PowerShell-RFC
39,PowerShell/Whitepapers
61,PhABC/neuroSummerSchools
55,PaulSolt/CustomUIView
42,PierrePaul/html5-dopetrope
161,PurePelicanTheme/pure
34,PlayApple/GameCandy
18,ParkTJT/Speex
150,PaXLiCh/FormattEditText
12,PhilJay/awesome-swift
70,Polidea/android-coverflow
12,PolymerX/polymer-skeleton
24,Paxa/fast_excel
11,PedroCarrillo/MaterialStepper
33,PedroCarrillo/Expense-Tracker-App
18,PhantomAppDevelopment/kaec-app
25,PureMVC/puremvc-typescript-multicore-framework
194,Pocket/Pocket-ObjC-SDK
35,Pomax/PHP-Font-Parser
11,PerfectExamples/Perfect-Chat-Demo
533,Pixplicity/HtmlCompat
15,PoslinskiNet/ember-pell
54,Perlmint/glew-cmake
21,PhillipTaylor/PokerServer
21,PasiSalenius/LightMQTT
24,PrashantMangukiya/SwiftColorPicker
16,PMunch/wxnim
45,PrincipalComponent/AXA_Telematics
22,PolymerLabs/cheese
14,PageUpPeopleOrg/terraform-elk
182,PistonDevelopers/graphics
51,ProjectMoon/flux
167,PierfrancescoSoffritti/Android-YouTube-Player
28,Polidea/basset-ios
138,PriceBoardIn/aws-elk-billing
91,PragTob/after_do
31,PaperCutSoftware/teleportme
16,PX4/snap_cam
16,PeterN/freetrack
18,Patient0/FirstClassLisp
50,ParsifalC/CPCollectionViewKit
62,PerfectlySoft/Perfect-MySQL
28,PodBuilder/XcodeKit
11,Perfare/mukaRCrypto
80,Panthere/GoBot
37,Piasy/CameraCompat
134,Project-OSRM/node-osrm
449,Produkt/RubberBandEffect
472,PolicyStat/jobtastic
70,Platypi/style_typescript
62,PerfectlySoft/Perfect-MySQL
14,Pixelbear/flixelighting
17,PhantomAppDevelopment/pizza-app
39,PabloCastellano/pablog-scripts
93,Peaker/git-mediate
53,PaddleHQ/Mac-Framework
30,Panda-Programming-Language/Light
16,Pupix/lol-wad-parser
19,PhantomAppDevelopment/icon-generator
19,PhantomAppDevelopment/icon-generator
41,Parakoopa/GMnet-ENGINE
26,PacktPublishing/Vuejs-2-Cookbook
60,PureSwift/Silica
25,PaulWagener/mapnik-ios-framework
19,PatMurrayDEV/San-Jose
45,Produkt/3dForceTouchExamples
14,Particular/NServiceBus.AmazonSQS
38,PRX/PRXPlayer
12,PintLabs/PHP-Brewerydb
12,ProofByConstruction/texture-networks
12,Prof9/Boktai-Solar-Sensor-Patches
34,PermanentRecord/AfterMax
41,Proper-Job/django-mobile-app-distribution
104,PowerShellMafia/PowerSCCM
58,PixarAnimationStudios/depot3
12,Psychotropos/hajime_hashes
12,P1sec/LTE_monitor_c2xx
14,Pinbadge/pinbadge-linux-theme
45,Programming-Systems-Lab/phosphor
25,PolitoInc/Yara-Scanner
92,PUNCH-Cyber/stoq
13,PeyloW/Screen-Grabber
33,PeerWasp/PeerWasp
183,Polymer/polymer-element-catalog
48,PyHDI/veriloggen
34,PyHDI/PyCoRAM
102,PoshSec/PoshSecFramework
25,PierreBesson/jhipster-microservices-docker
323,PatrolServer/bashscanner
30,PresidioCode/SecureCRT
92,Prooffreader/intro_machine_learning
11,PeterGrace/pi_director
11,Pivotal-Field-Engineering/PCF_AWS_StartStop
14,PolicyStat/distributed-nose
36,PowerShell/xHyper-V
13,Praqma/staci
46,Praqma/git-phlow
22,PinkaLulan/ShinColle
57,Pryz/yaml-lint
95,PolymerElements/paper-input
72,ParRes/Kernels
25,Po-haoHuang/nctu-thesis
11,PilzAdam/throwing
21,PilzAdam/carts
12,PilzAdam/farming_plus
11,PilzAdam/nether
25,Phaeilo/vol-openvpn
60,PaloAltoNetworks/pandevice
15,P1sec/SigFW
81,PasaLab/marlin
13,PythonRails/rails
16,Pivotal-Field-Engineering/ephemerol
26,PowaBanga/pidgin-EAP
15,Percona-Lab/linkbenchX
17,Preece/Frauki
135,PotatoesMaster/i3-vim-syntax
73,PaulStoffregen/RadioHead
29,Parbhat/cookiecutter-django-foundation
35,Pawamoy/django-suit-dashboard
19,PacktPublishing/Python_Master-the-Art-of-Design-Patterns
92,Prooffreader/intro_machine_learning
21,PagerDuty/chrome-notifier
17,Preece/Frauki
362,ParhamP/Speech-Hacker
61,Prokopp/the-free-hive-book
12,P4-vSwitch/vagrant
35,PacktPublishing/Odoo-Development-Cookbook
18,Paril/mcskin3d
77,PowerShell/Phosphor
27,Psychlist1972/Windows-10-PowerShell-MIDI
131,PowerShell/PowerShell-Tests
35,PacktPublishing/Mastering-Angular-2-Components
25,PearsonEducation/StatsAgg
23,PingPlusPlus/pingpp-csharp
14,PoorBillionaire/USN-Record-Carver
14,PoorBillionaire/USN-Record-Carver
19,PaloAltoNetworks/report_to_misp
23,PokemonGo-Enhanced/Enhanced-Frontend
49,PokemonGo-Enhanced/Enhanced-Backend
74,PagerDuty/scheduler
13,PacktPublishing/Fast-Data-Processing-with-Spark-2
47,PoorBillionaire/Windows-Prefetch-Parser
38,PsiLupan/MakeLobbiesGreatAgain
17,Preece/Frauki
17,Preece/Frauki
35,Pushwoosh/pushwoosh-ios-sdk
11,Protocentral/Pulse
15,PengJiyuan/particles.js
21,PengJiyuan/LCL
27,PowerShell/PSDscResources
29,PowerShell/xCertificate
77,PowerShell/Phosphor
136,PortSwigger/backslash-powered-scanner
12,PokemonTCG/pokemon-tcg-sdk-javascript
16,Primechain/blockchain-security-controls
57,Phaetec/pogo-cruncher
109,PuffOpenSource/Puff-Android
15,Palatis/Arduino-Lufa
14,PlayUAV/MissionPlanner
11,PenturaLabs/SNMPPLUX
21,PyconUK/ConferenceScheduler
40,PhysicalGraph/SmartThings-Alfred
135,PlagueScanner/PlagueScanner
17,PUNCH-Cyber/stoq-plugins-public
30,PacktPublishing/Expert-Python-Programming_Second-Edition
14,Puyuma/puyuma-core
11,PaulSec/VNWA
11,Probely/CTF-Challenges
31,Phoul/yara_rules
97,PaulSec/API-dnsdumpster.com
14,ProjectMoon/nmud
19,PhilipTrauner/Meh
210,PhilipsHue/PhilipsHueSDK-Java-MultiPlatform-Android
15,PytLab/Cpp-Primer-Plus
57,ProGamerGov/Neural-Tools
11,Pronghorn/pronghorn
11,Pronghorn/pronghorn
33,PolymerElements/paper-toolbar
20,Par4All/par4all
31,PingerOne/FlowLayoutDemo
20,Par4All/par4all
12,PDMLab/vscode-debug-es6-node-docker-sample
15,PentestBox/scripts
73,PKRoma/ProcessHacker
13,Pines-Cheng/Pines-Cheng.github.io
18,PivotAll/PivotAll
11,Petezah/roomba_wall_v2
56,PicciMario/iPhone-Backup-Analyzer-2
18,Pixplicity/gene-rate
18,Polymer/summit-2017
37,PowerShell/Demo_CI
260,PolymerLabs/polymer-patterns
11,Paebbels/PicoBlaze-Library
73,PKRoma/ProcessHacker
93,Polidea/android-hierarchy-viewer
490,PomepuyN/discreet-app-rate
73,PKRoma/ProcessHacker
33,PocketMine/PocketMine-Android
17,PaulBatchelor/voc_demo
45,PayloadSecurity/VxAPI
19,P-H-C/phc-string-format
73,PKRoma/ProcessHacker
26,PSPDFKit/react-native
179,PistonDevelopers/rust-empty
14,PragTob/rubykon
18,Polymer/summit-2017
38,PearsonEducation/thalassa-aqueduct
46,Pezmc/BibLatex-Check
12,Paperspace/paperspace-node
557,PrimaryFeather/Sparrow-Framework
93,Polidea/android-hierarchy-viewer
36,PLOS/ambra
31,PingerOne/FlowLayoutDemo
29,Project-Pier/ProjectPier-Core
116,PressLabs/gitium
25,PiMaker/Teletun
35,PancakeBot/PancakePainter
36,PaulStoffregen/XPT2046_Touchscreen
48,ProLoser/CakePHP-CSV
63,ProboCI/probo
47,Papierkorb/qt5.cr
11,PyWaves/PyWaves
19,PedroLamas/GDrive
13,PassingTheKnowledge/Batchography
23,PyLinX-Project/PyLinX
27,Piyush3dB/awesome-deep-computation
75,PenguPilot/PenguPilot
32,PebbleDev/qemu_pebble
17,PrincetonUniversity/piton-linux
23,PierBover/AlfredWorkflowGoogleApps
11,Paradem/oscon-2017
44,PetterS/SuiteSparse
22,Pivotal-Open-Source-Hub/geode-demo-application
13,Pandemoneus/Farlands
22,PartyPlanner64/PartyPlanner64
39,PX4/eigen
329,Pylons/webob
11,PacktPublishing/Learning-Data-Mining-with-Python-Second-Edition
88,PierreRambaud/gemirro
83,PocketCluster/pocketcluster
24,PiSimo/PiCamNN
12,Puppygames/thjson
14,PacktPublishing/Mastering-Blockchain
11,Prinzhorn/0
20,PAA-NCIC/PPoPP2017_artifact
23,PhilippeBoisney/AlertViewLoveNotification
24,Protocentral/protocentral_heartypatch
53,PeterTh/GameManipTutorial
49,Phillipmartin/gopassivedns
24,P3t3rp4rk3r/Threat_Intelligence
56,Prochainezo/xss2shell
76,Paulware/ArduinoDebugger
16,Particular/ServiceControl
21,Printrbot/Printrhub
28,PSNB92/Tetris
53,Pkcs11Interop/Pkcs11Interop
11,Particular/ServiceInsight
54,PythonTG/PythonTG
28,PolymerElements/iron-overlay-behavior
28,PolymerElements/iron-image
73,PolymerElements/iron-flex-layout
47,PolymerElements/paper-checkbox
25,PolymerElements/paper-tooltip
42,PolymerElements/paper-tabs
35,Paroca72/sc-widgets
19,PrestaShop/email-templates-sdk
13,PrestaShop/prestashop-ui-kit
69,PrestaShop/docker
25,PsychicCat/monero-nodejs
27,Pold87/academic-keyword-occurrence
12,Pascal-J/type-system-j
31,PiTiLeZarD/workbench_alchemy
14,PeachyPrinter/peachyprinter-pcb
181,Pita/ueberDB
12,Patreon/patreon-ruby
19,Percheron-Electronics/gratis
24,PlayOnLinux/wine-patches
16,Pkcs11Admin/Pkcs11Admin
33,PatricZhao/ParallelR
11,Percona-Lab/random_data_load
30,Pakillo/rmdTemplates
36,PaulReiber/Log-Dissector
23,Pakillo/grateful
81,Phally/lazy_model
31,Palm-Studios/sh3redux
47,PetteriAimonen/QuadPawn
29,PaulFreund/i2x
53,Psycojoker/ipython-beautifulsoup
41,Project-ShangriLa/sora-playframework-scala
63,PokeAPI/pykemon
17,ProjectQ-Framework/FermiLib
15,Patent2net/Patent2Net
45,PhobosRising/game-of-life
34,PencilCode/jquery-turtle
71,PouletFrit/csDelaunay
17,PolymerLabs/swipeable-card
17,ProjectQ-Framework/FermiLib
99,Phlya/adjustText
35,ProbabilisticNumerics/cabs
60,Plethora777/mcpe_viz
14,PMEAL/OpenPNM-Examples
33,Polymer/core-animated-pages
20,PlexusDuMenton/TranslucentShader
36,Planifica/encryption
13,PublicHealthDynamicsLab/FRED
40,PacificBiosciences/DevNet
18,PredictionIO/PredictionIO-iOS-SDK
13,PacktPublishing/Python-End-to-end-Data-Analysis
14,PacktPublishing/Internet-of-Things-with-Python
813,PythonJS/PythonJS
17,Patreon/patreon-java
28,Putnami/putnami-gradle-plugin
112,Pinafore/qb
156,Pent/generator-meteor
18,PacktPublishing/React-and-React-Native
191,ProjectMirador/mirador
64,Pomax/Pjs-2D-Game-Engine
39,Pierstoval/EasyImpressDemo
16,PMBio/limix
50,PhantomX/slackbuilds
54,Ponce/slackbuilds
11,PiSimo/DeepChart
17,PowerShell/powerShell-Docs.zh-cn
27,Plailect/Guide_WiiU
27,ParallelMazen/SaudiNewsNet
72,PublicMapping/DistrictBuilder
18,Prezent/jquery-weekpicker
191,ProjectMirador/mirador
40,PolyMathOrg/PolyMath
30,Pivotal-Japan/from-zero-to-hero-with-rest-and-oauth2
23,Pivotal-Japan/spring-security-oauth-workshop
59,PomeloFoundation/dotNETCore-Extensions
25,Psiphon-Labs/ploggy
25,PhilipTrauner/Offliberate
32,PaulStoffregen/Tlc5940
22,Pana/awesome-drone
39,Panzerschrek/Chasm-Reverse
60,PolymerElements/platinum-sw
60,PolymerElements/platinum-sw
18,PeculiarVentures/2key-ratchet
12,PhysicsofFluids/AFiD
18,Parth-Vader/MobOff
46,Przemol/seqplots
19,PetarV-/TikZ
43,PartidoDeInternet/AgoraOnRails
46,Przemol/seqplots
14,Permafacture/Py-Visvalingam-Whyatt
46,PIA-Group/BioSPPy
80,PacificBiosciences/SMRT-Analysis
14,ProjectAGI/adaptive-memory-prediction-framework
31,PaulStoffregen/MsTimer2
27,PFCM/neural-episodic-control
95,PikeDev/Go2D
15,PitchInteractiveInc/flurry_2016
21,PerfectlySoft/Perfect-FileMaker
19,PlanScore/PlanScore
13,PapenfussLab/bioshake
380,PabloSichert/concurrency-logger
72,PerlGameDev/SDL
12,PushButtonLabs/PushButtonEngine
