5298,quozd/awesome-dotnet
5298,quozd/awesome-dotnet
1013,quasar/QuasarRAT
683,qinghuaiorg/free-for-dev-zh
3755,quasarframework/quasar
2595,qibaoguang/Spring-Boot-Reference-Guide
2074,quartznet/quartznet
248,quietshu/y86
63,quietshu/cssosx
3184,qbittorrent/qBittorrent
876,qiwihui/hiwifi-ss
245,qiangxue/golang-restful-starter-kit
38,qianlnk/longsocket
941,qmlbook/qmlbook
15111,quilljs/quill
529,quantcast/qfs
468,qiniu/qlang
308,qutip/qutip
5636,quantopian/zipline
1905,qiyeboy/IPProxyPool
1503,quantmind/pulsar
707,qazbnm456/awesome-web-security
707,qazbnm456/awesome-web-security
79,quilljs/delta
707,qazbnm456/awesome-web-security
3390,qinjx/30min_guides
707,qazbnm456/awesome-web-security
6451,qyuhen/book
28,qiniu/form-upload
35,qba667/FlySkyI6
330,quantopian/alphalens
258,qgy18/pangolin
367,quiltdata/quilt-compiler
77,qqgeogor/kaggle-quora-solution-8th
146,qiexing/face-landmark-localization
320,qieguo2016/Vueuv
145,quarkslab/quarkspwdump
636,qazbnm456/awesome-cve-poc
636,qazbnm456/awesome-cve-poc
100,qiwsir/StackOverFlowCn
889,q2a/question2answer
636,qazbnm456/awesome-cve-poc
1109,quericy/one-key-ikev2-vpn
1207,quartz-scheduler/quartz
137,qqTYXn7/browserprint
1403,qiwsir/ITArticles
2564,qutebrowser/qutebrowser
156,quarkslab/binmap
2719,qfish/XAlign
1207,quartz-scheduler/quartz
314,qtumproject/qtum
1109,quericy/one-key-ikev2-vpn
69,qiueer/zabbix
109,qcoreteam/zendapi
1213,qtile/qtile
1184,qiwsir/algorithm
1394,qemu/qemu
314,qtumproject/qtum
58,queue-interop/queue-interop
268,qtproject/qt-solutions
69,qiaohongbo/yii2-admin
227,qhduan/Seq2Seq_Chatbot_QA
163,qicosmos/cosmos
59,qgy18/proxy-demo
2281,qiu-deqing/FE-learning
191,qianjiahao/MongoDB
60,qitaos/rf-demos
92,qbittorrent/search-plugins
471,quandl/quandl-python
126,qq573011406/KindleHelper
103,qiyeboy/SpiderBook
287,qingmang-team/docs
1130,quantifind/KafkaOffsetMonitor
87,qiniu/QSunSync
50,qcam/nabo
434,qapqap/TimelineView
220,qingliangcn/mgee
599,qiujiayu/AutoLoadCache
17,qiankanglai/ImagePicker
239,qiangzi7723/spider-for-netease-music
167,qieguo2016/spiders
414,quodlibet/quodlibet
2648,qor/qor
149,qpython-android/qpython3
3042,qvacua/vimr
2414,qinwf/awesome-R
332,quantombone/exemplarsvm
277,qcad/qcad
29,qilin-editor/qilin-app
186,qinwf/jiebaR
552,quantifiedcode/python-anti-patterns
473,quora/asynq
1610,qiwsir/StarterLearningPython
1823,qiu-deqing/FE-interview
102,qontu/ngx-inline-editor
1289,quantopian/pyfolio
7831,qrohlf/trianglify
397,quassel/quassel
63,qmachine/qmachine
25,qingluanchou/RRStock
57,qldsrx/OwinFramework
1871,qstumn/BadgeView
1983,qTip2/qTip2
260,quinlan-lab/applied-computational-genomics
1289,quantopian/pyfolio
118,qhull/qhull
1289,quantopian/pyfolio
372,quantopian/research_public
1823,qiu-deqing/FE-interview
130,qddegtya/A-ReactNative-TesterHome
215,qnrq/panic_bcast
581,qt-creator/qt-creator
47,qiangsiwei/NLP_summary
24,quilime/projection-mapping-workshop
14,quillford/CuraProfileMaker
342,queckezz/koa-views
11,qiajigou/c3po-grpc-gateway
140,qLab/qLib
648,qooob/authentic-theme
60,qoda/python-mailer
625,qiujuer/UPMiss
2060,qiujuer/Genius-Android
1011,questbeat/Lin-Xcode5
216,q-nick/npm-gui
365,quran/quran.com-frontend
22,qJake/SharpHue
154,quangctkm9207/mvp-android-arch-component
99,qwIvan/microMsg-bot
34,qpython-android/qpython.org
88,qor/auth
107,quasarframework/quasar-play
494,qinyuhang/ShadowsocksX-NG-R
1590,qgis/QGIS
250,qca/open-ath9k-htc-firmware
1871,qstumn/BadgeView
581,qt-creator/qt-creator
494,qinyuhang/ShadowsocksX-NG-R
120,quantopian/empyrical
286,qiniu/java-sdk
60,quatanium/foscam-python-lib
566,qdxxxx/BezierViewPager
1721,quokkaproject/quokka
108,qoli/QiNA
153,qiyeboy/spider_smooc
35,qubole/Hive-JDBC-Storage-Handler
1721,quokkaproject/quokka
62,qianlongo/zepto-analysis
43,qianlongo/underscore-analysis
36,quobit/awesome-python-in-education
109,qicosmos/Kapok
269,quora/qmf
90,qingmang-team/chanamq
7831,qrohlf/trianglify
7831,qrohlf/trianglify
226,qianlongo/resume-native
13,qiangxue/golang-serverless-restapi
1504,qTox/qTox
12,qiangsiwei/competition_tianchi
670,quiet/quiet-js
233,qiniu/logkit
397,quassel/quassel
566,qdxxxx/BezierViewPager
12,qiangsiwei/competition_tianchi
118,qubyte/fetch-ponyfill
1504,qTox/qTox
745,qdouble/angular-webpack2-starter
23,quasarframework/quasar-template-pwa
2214,quicksilver/Quicksilver
52,qb0C80aE/jobhunting
556,quantopian/qgrid
17,qvl/httpsyet
250,qiniu/py
16,qinyuLT/CloudPan
29,quantmind/pulsar-queue
544,quickfix/quickfix
5331,qiao/PathFinding.js
25,qubole/qds-sdk-py
100,qiubaiying/qiubaiying.github.io
214,quinnliu/machineLearning
52,qhwa/Command-Line-Youdao-Dictionary
24,qiuncheng/CuteAttribute
214,quinnliu/machineLearning
17,qcl643062/spider
28,quxiaofeng/PolyU_beamer_theme
13,qilinbaoleiji/baoleiji
67,qcri-social/AIDR
65,qianxiaoai/RuntimePermissionsDemo
81,quentinsf/qhue
56,qqgeogor/kaggle_quora_benchmark
47,quartiq/rayopt
15,qiaoguan/Kesci-ctrip-room-prediction
54,quanticc/lawena-recording-tool
30,qinyuanpei/HttpServer
249,qassemoquab/stnbhwd
37,quandl/Matlab
28,qwj/python-proxy
245,quick2wire/quick2wire-python-api
94,qinqingege/YeeLinkLib
22,qizhex/RACE_AR_baselines
331,quantifind/wisp
26,quaquel/EMAworkbench
18,qf6101/topwords
15,qiaoguan/Kesci-ctrip-room-prediction
12,quxios/ElectronMV
2647,qii/weiciyuan
1896,qw3rtman/git-fire
24,quadjr/PredNet
70,qiao/sicp-solutions
1174,qdore/Mutate
11,qmatteoq/Prism-UniversalSample
24,quanzhanying/redpotion-guide
135,qNone/ApiTests
422,quanke/think-in-java
39,qgis/QGIS-Processing
11,qincaicai/acm
64,qt/qtcharts
561,quchen/articles
78,quchen/prettyprinter
394,qiniu/qshell
676,qw3rtman/p
394,qiniu/qshell
1268,questbeat/QBPopupMenu
93,qylibohao/BHInfiniteScrollView
70,qgis/QGIS-Android
26,qureai/mumbai-ai-meetup
329,qiniu/python-sdk
1619,questbeat/QBImagePicker
224,qiuncheng/NoticeBar
702,qyxxjd/MultipleStatusView
17,qianlei90/Blog
31,qinjx/phpbook
1477,querydsl/querydsl
335,qiuxiafei/zk-web
28,qzfzz/php7-extension-dev-book
55,qitan/SOMS
27,qcoreteam/qinglang
151,quanke/design-pattern-java-source-code
1104,qos-ch/logback
331,quickfix-j/quickfixj
676,qieangel2013/zys
237,qalingo/qalingo-engine
50,qbright/wechatCode-complete
35,qq291462491/bugkillers
23,qala-io/datagen
59,qiyeboy/baidulogin
126,qcer/Algo-Practice
259,qiniu/gobook
144,qiniu/go
1162,qiujuer/ImageBlurring
212,qiushi123/GuideView-master
294,qibaoguang/Study-Step-by-Step
33,quora/mcinspector
1104,qos-ch/logback
294,qibaoguang/Study-Step-by-Step
189,quickfixgo/quickfix
18,qindongliang/hive-solr
1104,qos-ch/logback
126,qcer/Algo-Practice
208,qiushi123/VideoDemoQcl
11,qqzhang/accumulation-dev
148,qiniu/qetag
1104,qos-ch/logback
19,qwurey/flume-source-multiline
19,qwurey/flume-source-multiline
572,qor/qor-example
28,quanke/vert-x-core-manual-for-java
69,qzw1210/springboot_authority
28,quanke/vert-x-core-manual-for-java
337,qt/qtbase
59,qsnake/py2js
170,quodroc/HumbleNewTabPage
259,qiniu/gobook
16,queencodemonkey/the-road-to-kotlintown-ii
294,qibaoguang/Study-Step-by-Step
331,quickfix-j/quickfixj
175,quasado/gravit-hub
67,qjx378/wenku
192,quack/quack
1104,qos-ch/logback
850,qos-ch/slf4j
60,qhool/quaff
205,qw4990/NYADB2
18,quilljs/awesome-quill
26,qingyu1229/XSExtractor
78,qieangel2013/ngx-fastdfs
78,qieangel2013/ngx-fastdfs
850,qos-ch/slf4j
69,qzw1210/springboot_authority
74,qihaiyan/ng-boot-oauth
552,quasar-analytics/quasar
18,quangduytran/Human-Detection
223,qiu8310/smart-npm
61,quux00/mybatis-koans
76,qoda/python-wkhtmltopdf
63,qcadoo/mes
1104,qos-ch/logback
16,qfarm/qfarm
17,qzw1210/SpringBlade
15,qm88888888/blog
803,qinci/MarkdownEditors
349,qinci/AndroidEdit
228,qstumn/RadarChart
103,q6112345/react-native-google-place-picker
13,qzw1210/springMVC-shiro
37,qiwsir/book
14,qht1003077897/H-Express
66,q-m/d3.chart.sankey
278,qdtroy/DuiLib_Ultimate
13,qzw1210/springMVC-shiro
13,qzw1210/springMVC-shiro
19,ququzone/shorturl
14,qht1003077897/H-Express
15,qiuhd2015/anima
67,qibaoguang/SpringStudy
501,qiniu/php-sdk
21,qsjdhm/doit
202,qt-json/qt-json
56,qsun/ParDiff-VPN
103,qgh810/animate-text
69,qoli/MiHomePlus
300,qiniu/iconv
118,quarnster/boxeebox-xbmc
13,qddnovo/MathStringExpression
91,qinyuanpei/Excel2Unity
910,qrohlf/trianglify-generator
67,qibaoguang/SpringStudy
17,quandoo/android2android-accessory
72,qzaidi/quran
13,qrtt1/JCConf2016_JenkinsPipeline
254,qieangel2013/livego
416,qiniu/android-sdk
663,quarnster/SublimeClang
300,qiniu/iconv
153,qiuncheng/FontAwesomeKit.Swift
301,qiaoxueshi/WWDC_2014_Video_Subtitle
1951,quil/quil
49,qyuhen/goenv
17,qiushi123/TakePhoto_android7.0
300,qiniu/iconv
112,qhd/ANYMethodLog
1593,qs-lll/ExpandingPager
42,qiushi123/AndroidtagView
86,qifengdeqingchen/PullToLoadMoreView
46,q1082121/laravelcms
16,qiu-deqing/imagemap-generator
510,quark-dev-team/quarkjs
275,quicklisp/quicklisp-projects
160,quicklisp/quicklisp-client
486,qiniu/httptest.v1
11,qzw1210/jeesite
25,questionlin/logcat
169,qzind/tray
254,qieangel2013/livego
300,qiniu/iconv
81,qgh810/dnd
314,quarnster/SublimeGDB
15,quark-zju/ljudge
20,quasoft/backgammonjs
21,qianxiangsen521/Multi-threadedDownload
306,qinci/EdgeTranslucent
84,quarbby/links-and-resources
20,qzw1210/SpringMVC_Mybatis_Shiro
97,qiaweicom/qwadmin
23,qht1003077897/hellocharts-line
89,qihangnet/MZBlog
135,qbeenslee/gradle-proguard-dictionary
18,qlcoder-oreo/welcome2git
16,quentinneyraud/jekyll-starter-kit
116,quickly/quickly
159,qgriffith/OpenEats
501,qiniu/php-sdk
1302,qdrzwd/VideoRecorder
16,qodot/gtbot
16,qibaoguang/SimplePay
27,qiuhoude/AMapClusterLib
151,quicktype/quicktype
140,qixiuss/wxapp-redux-starter
16,qdac/QDAC3
771,qiniu/js-sdk
1539,qmk/qmk_firmware
71,quickdocs/quickdocs
106,qiangxi/CheckUpdateLibrary
266,qerub/camel-snake-kebab
68,quxionglie/notes-learning-java-concurrency
69,qoli/MiHomePlus
20,qpiu/wifiutil
112,qhd/ANYMethodLog
50,qieguo2016/Front-end-tutorial
67,qibaoguang/SpringStudy
13,qlcoder-oreo/taobaoip
16,qiu-jin/phpegg
48,qq1206676756/RedisHelp
87,qieangel2013/dfs
16,qriousagency/breaky
169,qiqiboy/touchslider
63,qaz734913414/ItChat
63,qaz734913414/ItChat
262,qpowell/google_places
31,qq597392321/ImageView
175,qakcn/qchan
78,qakcn/qchan-lite
96,qpkorr/vim-bufkill
25,qwat/QWAT
63,qaz734913414/ItChat
21,qianyinghuanmie/vue2.0-demos
60,qcloudsms/qcloudsms
40,qinjx/adv_php_book
27,quasarframework/quasar-template-default
16,qieangel2013/SmallAPP
143,qieguo2016/iconoo
21,qkbao/Disconf.Net
13,quericy/Zeal-docset-CN
48,qssq/giftanim
66,qddegtya/v-circle
397,qq99/echoplexus
11,qus-jiawei/storm-calculate
132,qdk0901/openwrt-mt7620
128,qboticslabs/mastering_ros
335,qyxxjd/CarAssistant
13,qijitech/support-ui
95,qq8044023/taskPHP
60,qcloudsms/qcloudsms
11,qmac/nba-analysis
28,qiciengine/qiciengine-examples
16,qieangel2013/SmallAPP
249,quelpa/quelpa
124,qos-ch/logback-extensions
33,qdsay/kuaiqie
42,qxhy123/docker-debian-nginx-phpfpm-mysql
351,questionlin/design-patterns-for-humans
18,qbeenslee/hexo-theme-sausage
55,qaap/rpc-websockets
14,quickj/dubbo_jsonrpc_demo
83,quickj/dubbo-php-client
351,questionlin/design-patterns-for-humans
39,qboticslabs/ros_robotics_projects
51,qwertypants/jQuery-Word-and-Character-Counter-Plugin
351,questionlin/design-patterns-for-humans
14,quickj/dubbo_jsonrpc_demo
83,quickj/dubbo-php-client
95,quran/quran-ios
117,quran/quran.com-api
625,quran/quran_android
23,quran/one.quran.com
164,quipo/kafka-php
19,qpwoeiru96/QUpload
59,quiris11/ExtractCoverThumbs
351,questionlin/design-patterns-for-humans
50,qieguo2016/demos
3696,qunitjs/qunit
11,qzp632/chat_online
61,qvl/promplot
102,qwtel/hydejack
97,qzind/qz-print
133,qkraudghgh/clean-code-javascript-ko
51,qwertypants/jQuery-Word-and-Character-Counter-Plugin
131,qxl1231/generator-loopback-vue
13,qieangel2013/zqf-cpp
95,qq8044023/taskPHP
37,qiniu/qfetch
12,qterm/qterm
268,qiqiboy/pageSwitch
164,quipo/kafka-php
13,qiaomenzhuan/TheAddressBookDemo
69,qt/qtwebengine
81,qinjx/lotusphp
168,que-etc/resize-observer-polyfill
32,qieguo2016/algorithm
141,qiao/difflib.js
38,qduningning/DubboDemo
21,qedus/blockchain
268,qiqiboy/pageSwitch
55,qaap/rpc-websockets
95,qq8044023/taskPHP
50,qiwsir/ApproachPython
3696,qunitjs/qunit
92,qiuxiang/react-native-amap3d
11,qiu8310/deploy-asset
27,qhyuan1992/OpenGL-ES
14,quickj/dubbo_jsonrpc_demo
83,quickj/dubbo-php-client
79,qqq3/good-weather
41,qiujuer/iTalker
260,quizlet/oauth2-php-closed-source
168,qunitjs/node-qunit
312,qandidate-labs/qandidate-toggle
83,quark-zju/lrun
97,qzind/qz-print
55,qaap/rpc-websockets
18,quiply/SaveImage
76,qazbnm456/lulumi-browser
141,qiao/difflib.js
18,qyxing/ostar
83,quickj/dubbo-php-client
1074,qntm/base65536
39,qcri/Arabesque
72,qloog/XAdmin
13,quangtrongonline/share-key-sublime-text-3-build-3143
14,qianyugang/learn-laravel
18,quasarframework/quasar-wrapper-feathersjs-api
37,qxuewei/XWPublish
311,qiniu/happy-dns-objc
91,qijitech/ios-starter-kit
89,qixin1106/KeychainIDFA
11,qiniu/qiniutest
90,qddnovo/LinkBlock
39,qiangzi7723/draggable
27,qxuewei/XWCountryCode
900,quemb/QMBParallaxScrollViewController
27,qxuewei/XWCountryCode
79,qkxyjren/LikeView
53,qreal/qreal
60,q805699513/PhotoPicker
160,qiaoxueshi/FLEXLoader
27,qxuewei/XWCountryCode
79,qkxyjren/LikeView
285,questbeat/QBFlatButton
20,qlyx/AddShoppingCart
55,qbright/vue2_vuex2_webpack2_ssr
50,qiushi123/xiaochengxu_demos
137,qmathe/DropDownMenuKit
85,qicosmos/iguana
322,qasim/Airstream
602,qiao/euphony
14,qiwsir/python-1
106,quanhua92/darknet
20,qmihara/WebKitDemo
29,quilime/Cinder-TouchDesigner-TOP
147,q351941406/GzwScrollViewExtension
15,q6112345/react-native-location-picker
335,qstumn/VerticalTabLayout
301,quiet/QuietModemKit
342,qiniu/objc-sdk
109,qjebbs/vscode-plantuml
772,quartzjer/TeleHash
61,qiniu/iOS-netdiag
92,qmathe/DistancePicker
70,quiet-wuxiao/YourDay
13,qq1206676756/PinYinParse
106,qiniudemo/react-native-sdk
119,qiaoyhh/AndroidProjectHelper
143,qindachang/BluetoothLELibrary
301,quiet/QuietModemKit
342,qiniu/objc-sdk
147,q351941406/GzwScrollViewExtension
30,qnikst/okasaki
17,qingfeng346/ScorpioConversion
32,qudou/xmlplus
12,qiubaiying/BYFoundationLog
96,qiniu/csharp-sdk
233,qiankanglai/LoopScrollRect
21,qiushi123/AndroidPdfViewDowload
53,qixin1106/iOS8-PersonalVPN-Demo
19,qszhuan/ruby_note
120,ququplay/jquery-mobile-square-ui-theme
23,quabug/godot_behavior_tree
20,qiyaTech/javaCrawling
55,qedus/sphere
598,qooxdoo/qooxdoo
108,qgis/QGIS-Web-Client
41,quiniouben/vban
179,qTranslate-Team/qtranslate-x
1667,ququplay/jquery-mobile-flat-ui-theme
11,quek/simple-date-time
313,quailjs/quail
44,qwertzui11/cef_osr
183,qrpike/spotify-playlist-downloader
312,qpdf/qpdf
60,qualialabs/reval
58,qubole/quark
39,quentin-ol/ngx-openlayers
36,qbs/qbs
35,quixey/python-aliyun
130,qiangxue/fasthttp-routing
35,qboticslabs/Chefbot_ROS_pkg
240,qur/gopy
674,qifengdeqingchen/SeatTable
52,qibin0506/go-designpattern
34,qawemlilo/node-mysql
95,qingfeng/p
116,qianxueseng-com/js-projects
