6496,ShareX/ShareX
8004,SeleniumHQ/selenium
16533,SamyPesse/How-to-Make-a-Computer-Operating-System
7053,StevenBlack/hosts
37578,Semantic-Org/Semantic-UI
6745,SignalR/SignalR
355,SaladLab/Json.Net.Unity3D
13,SilangQuan/Illustrative-Rendering-with-Unity
133,SecPi/SecPi
112,SimonMarquis/Android-SecretCodes
900,SpongePowered/SpongeForge
3240,SimulatedGREG/electron-vue
18,SaladLab/TrackableData
3240,SimulatedGREG/electron-vue
368,StyleCop/StyleCop
1217,SixLabors/ImageSharp
8247,Shopify/draggable
199,SWI-Prolog/swish
25,Sential/WebExpress
1982,Seedstars/django-react-redux-base
183,StephenGrider/FullstackReactCode
1463,SSilence/selfoss
272,Superpencil/pokemon-font
4423,Semantic-Org/Semantic-UI-React
1221,SharePoint/PnP
2738,SerpentAI/SerpentAI
2738,SerpentAI/SerpentAI
281,Spomky-Labs/jose
1396,StephenGrider/ReduxCasts
87,Samsung/TizenRT
1421,Samsung/iotjs
16,Samsung/http-parser
15,SunskyXH/vue_blog
317,StanfordPL/x64asm
25,ShareXin/ShareXin
357,SeniorZhai/ScoreBoard
15,Serekh/beholder
631,Seneral/Node_Editor_Framework
686,StefanSchroeder/Golang-Regex-Tutorial
1065,STRML/strml.net
52,SebastiaanKlippert/go-wkhtmltopdf
11,SwordYork/simplified-deeplearning
474,Shopify/skeleton-theme
257,Shopify/themekit
11,ShawnTeoh/matjek
898,SumiMakito/AwesomeQRCode
56,Strikersb/webdirscan
7621,SheetJS/js-xlsx
1660,SpiderLabs/ModSecurity
1065,SpiderLabs/owasp-modsecurity-crs
50,SpiderLabs/msfrpc
822,SecWiki/windows-kernel-exploits
818,SecWiki/linux-kernel-exploits
822,SecWiki/windows-kernel-exploits
818,SecWiki/linux-kernel-exploits
25,SpiderLabs/deblaze
198,Smaash/quasibot
1677,Sunzxyong/Tiny
774,SecWiki/sec-chart
528,Snipaste/feedback
130,SomMeri/less4j
44,SparkSharly/DL_for_xss
618,SuperHouse/esp-open-rtos
244,Sliim/pentest-lab
611,Screetsec/Dracnmap
27,Swordf1sh/Moderat
3960,SpaceVim/SpaceVim
683,Supervisor/initscripts
774,SecWiki/sec-chart
774,SecWiki/sec-chart
774,SecWiki/sec-chart
1785,SpiderLabs/Responder
101,SecWiki/CMS-Hunter
67,SparkSharly/Sharly
17,ShuangtaoJia/ClipCircleHeadLikeQQ
44,SparkSharly/DL_for_xss
78,SpiderLabs/Airachnid-Burp-Extension
936,SmileyChris/easy-thumbnails
449,SRombauts/SQLiteCpp
105,SecYouth/sec-jobs
14,SuperBuker/tor-openwrt
11477,StreisandEffect/streisand
110,SCFWSE/BlockChinaSoftware
1785,SpiderLabs/Responder
11477,StreisandEffect/streisand
105,SecYouth/sec-jobs
143,Selection-Translator/translation.js
1144,Selection-Translator/crx-selection-translate
3190,SamHerbert/SVG-Loaders
29,Speedml/notebooks
63,SafeBreach-Labs/spacebin
661,SwiftOnSecurity/sysmon-config
94,SideChannelMarvels/Tracer
11,Sshanu/Relation-Classification
45,STSSoft/DatabaseBenchmark
1333,Screetsec/TheFatRat
2076,SortableJS/Vue.Draggable
2480,SwipeCellKit/SwipeCellKit
64,StrawberryPerl/Perl-Dist-Strawberry
31,Semantria/semantria-sdk
15,SeanHeelan/funserialize
161,ShaneK2/inVtero.net
309,SigPloiter/SigPloit
39,ScoopThemes/Bondy
1237,Sunnyyoung/WeChatTweak-macOS
116,Sandthorn/sandthorn
252,SpiderLabs/portia
18,SuperCowPowers/chains
76,SecurityCompass/AndroidLabs
39,SpiderLabs/burplay
376,SilentGhostX/HT-WPS-Breaker
393,Sliim/pentest-env
55,Sellsuki/js-array-playground
11000,SnapKit/SnapKit
321,ShanaMaid/oho-reader
37,ScruffyFurn/SumoDX
393,Sliim/pentest-env
16,SomeoneWeird/cirrus
154,SecGen/SecGen
121,SuperKieran/WooyunDrops
39,SpiderLabs/burplay
5001,Swift-AI/Swift-AI
267,STShenZhaoliang/STPhotoBrowser
83,SharadKumar97/OSINT-SPY
3342,SirVer/ultisnips
792,Scalified/fab
138,SSLMate/certspotter
13,SpiderOak/flow-python
690,StackExchange/NetGain
966,Synzvato/decentraleyes
83,SharadKumar97/OSINT-SPY
38,Saferman/cupper
469,SinaVDDeveloper/sinavideo_playersdk
129,SpiderLabs/Nmap-Tools
68,SySS-Research/outis
13,Servers-for-Hackers/serversforhackers-newsletter
129,SpiderLabs/Nmap-Tools
68,SySS-Research/outis
209,SimpleBrowserDotNet/SimpleBrowser
16,SirCmpwn/srutils
349,SketchK/FOUR
3902,SwifterSwift/SwifterSwift
15602,SwiftyJSON/SwiftyJSON
10246,SVProgressHUD/SVProgressHUD
121,SuperKieran/WooyunDrops
117,SachaG/Microscope
5198,SBoudrias/Inquirer.js
55,SongLee24/android-crawler
1914,Swinject/Swinject
151,SunLiner/FleaMarket
15602,SwiftyJSON/SwiftyJSON
10246,SVProgressHUD/SVProgressHUD
2112,Shougo/neobundle.vim
3342,SirVer/ultisnips
313,SFML/SFML-Game-Development-Book
14,Shin-NiL/bbAdmob
3713,Supervisor/supervisor
159,StreamWhatYouHear/SWYH
3660,Soundnode/soundnode-app
965,Shougo/vimshell.vim
48,S1ngS1ng/dotFiles
560,Show-Me-the-Code/show-me-the-code
53,Swordfish90/qmltermwidget
6044,Swordfish90/cool-retro-term
68,SkyLined/LocalNetworkScanner
198,StamusNetworks/scirius
264,StamusNetworks/SELKS
3713,Supervisor/supervisor
138,SummerRC/BiLiBiLi
299,Spikef/react-native-gesture-password
667,SimpleMobileTools/Simple-Calendar
544,SECFORCE/sparta
14,Showmax/SHMTableView
25,ServiceComb/ServiceComb.github.io
28,SonyCSL-Paris/LeadsheetJS
175,SpiderLabs/ModSecurity-nginx
3713,Supervisor/supervisor
15602,SwiftyJSON/SwiftyJSON
2275,SunLiner/MiaowShow
295,SwiftTsubame/iOS11Weather
147,Seanwong933/TO-DO
280,SpringCloud/spring-cloud-document
932,Stericson/RootTools
994,ServiceStack/ServiceStack.OrmLite
82,Spharian/laravel-react-router-refetch
47,Shyujikou/binarybook
60,Sheeprider/BitBucket-api
965,Shougo/vimshell.vim
823,Shougo/vimproc.vim
124,Shawn1993/cnn-text-classification-pytorch
627,Slicejack/bojler
44,Stranger6667/postmarker
4010,Strider-CD/strider
5001,Swift-AI/Swift-AI
467,SKTBrain/DiscoGAN
192,Sprytile/Sprytile
3713,Supervisor/supervisor
2405,Shougo/neocomplete.vim
42,SunRain/BNetDisk
10246,SVProgressHUD/SVProgressHUD
30,ShawnFoo/FXAnimationEngine
11,Subterranean-Security/Crimson
47,StratumAuhuur/CTFPad
351,ShawnDEvans/smbmap
93,SpiderLabs/jboss-autopwn
255,SySS-Research/Seth
234,Samsung/ADBI
15,SecWiki/VulScritp
14,SecWiki/webshell
127,SpiderLabs/CryptOMG
261,Screetsec/Microsploit
827,Snorby/snorby
21,SebastianJarsve/Pythonista-Webbrowser
15513,SnapKit/Masonry
67,Simpleyyt/jekyll-theme-next
203,SuprDewd/CompetitiveProgramming
82,SuprDewd/T-414-AFLV
351,ShawnDEvans/smbmap
83,SharadKumar97/OSINT-SPY
185,Smaash/snitch
399,Spomky-Labs/otphp
25,SCADACS/PLCinject
30,SpencerWoo/rrm_exploit
932,Stericson/RootTools
64,Swarmops/Swarmops
36,SilverMoonSecurity/Security-misc
91,Shellntel/vcr
445,SerpicoProject/Serpico
91,Subterfuge-Framework/Subterfuge
205,SecurityInnovation/AuthMatrix
6044,Swordfish90/cool-retro-term
1829,SeleniumHQ/docker-selenium
137,Superfly-Inc/ShowKeyPlus
3261,Squirrel/Squirrel.Windows
104,SidKwok/react-webpack-boilerplate
107,S-H-Y-GitHub/QA
1060,ServiceStack/redis-windows
63,SpringForAll/spring-guides-translation
416,ScienJus/spring-restful-authorization
187,SeleniumHQ/selenium-google-code-issue-archive
43,SecWiki/hack-movie
966,Synzvato/decentraleyes
15602,SwiftyJSON/SwiftyJSON
10246,SVProgressHUD/SVProgressHUD
848,StackExchange/dnscontrol
22,Sivory/pal.js
292,SelectTransform/st.js
771,SoCo/SoCo
35,StephenGrider/Lyrical-GraphQL
2098,StephenGrider/ReduxSimpleStarter
258,SitePen/dstore
152,StabbyCutyou/generics
344,Stichting-MINIX-Research-Foundation/minix
49,StephenGuanqi/Unity-ARKit-Plugin
255,SySS-Research/Seth
93,SpamScope/spamscope
544,SECFORCE/sparta
122,StamusNetworks/Amsterdam
232,SPRITZ-Research-Group/Skype-Type
285,SekoiaLab/Fastir_Collector
79,SpiderLabs/cribdrag
49,SimpleFinance/shiftmanager
75,SteveMcGrath/pySecurityCenter
297,SciTools/cartopy
151,SolidZORO/zpix-pixel-font
416,ScienJus/spring-restful-authorization
242,ScienJus/spring-authorization-manager
684,ScienJus/smartqq
22,ServiceComb/ServiceComb-Company-WorkShop
189,SparklineData/spark-druid-olap
441,SohuTech/essay
2878,SVGKit/SVGKit
1060,ServiceStack/redis-windows
138,Section9Labs/Cartero
138,SecarmaLabs/psychoPATH
55,Scarsz/DiscordSRV
138,Section9Labs/Cartero
87,StephenMilborrow/muct
684,ScienJus/smartqq
28,SkyHarp/LegendOfMountainSea
2272,SelfControlApp/selfcontrol
170,SteeltoeOSS/Samples
2199,SmartisanTech/android
1683,Sentdex/pygta5
1905,Sigil-Ebook/Sigil
97,Skycrab/leakScan
138,Section9Labs/Cartero
601,SheffieldML/GPy
46,SpiderLabs/thicknet
860,SergeyMorugin/ostagram
925,SublimeText/CTags
201,StevenIseki/react-router-redux-example
48,Sunybyjava/seckill
7311,StackExchange/Dapper
35,Symous/WechatApp-BaisiSister
189,SebLague/Procedural-Landmass-Generation
94,Sonkun/python-sfml
829,Solartisan/WaveSideBar
116,SafeBreach-Labs/pacdoor
11,Shuang0420/Shuang0420.github.io
122,SilenceHVK/wechatByNode
280,Swiftam/book-node-mongodb-backbone
3132,SwiftyBeaver/SwiftyBeaver
2505,SwiftKickMobile/SwiftMessages
2719,Spandan-Madan/DeepLearningProject
30,SupportIntelligence/Icewater
1093,SundeepK/CompactCalendarView
6569,Seldaek/monolog
56,StanfordHCI/wrangler
175,SherlockLiao/Roadmap-of-DL-and-ML
612,Steveice10/FBI
612,Steveice10/FBI
709,SarvagyaVaish/FlappyBirdRL
1276,ShaoqingRen/faster_rcnn
1091,StockSharp/StockSharp
709,SarvagyaVaish/FlappyBirdRL
148,Semantic-Org/Semantic-UI-pt-br
84,SolidStateGroup/rio
691,SwiftEducation/teaching-app-dev-swift
44,SwiftEducation/playgrounds
36,SwiftEducation/Found
181,SteamDatabase/GameTracking
12,SoftwareCraftersSydney/events
777,Sable/soot
56,SargoDarya/bungie-platform
4900,STRML/react-grid-layout
48,SonicPotions/LXR
2261,Scanate/EthList
39,Seuntjie900/DiceBot
1664,ShangtongZhang/reinforcement-learning-an-introduction
1441,Show-Me-the-Code/python
187,SharpMap/SharpMap
42,ScarletPan/Kaggle-Rental-Listing-Inquireies
658,SmartThingsCommunity/SmartThingsPublic
6035,Studio3T/robomongo
652,Stitchpunk/atari-ai
1254,SickRage/SickRage
50,SvenVD/rpisurv
3908,Swiip/generator-gulp-angular
277,SimpleBus/MessageBus
1664,ShangtongZhang/reinforcement-learning-an-introduction
27,Shopify/chef-ebs
29,SPICE/virt-viewer
616,StevenHickson/PiAUISuite
19,SFPC/recoded
277,SKempin/reactjs-tmdb-app
860,Sly777/ran
901,SimonZhangITer/VueDemo_Sell_Eleme
240,SegmentFault/HyperDown.js
185,SeriaWei/ASP.NET-MVC-CMS
138,Sneezry/authenticator
13,SleeplessByte/programming-life
204,SilverFoxx/PwnSTAR
3955,SoftEtherVPN/SoftEtherVPN
329,SunDwarf/Kyoukai
113,SwensenSoftware/im-only-resting
162,Stellarium/stellarium
3955,SoftEtherVPN/SoftEtherVPN
2261,StackStorm/st2
2777,Sonarr/Sonarr
1240,SirCmpwn/evilpass
43,Samnan/MyWebSQL
105,Shuttle/shuttle-esb
1421,SteveSanderson/Blazor
15,SixLabors/Shapes
176,SkyChenSky/Framework.Toolkits
1128,SimonVT/schematic
508,Sneezry/chrome_extensions_and_apps_programming
160,SlightlyMad/AtmosphericScattering
604,SlightlyMad/VolumetricLights
22,StanfordVL/ntp
1128,SimonVT/schematic
41,Sambor123/Awesome-Deep-Learning-for-Chinese
14,SoulAuctioneer/notvanillae
70,SuperCowPowers/workbench
2172,SublimeText-Markdown/MarkdownEditing
312,SimpleAuthentication/SimpleAuthentication
655,StefanKovac/flex-layout-attribute
318,SimHacker/micropolis
164,SublimeText/PhpDoc
175,Strilanc/Quirk
34,SoftZen/react-native-falling-drawer
233,SWI-Prolog/swipl-devel
83,SimonCherryGZ/ARCamera
24,SpaceML/GalaxyGAN_python
649,SlapBot/stephanie-va
123,Stinkstudios/sono
2415,SaschaWillems/Vulkan
1073,Shopify/go-lua
15,Sen2Agri/Sen2Agri-System
24,StephenGrider/matrixUtil
83,SpektroAudio/Patchbook
3569,Sylius/Sylius
906,SebastianM/angular-google-maps
40,StubbornJava/StubbornJava
6090,SFTtech/openage
56,SCIP-Interfaces/PySCIPOpt
279,Sensebloom/OSCeleton
83,SpektroAudio/Patchbook
3955,SoftEtherVPN/SoftEtherVPN
30,SideChannelMarvels/JeanGrey
203,SideChannelMarvels/Deadpool
104,SelfWorth/YMCitySelect
2593,Sumi-Interactive/SIAlertView
619,Sunnyyoung/Meizi
164,SeriaWei/ZKEACMS.Core
218,SpaceMadness/lunar-unity-console
176,SkyChenSky/Framework.Toolkits
921,StephenCleary/AsyncEx
1360,ServiceStack/ServiceStack.Redis
2366,StackExchange/StackExchange.Redis
620,SandroMachado/openalpr-android
1128,SimonVT/schematic
441,Suleiman19/Android-Material-Design-for-pre-Lollipop
74,Simplistix/testfixtures
767,Storyyeller/Krakatau
569,SpigotMC/BungeeCord
112,Smerity/trending_arxiv
126,SimenCodes/heads-up
67,Swati4star/Images-to-PDF
60,SymbolixAU/googleway
970,SamVerschueren/listr
112,SudalaiRajkumar/Kaggle
32,SudalaiRajkumar/ML
2261,StackStorm/st2
215,ShuangLI59/person_search
18,Samsonsjarkal/LLAP
26,SherlockLiao/Char-RNN-Gluon
91,SeungjunNah/DeepDeblur_release
1166,SeldonIO/seldon-server
2295,SamDeepLearning/The-Terrible-Deep-Learning-List
561,Shuyun123/LKShop
1531,SublimeText/LaTeXTools
126,ShangtongZhang/DeepRL
33,ShafeenTejani/fast-style-transfer
242,SpiderClub/smart_login
177,SilverRainZ/OS67
721,SequoiaDB/SequoiaDB
862,ServiceStack/ServiceStack.Text
906,SebastianM/angular-google-maps
1421,SteveSanderson/Blazor
566,SuperTux/supertux
215,Stabzs/Angular2-Toaster
186,SethMMorton/natsort
12,STIXProject/java-stix
124,STIXProject/python-stix
1128,SimonVT/schematic
1507,ShiqiYu/libfacedetection
205,SophieDeBenedetto/catbook-redux
475,SimonWaldherr/golang-examples
314,SchedMD/slurm
140,SimpleITK/SimpleITK
21,SamVerschueren/observable-conf
419,Slicer/Slicer
36,SimVascular/SimVascular
16,Slicer/ExtensionsIndex
12,SlicerIGT/SlicerIGT
114,SimulaVR/Simula
26,ScaleChain/distai
485,Smile-SA/node-pushserver
13,SkAT-VG/SDT
11,SirFroweey/hackManager
601,SitePen/dgrid
242,Syncano/syncano-dashboard
2415,SaschaWillems/Vulkan
18,Spacebrew/spacebrewP5
144,SciRuby/rubex
17,SlovakNationalGallery/web-umenia-2
42,SwartzCr/katamari
665,Song-Li/cross_browser
2295,SamDeepLearning/The-Terrible-Deep-Learning-List
17,SixWays/FacePaint
2956,SergioBenitez/Rocket
2261,StackStorm/st2
15,Samfundet/Samfundet
73,SuperV1234/camomilla
269,Storj/storjshare-gui
24,ShisoftResearch/bifrost
2415,SaschaWillems/Vulkan
144,SergeyMakeev/TaskScheduler
64,SignalR/SignalR-Client-Cpp
120,SlapperAutoMapper/Slapper.AutoMapper
862,ServiceStack/ServiceStack.Text
33,SoftUni/SPA-with-AngularJS
154,SignalR/Samples
1571,SVG-Edit/svgedit
156,SpiderStrategies/node-tweet-stream
95,SimpleRegex/SRL-JavaScript
28,SamVerschueren/angular2-polyfill
906,SebastianM/angular-google-maps
906,SebastianM/angular-google-maps
402,SKTBrain/awesome-starcraftAI
167,SkrewEverything/Swift-Keylogger
78,SylvainDe/DidYouMean-Python
153,SublimeLinter/SublimeLinter-php
40,Stanko/webpack-babel-react-revisited
124,Seedstars/reactnative-mobile-app-base
192,SurpassRabbit/ShiTu
20,SwiftGFX/SwiftMath
111,Setasign/FPDF
109,Surye/mfp-keto-userscript
12,ShuyunFF2E/ccms-angular-styleguide
96,SpaceK33z/plex2netflix
21,ShankarKamble/Riffle-Shuffle-in-Mean-Stack
176,SkyChenSky/Framework.Toolkits
55,Siyy/RoadFlow
286,Sitecore/Habitat
1421,SteveSanderson/Blazor
1552,SUSE/Portus
58,StyleCop/StyleCop.ReSharper
1498,SirCmpwn/TrueCraft
387,SnpM/LockstepFramework
61,Shazwazza/UmbracoIdentity
28,Shuttle/Shuttle.Esb
1240,SirCmpwn/evilpass
389,SalomonBrys/Kotson
88,Samourai-Wallet/samourai-wallet-android
20,Samourai-Wallet/sentinel-android
21,SnowdreamFramework/ToyBricks
1198,Sunzxyong/Recovery
175,SBoudrias/mem-fs-editor
20,SAP/connect-openui5
64,SAP/grunt-openui5
13,SAP/karma-openui5
52,SAP/ui5-inspector
258,SciresM/boot9strap
40,SEED-platform/seed
281,Sonelli/juicessh-performancemonitor
11,ShuaiW/how-to-kaggle
60,SymbolixAU/googleway
22,Shihira/gnome-extension-quicktoggler
2295,SamDeepLearning/The-Terrible-Deep-Learning-List
158,SublimeLinter/SublimeLinter-csslint
995,Schmavery/facebook-chat-api
21,StefanMacke/ao-railway
16,SAP2Moose/SAP2Moose
233,SAFE-Stack/SAFE-BookStore
672,Shopify/shopify_app
112,SolidStateGroup/react-native-firebase-auth
126,StackExchange/pagedown
218,SIlver--/remindmebot-reddit
27,SebastianM/angular-hacker-news
289,Shopify/slate
1507,ShiqiYu/libfacedetection
227,StackExchange/StackExchange.DataExplorer
45,Streetwalrus/android_usb_msd
242,SpiderClub/smart_login
195,SonarSource/sonarlint-intellij
38,SeitaroShinagawa/FavoritePapers
65,SteveRidout/mongo-object-time
29,Steven-Hewitt/Entailment-with-Tensorflow
105,ScorexFoundation/Scorex
149,ShopRunner/jupyter-notify
609,SmallComfort/react-vue
723,Shinao/SmartMirror
1141,StephenGrider/ReactNativeReduxCasts
15,SSA111/SwiftImageToPDFConverter
18,StephenGrider/ReactSSRCasts
23,ShuaiW/kaggle-classification
184,SickGear/SickGear
128,Samurais/insuranceqa-corpus-zh
11,SWI-Prolog/packages-cpp
36,Snipa22/xmr-node-proxy
71,Snipa22/nodejs-pool
90,SocialDataSci/Geospatial_Data_with_Python
91,SeungjunNah/DeepDeblur_release
170,Seedarchangel/TuChart
147,SethMichaelLarson/python_project_template
22,Solomoriah/PollyReports
196,Smerity/keras_snli
788,SalomonBrys/ANR-WatchDog
41,SCADA-LTS/Scada-LTS
97,SOUI2/soui
607,SavinaRoja/PyUserInput
143,SherlockLiao/pytorch-beginner
287,Stratio/Spark-MongoDB
91,SWIMProjectUCB/SWIM
11,Sta112-F17/website
92,SpatialPython/spatial_python
242,SpiderClub/smart_login
13,StephenElston/DataScience350
119,S0cial/Cloud-Sms
105,StevenDXC/DxLoadingButton
29,SRI-CSL/PVS
2956,SergioBenitez/Rocket
360,SerpentAI/requests-respectful
149,ShopRunner/jupyter-notify
81,Speedml/speedml
88,ScottFreeLLC/AlphaPy
44,Steven-Hewitt/QA-with-Tensorflow
329,Stackvana/microcule
1264,Sirvasile/Typefont
35,Sensoro/SDK-Android
96,Sensoro/Wechat-IoT
126,ShangtongZhang/DeepRL
31,SwiftJava/swift-android-kotlin
107,SparkPost/node-sparkpost
2182,Shopify/toxiproxy
27,SoftwareTools4Makers/OPC
946,ScutGame/Scut
37,SciLor/ESP8266_Hyperion_LED-Controller
233,SeanNaren/deepspeech.pytorch
140,ScreamZ/vue-analytics
308,SGrondin/bottleneck
1571,SVG-Edit/svgedit
21,SpatialInteractive/9-patchedit
431,SharePoint/sp-dev-docs
86,SharePoint/PnP-Partner-Pack
54,SyslogicNL/DoctrineJsonFunctions
52,SerjoPepper/kick_sovetnik
94,SebLague/Pathfinding
173,SebLague/Procedural-Cave-Generation
102,SebLague/Create-a-Game-Source
906,SebastianM/angular-google-maps
906,SebastianM/angular-google-maps
174,Sebazzz/SDammann.WebApi.Versioning
36,SumoLogic/sumologic-collector-docker
2137,Shougo/deoplete.nvim
161,SperkJJ/ThinkPHP5
108,SerjoPepper/bot-brother
67,SijmenSchoon/telematrix
2120,StylishThemes/GitHub-Dark
969,Squirrel/Squirrel.Mac
81,Setasign/FPDI
23,S-anasol/siahub
853,SuaveIO/suave
12,ServiceStackApps/ReactDesktopApps
906,SebastianM/angular-google-maps
80,ScaCap/spring-auto-restdocs
185,SimeonC/md-date-time
167,SitePen/dts-generator
553,SAP/chevrotain
21,StephanGeorg/leaflet-routeboxer
21,SinoThomas/Ionic2-CircularTabs
190,Sitebase/react-avatar
28,Stanko/react-plx
233,SeanNaren/deepspeech.pytorch
45,ShapeNet/shapenet-viewer
1367,ShapeLab/SwarmUI
22,StanfordVL/ntp
47,SimonAlfie/fabricate
24,StephenGrider/matrixUtil
149,SergeyTsalkov/brooce
15,StormBurpee/Unity_Pokemon
1141,StephenGrider/ReactNativeReduxCasts
153,SalGnt/Travelogue
2120,StylishThemes/GitHub-Dark
13,SteveLasker/AspNetCoreMultiProject
101,Silly-V/Adobe-Illustrator
1421,SteveSanderson/Blazor
589,SchizoDuckie/DuckieTV
24,ShisoftResearch/bifrost
83,Saka7/spring-boot-angular4-boilerplate
215,Stabzs/Angular2-Toaster
2108,SonarSource/sonarqube
3782,StackExchange/blackbox
20,SemanticFrontiers/ArabicNLP
163,SangKa/mobx-docs-cn
11,ScR4tCh/timebox
45,S-PRO/node-elizabeth
156,SweetIQ/schemats
1453,SalGnt/cscs
980,SOHU-Co/kafka-node
73,Semantic-UI-Vue/Semantic-UI-Vue
3569,Sylius/Sylius
75,SFPC/finance-and-administration
64,SaraVieira/styled-loaders
2120,StylishThemes/GitHub-Dark
142,StanKocken/MaterialResume
346,Solido/awesome-flutter
146,StephenGrider/GraphQLCasts
21,Syntaf/angular4-barefuckinbones
18,SimplGy/api-vcr
402,SKTBrain/awesome-starcraftAI
186,SethMMorton/natsort
209,StephenGrider/AdvancedReactNative
816,Sioxas/vue-music
71,SerifAndSemaphore/go-serverless-list
33,SchwabenCode/QuickIO
402,SKTBrain/awesome-starcraftAI
121,Sceptive/forgiva
83,SimonCherryGZ/ARCamera
26,SherlockLiao/Char-RNN-Gluon
29,Steven-Hewitt/Entailment-with-Tensorflow
128,Samurais/insuranceqa-corpus-zh
49,SpringOne2GX-2014/microservice-security
604,StevenSLXie/Tutorials-for-Web-Developers
360,SerpentAI/requests-respectful
2295,SamDeepLearning/The-Terrible-Deep-Learning-List
21,SkyLined/alpha3
81,Spinoco/fs2-http
514,Snifer/security-cheatsheets
56,SamsungInternet/web-code
2366,StackExchange/StackExchange.Redis
77,Stryzhevskyi/rangeSlider
146,StorageKit/StorageKit
11,Seeed-Studio/Grove_Drivers_for_Wio
906,SebastianM/angular-google-maps
316,SciRuby/iruby
59,Synopsis/Synopsis-Analyzer
89,Stinkstudios/arkit-web
459,Stanko/skyblue
36,Suor/flaws
5899,Shopify/liquid
12,SangLiang/PhaserHearthStone
277,SumiMakito/Awesome-qr.js
144,STUkh/generator-angular-webpack-es6
112,SAP/PyRFC
57,Smorodov/Deep-learning-object-detection-links.
61,Self-Driving-Vehicle/CANBUS-Hack
1134,Shopify/bootsnap
45,ServiceMax-Engineering/wapama
244,Sloeber/arduino-eclipse-plugin
440,Stratio/cassandra-lucene-index
71,SgtDaJim/v2ex_signup
841,Samsung/veles
182,SciTools/iris
24,SoftwareDefinedBuildings/smap
23,Sorix/CloudCore
153,ShawnyXiao/SpringBoot-MyBatis
121,SALib/SALib
440,Stratio/cassandra-lucene-index
516,Snaipe/Criterion
389,SuperKieran/TKL
28,SonarSource/sslr
102,SethMichaelLarson/trytravis
24,SkTim/OIWE
10997,Shopify/dashing
23,SysdataSpA/R.objc
52,Sunnyyoung/QQTweak-macOS
175,Sunnyyoung/AppleReserver
90,SparkTC/spark-bench
429,Syndrome777/DeepLearningTutorial
144,StephinChou/Pythonspider
16,StellarCN/py-stellar-base
12,Surface-Pro-3/surface-tools
18,SenticNet/personality-detection
54,Sync-my-L2P/Sync-my-L2P
24,SigmaQuan/NTM-Keras
12,ShownX/FacePaperCollection
32,Steem-FOSSbot/steem-fossbot-voter
12,Summer-MIND/mind_2017
1056,SteamRE/SteamKit
31,Sjakil/gunthy-gui
747,SuperMan42/MVP
14,SawyerSun/Algorithms-and-Data-Structures
40,Syeoryn/textAnalysisSuite
28,Spandan-Madan/NLP-Intuition-and-Applications-of-word-embeddings
483,Selmanh/angularjs-form-builder
12,SeerLabs/pdfmef
28,Spandan-Madan/NLP-Intuition-and-Applications-of-word-embeddings
1620,SiliconStudio/xenko
252,SolidCode/SolidPython
346,ScriptFUSION/Porter
56,SunnyMarkLiu/NaiveBayesSpamFilter
22,Stonesjtu/Pytorch-NCE
216,Seanlinx/mtcnn
44,SHTOOLS/SHTOOLS
82,StratoDem/pandas-js
1463,SamRothCA/Today-Scripts
232,SurajGupta/r-source
77,SJTU-SE/awesome-se
152,SnakeHacker/QA-Snake
42,Samurais/deep-qa
42,Samurais/deep-qa
128,SynEdit/SynEdit
1676,ScottHamper/Cookies
16,ShootMe/Klondike-Solver
677,SergioFierens/ai4r
44,SHTOOLS/SHTOOLS
26,Shawak/downtify
78,Shadowsocks-Wiki/shadowsocks
12,SeerLabs/pdfmef
53,SoundMoose/SoundMoose
197,SteveKChiu/lua-intf
12,SeerLabs/pdfmef
13,ShiroTakeda/jecon-bst
12,SeerLabs/pdfmef
130,SolidCode/MCAD
11,SparkBarcelona/libro
64,SaadAhmad/in_constexpr
553,StarshipEngineer/OpenVPN-Setup
27,SaftigeKumquat/Bombay-Crushed
24,SuperHouse/SecuritySensor4ToMQTT
30,StephenFiser/FrogBlog
85,SublimeText/MoveTab
433,SmileyChris/django-countries
15,SETI/pds-tools
283,Shellntel/scripts
70,Swizards/QuickBox
27,Siddharthk/CompPhoto-NUIGroup-GSoC-2012
1469,Shougo/dein.vim
20,SEL-Columbia/json-to-csv
717,STEllAR-GROUP/hpx
77,SeerLabs/CiteSeerX
18,Strix-CZ/sqlite3-transactions
94,Shaman05/wxCharts
170,Suor/patterns
171,SheffieldML/GPyOpt
49,SheffieldML/deepGP
4214,SocketCluster/socketcluster
564,Smoothieware/Smoothieware
814,SmingHub/Sming
20,SinZ163/w3x-to-vmf
668,Shougo/denite.nvim
18,StanAngeloff/dotfiles
31,Sukura7/vue-ali-xianyu
1299,SynoCommunity/spksrc
1299,SynoCommunity/spksrc
62,Sukura7/WeChat_ayibang
134,SeJasonWang/SCChart
52,Seanwong933/zhihuDaily
141,SathyaBhat/spotify-dl
241,SpenceKonde/ATTinyCore
128,SuyashLakhotia/TechInterview
33,ShahriyarR/MySQL-AutoXtraBackup
38,Sambor123/foodie-webserver
4666,SublimeCodeIntel/SublimeCodeIntel
313,Siddharth11/Colorful
222,StylishThemes/GitHub-Dark-Script
197,SeanCline/Npp-VS2012-Dark
225,Stephane-D/SGDK
19,SoylentGraham/VRLib
345,Samsung/GearVRf
821,SubtitleEdit/subtitleedit
490,ShenJianShou/crawler_samples
15,SaveTheRbtz/crypto-class
266,SmileXie/zhihu_crawler
12,SlowDony/SDChat
535,Snugug/eq.js
72,Sotera/spark-distributed-louvain-modularity
25,Suyash458/Wordbot
125,Suprcode/mir2
170,SenecaSystems/gutenex
13,ScriptSmith/socialreaper
15,ScriptSmith/reaper
305,Serheo/SHSPhoneComponent
528,StreetVoice/HysteriaPlayer
847,ShingoFukuyama/WKWebViewTips
299,StrongX/XSpotLight
47,SoftZen/react-native-bouncy-drawer
62,StevenYuysy/vue-content-placeholder
158,SimplyWenjing/ES6
11,SmartDoubleXiao/notebook
129,SonarQubeCommunity/sonar-l10n-zh
116,SimonZhangITer/MyBlog
449,SimonZhangITer/DataVisualization
52,SpringForAll/spring-boot-starter-hbase
127,SpringForAll/spring-boot-starter-swagger
388,Stratio/sparta
136,SonarSource/sonarlint-eclipse
76,SubLuLu/thermal_printer
2182,Shopify/sarama
541,SmartBear/soapui
44,SonarSource/sonar-scanning-examples
162,ServiceComb/ServiceComb-Java-Chassis
18,SlickChair/SlickChair
2182,Shopify/sarama
3424,Stuk/jszip
180,StephenZhuang/SZCalendarPicker
410,SwiftOldDriver/SwiftMarch
219,SonarSource/docker-sonarqube
219,SonarSource/docker-sonarqube
219,SonarSource/docker-sonarqube
117,SonarSource/sonar-csharp
3424,Stuk/jszip
58,Sayi/poi-tl
127,SpringDataElasticsearchDevs/spring-data-elasticsearch-sample-application
859,Swagger2Markup/swagger2markup
45,SUSE/salt-netapi-client
58,Samuel-Oliveira/Java_NFe
93,ShiftMediaProject/FFmpeg
2534,Studio-42/elFinder
589,Shopify/shipit-engine
16,ShenYinjie/speedfast365
96,Slikey/EffectLib
176,Simmetrics/simmetrics
13,Shevchik/Chairs
1364,SublimeLinter/SublimeLinter3
221,SPSCommerce/redlock-py
78,StackExchange/httpunit
16,SWolf23/rstudio-darkTheme
20,SivilTaram/BUAAOS-guide-book
321,Streamedian/html5_rtsp_player
20,ScorpioNeal/RulerView
53,SpringOnePlatform2016/cfp-example
41,SpringOnePlatform2016/weather-app
330,SpaceTalk/SpaceTalk
53,Stratio/egeo
403,Spegeli/PokemoGoBot-GottaCatchEmAll
23,Syerram/postgres_search
173,Steveice10/MCProtocolLib
226,Stay/PullRecycler
23,SAP/gorfc
1440,SAP/openui5
118,SimonPadbury/b4st
225,SonarSource/sonar-java
1119,Smashing/smashing
144,Storyyeller/enjarify
61,SonarQubeCommunity/sonar-findbugs
156,SonarSource/SonarJS
48,Stratio/spark-kafka
33,SnappyDataInc/snappy-store
164,SuperKieran/weapp-artand
30,StormHub/NetUV
944,SplashCodes/JAViewer
107,SargerasWang/ExcelUtil
49,Schrolli91/BOSWatch
944,SplashCodes/JAViewer
155,Storj/storjshare-daemon
221,SKCraft/Launcher
375,Stichoza/google-translate-php
321,Sustainsys/Saml2
85,SmallRuralDog/cloud-doc
239,ShelinShelin/OffLineCache
17,SpringCloud/spring-cloud-docs
138,ShadowsocksBackup/shadowsocks
130,Senorsen/netease-cloud-music-rpm
173,Stamplay/stamplay-stackoverflow
43,Samsung/restful
141,Stratio/spark-rabbitmq
11,SeeSharply/LearnAngular
45,SMAPPER/Logstash-Configs
37,StorjOld/downstream-farmer
357,SergiusTheBest/plog
835,SlatherOrg/slather
16,Symantec/kafka-security-0.9
11,SkyChenSky/Framework.MongoDB
22,SteeltoeOSS/CircuitBreaker
169,SmartisanTech/packages_apps_BigBang
402,SmartisanTech/packages_apps_OneStep
564,Sixt/ja-micro
58,Scille/umongo
3925,SwiftGen/SwiftGen
158,ServiceStackApps/RedisAdminUI
40,SNSystems/DIVA
263,Solo5/solo5
221,Shrugs/react-native-snippets
295,SumoLogic/sumoshell
75,Seldaek/signal-handler
23,Sroose/homebridge-loxone-ws
30,ScullWM/MailHookBundle
17,SolarLiner/vscode-arc-theme
16,SeeminglyScience/EditorServicesCommandSuite
53,SwiftKitz/Notificationz
119,Shazwazza/Smidge
256,SonarOpenCommunity/sonar-cxx
44,SimpleBrightMan/ZhengFang
321,Streamedian/html5_rtsp_player
128,Swagger2Markup/spring-swagger2markup-demo
377,Syomus/ProceduralToolkit
117,Sascha-L/WPF-MediaKit
23,ServiceComb/ServiceComb-Saga
564,Sixt/ja-micro
107,SargerasWang/ExcelUtil
36,SergioChan/Android-Airplay-Server
273,Shrugs/partyparrot
194,STAT545-UBC/STAT545-UBC.github.io
628,SSYGEN/blog
23,SAP/gorfc
1440,SAP/openui5
173,Steveice10/MCProtocolLib
97,ServiceComb/service-center
23,ServiceComb/ServiceComb-Saga
1609,Skykai521/ECTranslation
15,Sunhick/ScreenRecorder
141,ServerlessHeroes/serverless-resources
239,ShelinShelin/OffLineCache
23,ServiceComb/ServiceComb-Saga
76,SibirixScrum/HelpDesk
87,SeleniumHQ/www.seleniumhq.org
741,SOHUDBA/SOHU-DBProxy
45,SMAPPER/Logstash-Configs
130,Senorsen/netease-cloud-music-rpm
965,SpectoLabs/hoverfly
23,SkidanovAlex/ShallowNeuralDecisionForest
19,ServerlessHeroes/serverlesstube
141,ServerlessHeroes/serverless-resources
178,Sefaria/Sefaria-Project
22,SitePen/dmodel
110,SpiderLabs/ikeforce
45,SMAPPER/Logstash-Configs
97,ServiceComb/service-center
980,Security-Onion-Solutions/security-onion
277,StefanScherer/dockerfiles-windows
1563,Suor/funcy
965,SpectoLabs/hoverfly
60,Skycrab/go-internals
14,Swagger2Markup/swagger2markup-gradle-project-template
1119,Smashing/smashing
112,StevenDevooght/tinyMCE-mention
13,SummitRoute/osslsigncode-fork
52,SFTtech/kevin
153,SBoudrias/AST-query
21,SilentCircle/iap-local-receipt
75,Shies/PHP7-forp
31,SpireTeam/whitelister
87,SeleniumHQ/www.seleniumhq.org
741,SOHUDBA/SOHU-DBProxy
684,SebastianThiebaud/STTweetLabel
817,SlexAxton/require-handlebars-plugin
1563,Suor/funcy
2460,SublimeLinter/SublimeLinter-for-ST2
17,Spring-Demo/spring-mvc-action-tutorial
12,StormMaybin/storm-server
46,ScienJus/spring-redis-mq
960,SonyWWS/LevelEditor
92,SonyWWS/SLED
1586,SonyWWS/ATF
164,StarEngine/engine
26,SaladLab/UniGet
17,Spring-Demo/spring-mvc-action-tutorial
441,SublimeLinter/SublimeLinter-jshint
77,Sebobo/jquery.smallipop
82,Stevenzwzhai/vue-mobile-application
106,Stevenzwzhai/vue2.0-elementUI-axios-vueRouter
63,Soverance/EtherealLegends
19,SkylarkWorkshop/SkylarkWsp.DanmakuEngine
31,ScienJus/pixiv-crawler
74,SeptemberMaples/wechat-weapp-demo
19,SuperKieran/imoocDownload
249,Soulghost/SGWiFiUpload
17,Sakitama/Sakitama.github.io
1512,Synchro/PHPMailer
164,StarEngine/engine
238,ScottOaks/JavaPerformanceTuning
30,Speedy37/UDKImportPlugin
2578,SpecialCyCi/AndroidResideMenu
30,Speedy37/UDKImportPlugin
27,ScienJus/spring-authorization-manager-demo
579,SmartDengg/RxWeather
45,SparrowJang/ngImageEditor
240,Someonewow/SubmitButton
179,SheldonNeilson/Android-Alarm-Clock
11,SYJourney/JourneyClient
38,SweetzpotAS/StravaZpot-Android
178,SkyLothar/lua-resty-jwt
43,Sxdd/php_snowflake
93,SteamRE/DepotDownloader
18,Sandern/py-source-sdk-2013
11,StanSvec/dropwizard-authorization
33,Skalar/google_distance_matrix
15,Softhouse/jargo
144,Saulis/iron-data-table
1512,Synchro/PHPMailer
144,Saulis/iron-data-table
32,SumoLogic/livetail-cli
55,Sytten/Facebook-Messenger-Desktop
43,SerNet/verinice
55,SRLabs/Centaur
48,Swizec/react-d3-enter-exit-transitions
79,Sioxas/AppleMusic
57,Silvacom/colResize
26,Submanifold/QtOSG
809,SupSuper/OpenXcom
26,SteamCustomizer/Manager
79,Sioxas/AppleMusic
68,Seedin/ConsulHelper
12,SteeltoeOSS/Tutorials
87,SupportFlow/supportflow
271,SeunAdelekan/Kanary
51,SIvaCoHan/wxpay
182,SSilence/php-imap-client
769,Sybio/ImageWorkshop
59,SFantasy/node-in-action
40,Securepoint/openvpn-client
38,Spantree/elasticsearch-talk
14,Sherlockwoo/shadowsocksR_1nstall
31,SeekArt/IBOS
32,ScottZg/ZGInfoCollection
38,SwiftLiu/LPLevelView
12,Shirk/Sublime-FASM-x86
54,Skycrab/Linux-C-Web-Server
569,ShanaMaid/vue-163-music
1286,Subsurface-divelog/subsurface
19,SpikeKing/MachineLearningTutorial
30,Seanid/wechatPay
849,Staffjoy/v2
30,SmallRuralDog/auto-login-alimama
667,Shinelw/ColorArcProgressBar
23,StateSpaceModels/ssm
74,SophieDeBenedetto/action-cable-example
47,SentinelDataHub/DataHubSystem
21,SamuelePolimi/TreasureBot
89,SilentTiger/vue-ueditor
255,SuperV1234/SSVOpenHexagon
32,Shoen/phaser_multiplayer_demo
18,Sandern/py-source-sdk-2013
31,StompyRobot/SRF
85,Squarespace/jersey2-guice
53,S-mohan/smusic
73,Selvin11/login
1286,Subsurface-divelog/subsurface
122,Smile-SA/smile-magento-elasticsearch
68,SublimeText/ElasticTabstops
883,StephanWagner/jBox
14,Stephan14/Pointers_On_C
143,SyncFree/antidote
1451,SpiderOak/Encryptr
83,StorjOld/storj.io
62,Salaboy/Drools_jBPM5-Training-Examples
52,Salaboy/jBPM5-Developer-Guide
44,ScorpionJay/r-music
2498,Skykai521/StickerCamera
44,ScorpionJay/r-music
134,SpongePowered/Mixin
28,Slivo-fr/EveHQ
2199,ShareKit/ShareKit
34,SeaHOH/checkgoogleip
49,SouthernBox/ParallaxRecyclerView
61,SenchaProSvcs/UnitTestDemo
43,Sxdd/php_snowflake
12,Sergix/JTerm
87,SonarSource/sonar-scanner-jenkins
12,Sergix/JTerm
108,SmartisanTech/Wrench
48,ServiceStack/redis-config
48,ServiceStack/redis-config
24,ShaojieLiu/ShaojieLiu.github.io
40,Standouthost/Multicraft
230,ScienJus/qqbot
40,SiegeLord/RustAlgebloat
57,Shmoopi/AntiPiracy
163,StephanTLavavej/mingw-distro
42,ShyHornet/TuringChat
176,SpongeBobSun/PoorEdit
21,SiegeLeo/HIHtmlAndAttributeTest
14,Stephan14/Pointers_On_C
156,SpongeBobSun/mCalendarView
46,SocialiteProviders/Providers
569,ShanaMaid/vue-163-music
73,Selvin11/login
89,SilentTiger/vue-ueditor
97,SchizoDuckie/PimpMyuTorrent
166,Sly777/Iframe-Height-Jquery-Plugin
140,SilentSys/SLAM
244,SwiftJava/SwiftJava
75,Svenito/exploit-pattern
58,SteamDatabase/GameTracking-CSGO
112,Shellntel/backdoors
30,SeriaWei/EasyFrameWork
52,SergioChan/ImagePicker
556,SaraSoueidan/navicon-transformicons
94,SheetJS/js-adler32
986,Shopify/polaris
117,Sambor123/foodie-app
71,SmartisanTech/SmartisanOS-SDK
19,SamHwang1990/blog
119,SpagoBILabs/SpagoBI
11,Stealth2012/meridian-uwp
61,SAHX/SAHX-Admin
262,Stuk/require1k
13,SparkTC/redrock
44,SparkTC/stocator
12,SparkTC/deep-histopath
60,Swizec/h1b-software-salaries
45,Steema/BI
155,Semantic-Org/Semantic-UI-Docs
66,SonsOfTone/RaspberrIP-Camera
209,SublimeText/ColdFusion
223,SparkDevNetwork/Rock
2576,Serhioromano/bootstrap-calendar
19,Softmotions/ncms
227,StanfordPL/stoke
997,SpinyTech/ModularizationArchitecture
23,Shadowtrance/Decrypt9
724,Shougo/neosnippet.vim
30,SuperV1234/unosolo
2576,Serhioromano/bootstrap-calendar
89,Stratehm/stratum-proxy
555,Spreadsheets/WickedGrid
25,SohanChy/Lipi
26,Simek/XPather
40,Shirakumo/trial
11,SilentCircle/silent-phone-ios
114,SilentCircle/silent-phone-android
142,SilentCircle/silent-text
31,SilentCircle/silent-text-android
277,SuneBear/Piano-Flow
46,ShawnFoo/FXDanmaku
270,ShelinShelin/XLVideoPlayer
16,SirAnthony/mhook
111,ShowJoy-com/showjoy-blog
678,SalomonBrys/Kodein
997,SpinyTech/ModularizationArchitecture
50,SWY1985/CivOne
24,Sigmanor/Crypto-Notepad
68,Seedin/ConsulHelper
12,SteeltoeOSS/Tutorials
317,SegmentFault/deploy-robot
48,STIXProject/openioc-to-stix
28,SheetJS/jxls
534,SimpleSoftwareIO/simple-qrcode
26,SparkTC/spark-ref-architecture
76,SeaHOH/GotoX
284,SharpRepository/SharpRepository
54,SidRoberts/phalcon-cron
253,SharePoint/PnP-JS-Core
28,SmileXie/dianping_crawler
238,Sybio/GifCreator
178,Srar/AlipayF2F
111,SmartThingsCommunity/Documentation
126,StoneGroup/stone
712,SilenceIM/Silence
20,SilentButeo2/webgrabplus-siteinipack
115,StephenWalther/MovieAngularJSApp
98,SimpleMobileTools/Simple-File-Manager
25,SafranCassiopee/php-metar-decoder
18,Song-Li/dynamic_fingerprinting
209,Sneezry/Dualx
57,Shadowss/TravianZ
201,Smile-SA/elasticsuite
143,SlashDevin/NeoGPS
103,SpigotMC/SpigotCraft
477,SamyPesse/devos
372,SunLiner/Floral
64,SegmentFault/phar-sample
18,SchumyHao/homeassistant
25,StudioJunkyard/LibreICONS
238,Sybio/GifCreator
129,StijnBrouwer/vox2png
105,SebastianSzturo/dokku-cli
64,Showfom/Affinity
159,Superviral/Pokemon-GO-App-Assets-and-Images
254,SublimeGit/SublimeGit
280,S2E/s2e-old
93,Shuijwan/marvel
57,SoAanyip/SolarSystem
142,SimplyY/blog
101,Swader/homestead_improved
126,StoneGroup/stone
278,SaitoWu/linner
780,SergioChan/SCTrelloNavigation
236,ScaleChain/scalechain
282,Stevie-Ray/referrer-spam-blocker
43,Sabayon/sabayon-distro
35,SmartArduino/ESPDuino
159,StevenRudenko/BleSensorTag
202,StephenGrider/ReactStarter
109,SublimeLinter/SublimeLinter-rubocop
1353,Shopify/identity_cache
1153,SamSaffron/message_bus
511,SciRuby/daru
182,SvenDowideit/dockerfiles
274,Stanko/html-canvas-video-player
266,SFantasy/WeiboReactNative
473,SublimeHaskell/SublimeHaskell
201,Screetsec/LALIN
131,Shipu/themevel
30,SmallRuralDog/lyf-vue
11,Shies/Raichu
205,Swader/nofw
19,SerafimArts/Asset
255,Stolz/Assets
199,Syonix/monolog-viewer
16,Spea/JMSSerializerModule
26,SocketCluster/sc-crud-rethink
281,SocketCluster/sc-sample-inventory
48,SeVeNDuS/node-onesignal-api
54,SmartArduino/Doit_Cloud
143,SlashDevin/NeoGPS
37,SadCreeper/laravel-blog
37,SimonSimCity/Xamarin-CrossDownloadManager
199,Syonix/monolog-viewer
16,Spea/JMSSerializerModule
255,Stolz/Assets
30,SmallRuralDog/lyf-vue
18,SpazioDati/python-dandelion-eu
34,SolidInvoice/SolidInvoice
30,Streetmage/ValidationKit
22,Solodkiy/memorize
136,SSNikolaevich/DejaVuSansCode
103,Simpsonpt/AppSecEzine
57,SinHide/shopping-cart
53,SnarkyClark/luafcgid
205,Swader/nofw
473,SteveLTN/https-portal
53,SnarkyClark/luafcgid
19,ShuaiyiLiu/sent_cnn_tf
32,ShichaoMa/custom_redis
25,StudioJunkyard/LibreICONS
24,Sappharad/mp3gainOSX
113,Stonekity/Shop
187,ScoopThemes/Oleose
41,SiberianCMS/SiberianCMS
21,Sea-n/Android-TG-Bot
24,Stichoza/font-larisome
23,SalmonProject/GhostPost
166,SheetJS/js-crc32
438,Seldaek/php-console
511,SciRuby/daru
1135,SassDoc/sassdoc
688,Staffjoy/suite
426,Shinpeim/process-book
34,SolidInvoice/SolidInvoice
1751,SimpleRegex/SRL-PHP
23,SuperAL/splice
13,Snowhere/game
19,ScreepsQuorum/screeps-quorum
12,SevenOutman/CodeIgniter-Weixin_Library
576,SammyK/LaravelFacebookSdk
22,SFLAQiu/SpiderDemo
35,ShaneXie/DouyuTv-Chatroom-Electron
60,ShyykoSerhiy/vscode-spotify
22,SFLAQiu/SpiderDemo
12,Seaony/WangEditor
140,Safari-FIDO-U2F/Safari-FIDO-U2F
592,SlackKit/SlackKit
13,SRI-CSL/libpoly
536,Snowfire/Beautymail
14,SeraphStudio/library
39,SegmentFault/SimpleFork
168,Seanwong933/WeChat
126,Soullivaneuh/composer-versions-check
46,SAPDocuments/Tutorials
69,ScullWM/translala
87,SidiGi/bitrix-info
35,Silverquark/i3PlusPlus
15,SoumitraAgarwal/NBA-faces
109,SteelSeries/gamesense-sdk
42,SymfonyLive/paris-2017-talks
60,ServerPilot/API
956,SublimeText/Origami
149,ScanNet/ScanNet
52,SinoThomas/Ionic2-ScrollableTabs
54,SHA2017-badge/Firmware
133,SocialiteProviders/Manager
121,Steppschuh/RemoteControlServer
63,Sunnyyoung/Farbox-NexT
77,SalmaanP/samacharbot2
12,Squarific/Paint.js
55,Sarjuuk/aowow
336,SwiftyWang/FingerColoring-Android
108,ShaneWilton/sublime-smali
364,ShenXuGongZi/FanHaoSearch
43,Srar/189CloudLinkTools
114,Seitanas/kvm-vdi
242,Shopify/kubernetes-deploy
35,Silverquark/i3PlusPlus
15,SoumitraAgarwal/NBA-faces
109,SteelSeries/gamesense-sdk
536,Snowfire/Beautymail
39,SegmentFault/SimpleFork
445,SierraSoftworks/Iridium
80,SpeedPHP/speed
1751,SimpleRegex/SRL-PHP
101,SpiderLabs/SQLol
272,SpiderLabs/MCIR
35,SurpassRabbit/ReactNavigationDemo
264,Shopify/js-buy-sdk
489,Shopify/semian
101,Shinpeim/NekogataDrumSequencer
29,SalmanAA/wordifyfa
25,Suyash458/SoftwareOscilloscope
92,Sean-Der/Therac
36,Sollace/MAtmos
74,Smoothieware/Smoothieboard
65,Souhardya/WarChild
199,Syonix/monolog-viewer
16,Spea/JMSSerializerModule
255,Stolz/Assets
17,Shies/easy-tips
18,SSLMate/tlsconfigguide
12,StrangeLoopGames/EcoModKit
78,SkyTreasure/Airbnb-Android-Google-Map-View
63,Sunnyyoung/Farbox-NexT
1449,Shmoopi/iOS-System-Services
17,Shies/easy-tips
156,SimonWaldherr/micromarkdown.js
32,SpeedPHP/manual
18,ShonLin/QuickDevFramework
18,Sylius/SyliusPromotionBundle
19,StephanWagner/mBox
21,Snawoot/php-storageless-sessions
40,SeverinDK/moment-timer
438,Seldaek/php-console
477,SermoDigital/jose
11,Shies/Raichu
151,StephenPower/CollectorCity-Market-Place
341,SergioChan/SCTableViewCell
196,Semantic-Org/Semantic-UI-CSS
924,SwiftGGTeam/Developing-iOS-9-Apps-with-Swift
91,Sopamo/vue-online
40,SeverinDK/moment-timer
30,SmallRuralDog/lyf-vue
263,SmItH197/SteamAuthentication
924,SwiftGGTeam/Developing-iOS-9-Apps-with-Swift
12,ScottKolo/GoProjects
137,Sammaye/MongoYii
19,StephanWagner/mBox
21,Snawoot/php-storageless-sessions
40,SeverinDK/moment-timer
12,SetBased/php-audit
62,Shougo/deoppet.nvim
391,Shopify/graphql-batch
32,Shopify/rotoscope
11,SaujanyaReddy/Aspect-Based-Sentiment-Analysis-IRE-Major-Project
283,Supervisor/superlance
46,Shopify/measured
22,Shopify/measured-rails
415,Sology/smart_listing
96,SeasideSt/Seaside
53,SamVerschueren/clean-regexp
808,SamSaffron/memory_profiler
53,StephenCleary/AspNetBackgroundTasks
95,SamVerschueren/alfred-fkill
856,SwiftKitz/Appz
242,Shopify/kubernetes-deploy
54,SHA2017-badge/Firmware
133,SocialiteProviders/Manager
43,SMWARREN/SWEventsPrototypeApp
18,Siriolabs/Wings-of-the-Points
75,SpongeBobSun/Prodigal
64,Showfom/Affinity
72,Slacken/cdn
71,Samsung/ChromiumGStreamerBackend
67,S1lentium/IPTools
16,SidneyXu/templates
51,ScutGame/Scut-samples
27,SmarkSeven/socket
71,SerhoLiu/CodeShare
808,SamSaffron/memory_profiler
93,Sembiance/email-validator
210,SSENSE/vue-carousel
14,Shanlovana/AndroidStudy
14,Streetwise-Media/Froala-Image-Caption
24,SEA-group/RAA
38,SunilSpaceo/SKInputClass
29,STORIS/material-ui-scrollable-tabs
150,ShikemokuMK/tyranoscript
35,SimonDEvans/notes
576,SammyK/LaravelFacebookSdk
199,Syonix/monolog-viewer
74,Sen/shadowsocks-ruby
21,SaschaNaz/libflif.js
265,SIPp/sipp
11,SaraVieira/styleguide-driven-development
199,Syonix/monolog-viewer
16,Spea/JMSSerializerModule
255,Stolz/Assets
127,Solartisan/TurboRecyclerViewHelper
888,ShamylZakariya/StickyHeaders
12,Stephen1993/vue-datetime
203,StephenGrider/MongoCasts
12,SkaterDad/cycle-snabbdom-examples
438,Seldaek/php-console
165,SimpleSoftwareIO/simple-sms
25,ShinDarth/Nestable
12,Seaony/WangEditor
50,SachinAgarwal1337/google-places-api
29,Stolz/laravel-schema-spy
18,SimonCY/CYPromptCover
200,Stormotion-Mobile/LUNSegmentedControl
540,SamWM/jQuery-Plugins
137,Sammaye/MongoYii
179,SketchUp/sketchup-stl
64,SimonRit/RTK
263,SmItH197/SteamAuthentication
559,SimonVT/android-numberpicker
109,SteelSeries/gamesense-sdk
417,SecUpwN/Spotify-AdKiller
1751,SimpleRegex/SRL-PHP
156,SamSaffron/graphite_docker
62,Shougo/deoppet.nvim
50,Shougo/defx.nvim
131,Shougo/echodoc.vim
284,SYWorks/waidps
121,Steppschuh/RemoteControlServer
11,Shies/Raichu
35,Silverquark/i3PlusPlus
15,SoumitraAgarwal/NBA-faces
109,SteelSeries/gamesense-sdk
220,Schnouki/spop
133,Seeed-Studio/PN532
445,SierraSoftworks/Iridium
15,SkyFire/SkyFireEMU
92,Sylius/SyliusResourceBundle
12,SetBased/php-audit
89,Swift-AI/NeuralNet
176,Seeed-Studio/CAN_BUS_Shield
23,Semantic-Org/Semantic-UI-Angular2
30,Sunnyyoung/WeChatTweak-iOS
20,Stratoscale/skipper
383,SoftInstigate/restheart
11,ShadowsocksR-Live/shadowsocksr-libev
21,Sea-n/Android-TG-Bot
67,S1lentium/IPTools
12,Sannis/protobuf2json-c
199,Syonix/monolog-viewer
302,SLaks/Silon
65,SwiftForWindows/SwiftForWindows
45,ScriptFUSION/Mapper
171,Sean1708/rusty-cheddar
30,Sunnyyoung/WeChatTweak-iOS
47,SamirHodzic/ngx-youtube-player
956,SublimeText/Origami
738,SullyChen/Autopilot-TensorFlow
227,Sandra/Sandra.Snow
178,Secretmapper/combustion
48,ShabbyX/libpandoc
261,SimplyWallSt/Company-Analysis-Model
583,SteveVitali/react-form-generator
161,SevenOutman/vue-aplayer
264,Shopify/js-buy-sdk
409,Sology/maily_herald
37,SadCreeper/laravel-blog
485,Screenly/screenly-ose
81,Stewori/JyNI
27,S-mohan/mo-css
296,ShawnLin013/NumberPicker
536,Snowfire/Beautymail
922,Slyce-Inc/SlyceMessaging
13,SynHub/syn-speech
150,Southpaw-TACTIC/TACTIC
77,ShopifyExtras/PHP-Shopify-API-Wrapper
422,Swati4star/Travel-Mate
11,Seeed-Studio/IRSendRev
89,Skycrab/cham
213,ScriptArtist/Scalable
91,SimpleBus/SymfonyBridge
20,SimpleBus/DoctrineORMBridge
89,StephenHaney/Swift-Custom-Events
489,Shopify/semian
1353,Shopify/identity_cache
583,Shopify/ejson
129,SamSaffron/pups
12,SwiftAI/CoreML
112,Semantic-Org/Semantic-UI-LESS
48,SocialiteProviders/Weixin
358,STShenZhaoliang/STPickerView
75,SidKwok/github-explorer
16,SunboX/mootools-database
1059,SOASTA/boomerang
14,SunnyMarkLiu/Maven-Spring-SpringMVC-Mybatis
416,Specro/Philter
13,Sirokujira/python-pcl
125,StephenGrider/WebpackCasts
211,Semantic-Org/Semantic-UI-Meteor
21,Spudley/ApacheLogIterator
11,Someant/chatandbarrage
223,SwiftBrain/awesome-CoreML-models
1208,Schepp/box-sizing-polyfill
29,SandroMiccoli/code2pixels
47,SupremeTechnopriest/react-idle-timer
32,SUKOHI/Surpass
83,SmallMonster77/LrdSuperMenu
21,SoolyChristy/SoolyMoment
1094,SwiftyJSON/Alamofire-SwiftyJSON
2214,Skyscanner/SkyFloatingLabelTextField
24,Silence-GitHub/CoreAnimationDemo
42,STShenZhaoliang/SwiftDrawRect
135,STShenZhaoliang/STPhotoKit
76,Soulghost/SGPhotoBrowser
16,SmallSharpToolsOpenSource/CircleButton
35,SmeilKun/BilibiliAv
12,SergioRAgostinho/five_point_algorithm
27,Suzhibin/ZBNetworking
27,Suzhibin/ZBNetworking
507,SteveBarnegren/TweenKit
59,SwiftEducation/SwiftEducation.github.io
45,SlowDony/SDTagsView
43,Spriter/SwiftyHue
294,StyleShare/SSBouncyButton
148,SwiftArchitect/TGPControls
30,Shaninnik/PWSwitch
62,SwiftGGTeam/GGHexo
87,Somnibyte/MLKit
33,Snoopy008/SelectVideoAndConvert
50,SongJiaqiang/EvoRadio
45,SlowDony/SDTagsView
148,SwiftArchitect/TGPControls
757,SimonFairbairn/SwiftyMarkdown
56,SwiftOldDriver/ObjectMapper-CN-Guide
59,SilenceL/My_GitHub_Res
294,StyleShare/SSBouncyButton
1861,Spaceman-Labs/SMPageControl
1402,SebastianBoldt/Jelly
311,Shuangzuan/RCTRefreshControl
956,SwiftValidatorCommunity/SwiftValidator
19,SintraWorks/ActionSheetController
1038,StefanLage/SLPagingView
80,StevenPreston/sscalendar
1861,Spaceman-Labs/SMPageControl
12,SummerHH/swift3.0WeBo
23,SwiftOldDriver/SwiftHomework
19,SwordZJ/LZSwipeableView
90,Sunnyyoung/MJPhotoBrowser
2136,Sephiroth87/ODRefreshControl
48,SimbaHJ/30DaysToLearnSwift
70,Sunnyyoung/SYPhotoBrowser
48,SplashZ/YJFavorEmitter
296,SwiftStudies/Duration
16,SuJunming/blog
576,SSA111/SSASideMenu
19,StormBit/Neptune
20,Say-hi/wx-Map
757,SimonFairbairn/SwiftyMarkdown
1861,Spaceman-Labs/SMPageControl
48,SplashZ/YJFavorEmitter
219,SoAanyip/React-FileUpload
42,Schnocker/HLeaker
385,SergioChan/SCCatWaitingHUD
18,Shaderboy/ShaderToyToUnity
362,ShadyElyaski/ios-filter-control
956,SwiftValidatorCommunity/SwiftValidator
1219,SocialObjects-Software/AMSlideMenu
576,SSA111/SSASideMenu
168,Shopify/mobile-buy-sdk-ios
49,Stan-Ost/TableViewMVVM
135,Spaceman-Labs/Dispatch-Cancel
76,Shashikant86/XCFit
1402,SebastianBoldt/Jelly
56,SurpassRabbit/react-native-learn
757,SimonFairbairn/SwiftyMarkdown
1402,SebastianBoldt/Jelly
42,StephenZhuang/MJPhotoBrowser
49,Stan-Ost/TableViewMVVM
24,SquarePants1991/OpenGLESLearn
39,SurpassRabbit/react-native-BaiSi
33,Snoopy008/SelectVideoAndConvert
20,SwiftFS/Swift-FS-China
288,StylingAndroid/ViewPagerAnimator
45,SSiming/WKWebViewDemo
119,STShenZhaoliang/XCFAPP
42,Squarelogic/InfiniteScrollDialExample
39,SurpassRabbit/react-native-BaiSi
49,Stan-Ost/TableViewMVVM
96,SatanWoo/BuTaiMeng
385,SergioChan/SCCatWaitingHUD
51,SLAUC91/AntiCheat
143,Semantive/waveform-android
13,Satish/TableViewCustomEditControl
174,Smartling/ios-i18n
219,SoAanyip/React-FileUpload
48,SplashZ/YJFavorEmitter
362,ShadyElyaski/ios-filter-control
70,Sunnyyoung/SYPhotoBrowser
988,SocialObjects-Software/SOMotionDetector
12,STeamYue/SuperPoweredAudioMusicPlay
23,StephenGrider/ElectronCode
94,Siguza/ios-resources
14,Siguza/ios-scripts
18,Sweefties/iOS9-NewAPI-3DTouch-QuickActions-Example
2136,Sephiroth87/ODRefreshControl
18,SeanXiao1988/iOS-ZombieDetector
546,SvenTiigi/STLocationRequest
32,SwiftAI/DIYRefresh
2136,Sephiroth87/ODRefreshControl
57,SinaVDDeveloper/demo
1219,SocialObjects-Software/AMSlideMenu
61,SCUBSRGroup/OLLVM_Deobfuscation
2136,Sephiroth87/ODRefreshControl
48,SimbaHJ/30DaysToLearnSwift
45,SwiftGen/StencilSwiftKit
208,Swinject/SwinjectMVVMExample
32,SebastianBoldt/Terminal-Cheatsheet
95,Skyvive/Swiftstraints
238,SureCase/WaterfallCollectionView
51,Sajjon/SwiftIntro
70,Steveice10/GameYob
13,SiKang123/LiveTest
17,SchibstedSpain/Sencha
387,StevenByle/Android-Material-Themes-Demo
202,SwiftKitz/Datez
637,Shougo/vimfiler.vim
222,Shmoopty/rpi-appliance-monitor
277,StationQ/Liquid
18,Salmen2/FaucetHub-Faucet
223,Spotifyd/spotifyd
778,SummitRoute/osxlockdown
26,Spacebrew/spacebrew.js
19,SumiMakito/hexo-theme-typography
130,Sharlaan/material-ui-superselectfield
743,SwiftAndroid/swift
634,SimplicityMobile/Simplicity
31,SparkPost/java-sparkpost
490,Sephiroth87/Crayons
11,Sweefties/iOS10-NewAPI-UserNotifications-Example
22,StylingKit/StylingKit
49,SebKuzminsky/pycam
28,ShinobiCCTV/Shinobi
218,Shinpeim/introduction-to-git
12,SoySauceLab/CollectionKit
41,Swinject/SwinjectAutoregistration
15,Stitch7/Tetromino
211,StefanLage/SLPagingViewSwift
634,SimplicityMobile/Simplicity
18,Stan-Ost/DRHTableViewTutorial
109,Sufi-Al-Hussaini/Swift-CircleMenu
12,SoySauceLab/CollectionKit
40,Shannon-s-Dreamland/DropdownMenu
113,Semantic-Org/Semantic-UI-Rails-LESS
58,SwiftyBeaver/AES256CBC
63,Swinject/SwinjectStoryboard
102,SQLStreamStore/SQLStreamStore
35,SwiftLiu/LPRefresh
114,Shopify/shopify_django_app
190,SSA111/SSASwiftReachability
39,SwiftyBeaver/SBWebsite
204,Simperium/simperium-ios
100,SteveyO/Hue-Emulator
634,SimplicityMobile/Simplicity
634,SimplicityMobile/Simplicity
347,Seanba/Tiled2Unity
52,SubnauticaNitrox/Nitrox
79,Skykai521/InstagramPhotoPicker
19,SpectralDragon/LightRoute
100,ShawnFoo/SwiftWebViewBridge
413,Schinizer/RxUnfurl
634,SimplicityMobile/Simplicity
58,SebastianOsinski/SORandom
31,ShengHuaWu/SimpleApiClient
12,SmartyP/LineDiet.XamarinForms
15,Smitters/GradientProgress
58,SwiftyBeaver/AES256CBC
647,Shopify/shopify_theme
30,Shakarang/MJSnackBar
15,Smitters/GradientProgress
67,SwiftAndroid/swift-jni
743,SwiftAndroid/swift
69,SwiftAndroid/swift-android-samples
49,SwiftAndroid/swift-android-gradle
15,SwiftAndroid/swift-android-extras
31,SwiftAndroid/libiconv-libicu-android
24,S64/android-navigation-bar-view
31,S64/android-animated-toolbar
12,StephenVinouze/MaterialNumberPicker
29,SeptiyanAndika/LoadingButton
20,SunnySunning/Downloader
63,Swinject/SwinjectStoryboard
200,SD10/Nora
21,S-PRO/smart-contracts-example
19,S-PRO/simple-ethereum-balance
16,ShelinShelin/XLHUD
28,Super-lying/MenuDemo
88,ScottSmith95/Decode-for-Ghost
123,Seitk/UIView-Shadow-Maker
123,Seitk/UIView-Shadow-Maker
63,Swinject/SwinjectStoryboard
54,Shopify/BUYPaymentButton
211,StefanLage/SLPagingViewSwift
16,ScottyLabs/course-api
657,SilenceDut/NBAPlus
41,Swinject/SwinjectAutoregistration
256,Saketme/Better-Link-Movement-Method
60,SummerHF/AFNetworking-
73,Samsung/cordova-plugin-toast
15,Smitters/GradientProgress
42,SaMnCo/docker-neuraltalk2
330,StephenGrider/AdvancedReduxCode
41,SwiftStudies/Swift-2.2-to-3.0-RegEx
16,ShelinShelin/XLHUD
12,SamuelZhaoY/ios-emojikeyboard
11,ScaleDrone/webrtc
16,ShelinShelin/XLHUD
2633,Shougo/unite.vim
15,Skyscanner/aiotask-context
26,SensingKit/SensingKit-iOS
25,SensingKit/SensingKit-Android
385,ScottyBauer/Android_Kernel_CVE_POCs
65,SeleniumHQ/selenium-ide
21,Spijkervet/godfather
121,ShyHornet/keyBoardPopUpDemo
60,StyleShare/swift-style-guide
85,Sarcasm/company-irony
636,Sarcasm/irony-mode
19,ShudaLi/HDRFusion
831,Split82/HMGLTransitions
15,Smitters/GradientProgress
20,Sunama/VEVideoEditor
166,SusionSuc/Boring
21,SuperID/superid-ios-sdk
100,SteveyO/Hue-Emulator
13,SwagArch/swagarch-build
447,SQiShER/java-object-diff
86,Sunnyyoung/SYFlatButton
19,SpectralDragon/LightRoute
166,SusionSuc/Boring
15,Smitters/GradientProgress
209,SwiftGit2/SwiftGit2
132,Smartype/iOS_VPNPlugIn
26,Seeed-Studio/Gesture_Recognition
25,SteveBarnegren/SBCardPopup
19,SchedulesDirect/JSON-Service
44,SunnyLi/videojs-ass
48,Stanko/animated-scroll-to
545,SteveSanderson/knockout.mapping
38,StraToN/godot-dialogtreetools
68,Shopify/browser_sniffer
28,ServiceNow/example-restclient-myworkapp-nodejs
11,SteveAzz/uuid-lesson
23,SeleniumHQ/mobile-spec
171,SpoinkyNL/Artemis
819,SpencerCDixon/redux-cli
13,SolarSupremacy/sOS
28,Synacktiv/stuffz
44,Stanko/react-animate-height
31,StackStorm/hubot-stackstorm
28,StackStorm/st2-docker
16,SendOTP/SendOTPAndroid
57,StarPlugins/thumbelina
67,StoutLogic/acf-builder
30,Shopify/buy-button-js
364,Storj/core
12,SorbetRed/Vagrant-LEMP-16.04
63,Superbalist/laravel-google-cloud-storage
108,SublimeText/Mote
182,Shougo/neosnippet-snippets
29,Squarespace/base-template-npm
21,Shopify/shopify-php
13,Setasign/FPDI-TCPDF
106,SocialEngine/rancher-cron
420,SoapBox/linkifyjs
84,SAFE-Stack/SAFE-Nightwatch
420,SoapBox/linkifyjs
217,SAP/iot-starterkit
28,SpiralOutDotEu/dockervel
1189,SpiderOak/crypton
65,SmoDav/mpesa
1188,SC5/sc5-styleguide
70,SpaceNetChallenge/utilities
11,SuperdeskWebPublisher/SWPMultiTenancyBundle
29,Schnouki/pympress
144,SergeyTsalkov/meekrodb
356,SoftwareDefinedBuildings/btrdb
1190,Shopify/superdb
381,Sjeiti/TinySort
13,Scooletz/SewingMachine
92,Screetsec/BruteSploit
37,Shopify/hosted-payment-sim
39,Surge-ee/SurgerEE
97,SinanMtl/vue-rate
91,SeleniumHQ/fluent-selenium
52,SpaceG/glas
81,Schreiber-und-Freunde/porky
208,StydeNet/html
142,StephenGrider/JSPlaygrounds
20,ShyPixie/steam-tools
16,SuperHouse/BasicOTARelay
109,Sensory/alexa-rpi
60,SteamDatabase/GameTracking-Dota2
35,SonarSource/sonarlint-visualstudio
16,ScumPetard/Operator-Mono
35,StartApp-SDK/StartApp_InApp_SDK_Example
68,StartApp-SDK/Documentation
13,StartApp-SDK/StartApp-InApp-iOS-Example-App
30,Soben713/Twizhoosh
65,SmoDav/mpesa
44,Storj/awesome-storj
12,Serasidis/STM32duino
123,Squidex/squidex
19,SECTHEMALL/secthemall
82,SmartIdentity/smartId-contracts
25,Sdedelbrock/node-expedia-api
154,SITZ/JobPuzzles
60,SteveSanderson/generator-ko
41,SuperCuber/dotter
16,SunPower/Carousel
38,Symplify/EasyCodingStandard
13,Stoeoeoe/godot_data_editor
17,ShadowApex/godot-go
16,Shopify/hotshot
31,Sebwite/magento2-category-sidebar
13,SebastianEberlein/kirby-resize-on-demand-plugin
552,StoicLoofah/chronoline.js
28,Swydo/meteor-graphql
208,SublimeLinter/SublimeLinter-jscs
13,Smartrak/mapbox-gl-js-typescript
95,SmartGecko/GovernorFramework
16,Sammers21/math_stat_python
260,SharePoint/sp-dev-fx-webparts
15,Sintattica/atk
151,SwingTix/bookkeeper
46,SunGard-Labs/angular-packery
62,SuJunming/rc-admin
134,Scine/Powershell
22,SierraSoftworks/Skmatc
647,SolrNet/SolrNet
190,SoapBox/laravel-formatter
12,SteveyPugs/fixy
17,Slynova-Org/node-flydrive
22,SiarheiMelnik/karate
13,SabatinoMasala/vue-simple-floating-labels
83,SzymonPobiega/DDDSample.Net
63,Suchiman/SerilogAnalyzer
20,ScriptFUSION/whatigot.bash
39,SaraSoueidan/horizontal-portfolio-layout
125,SocketCluster/socketcluster-client
178,Shopify/shopify.github.com
997,ST-Apps/PoGo-UWP
51,ShellShoccar-jpn/kotoriotoko
13,SiliconLabs/thunderboard-android
36,Sishin/MapLocation
190,SoapBox/laravel-formatter
48,SharePoint/sp-dev-fx-extensions
89,Spreads/SignalW
85,Sahadar/pubsub.js
159,SharePoint/PnP-Sites-Core
190,SoapBox/laravel-formatter
29,SamirHodzic/ngx-snake
239,SimpleMobileTools/Simple-Gallery
18,Seitenbau/har2JMeter
24,Stoom/RService.IO
40,StefanKarpinski/Pkg3.jl
11,SimonDanisch/MakiE.jl
46,SSLMate/caa_helper
33,Sly777/Chat-Tutorial-with-Node.js--Socket.io-and-Express
16,SamEm/Bug-Bot
178,Shopify/shopify.github.com
178,Shopify/shopify.github.com
36,SunnyBat/PAXChecker
29,SamirHodzic/ngx-snake
37,SzymonPobiega/NHibernate-Deep-Dive
48,SocialExplorer/FastDBF
30,SideraX/node-facebook-chat
13,ShawnMcCool/laravel-vanilla-integration
41,StefH/KendoGridBinderEx
159,SharePoint/PnP-Sites-Core
119,SoCreate/angular-playground
109,Sicos1977/MSGReader
26,Shadez/ls-notifier
339,ServiceManager/ServiceManager
26,Shadez/ls-notifier
29,SamirHodzic/ngx-snake
35,SSHCure/SSHCure
227,SodhanaLibrary/jqGifPreview
29,SamirHodzic/ngx-snake
29,SamirHodzic/ngx-snake
29,SamirHodzic/ngx-snake
64,ShaneK/Matador
93,SimonDEvans/takt
256,Shanfan/Illustrator-Scripts-Archive
19,Slicejack/mail-portfolio
74,Sailias/bitcoin_payable
219,SirCmpwn/Craft.Net
285,SirCmpwn/RedditSharp
325,SharePoint/PnP-PowerShell
101,SuperElastix/SimpleElastix
18,SuperElastix/elastix
90,Skulltrail192/One-Core-Api
22,SmallComfort/react-vue-loader
18,SeaCloudsEU/SeaCloudsPlatform
11,SharePoint/sp-dev-fx-controls-react
21,Sberned/spring-flow-statemachine
21,Sberned/spring-flow-statemachine
57,Shapeshift-Public/ShapeShift-Skeleton
27,SqrTT/prophet
765,Suor/django-cacheops
113,SnaKKo/Fossdroid-Core
18,SecurityInnovation/Holodeck
188,SchibstedSpain/Barista
26,SoumitraAgarwal/Golfer-face-analysis
111,SimenB/add-asset-html-webpack-plugin
76,SaraVieira/postcss-caralho
119,SoCreate/angular-playground
218,Swatto/td
157,SharePoint/PnP-Tools
96,Shen-Language/shen-sources
375,SublimeTextIssues/Core
164,SRombauts/UE4GitPlugin
44,SodiumFRP/sodium-typescript
15,SiddharthPant/booky
100,StefH/System.Linq.Dynamic.Core
108,Shazwazza/ClientDependency
29,SamirHodzic/ngx-snake
99,SnowflakePowered/snowflake
117,SkyNet3D/Marlin
66,SamyPesse/draft-js-code
189,Sude-/lgogdownloader
205,Siyfion/angular-typeahead
171,ScottMansfield/nanolog
91,SaturnsVoid/GoBot2
18,SpawW/zabbix-templates
269,SpriteLink/NIPAP
36,SkyzohKey/Konv
28,SUSE-Cloud/automation
12,SamuelSchlesinger/HaskellTutorial
14,SparkysWidgets/MinipHBFW
11,SergeyParamonov/habr-analytics-internal
52,SonarSource/sonar-scanner-gradle
55,StephenGrider/GoCasts
33,Snapkite/snapkite-engine
62,Se7endAY/grub2-theme-vimix
62,Se7endAY/grub2-theme-vimix
47,SimpleMobileTools/Simple-Draw
100,Shahroz16/material-searchview
104,Sepero/temp-throttle
26,Spinoco/fs2-kafka
83,SimonWaldherr/GolangSortingVisualization
29,Sriharia/SHAREthem
41,Sandrem/FlyCasual
32,SchrodingersGat/KiBoM
14,SonarSystems/Cocos2d-x-Multi-Device-2.0
29,SaschaWillems/dglOpenGL
809,SublimeText/TrailingSpaces
38,ShaneMcC/beeps
51,SphereSoftware/objstore
122,Siv3D/OpenSiv3D
17,SlyMarbo/gmail
334,Scalingo/go-graceful-restart-example
113,StefanKopieczek/gossip
13,SidRoberts/phalcon-authmiddleware
13,Sandex/PhemoApp
19,Skarlso/goprogressquest
223,SELinuxProject/selinux
13,ShyykoSerhiy/spotilocal
104,SimonRichardson/wishful
25,SwiftJava/swift-android-samples
45,SignalK/signalk-server-node
45,SignalK/signalk-server-node
16,StefanKjartansson/drf-react-skeleton
