18,Trumeet/RedirectStorage
4009,TrinityCore/TrinityCore
2277,Tencent/xLua
416,TylerBrinkley/Enums.NET
2104,Topshelf/Topshelf
114,TheOfficialFloW/NoNpDrm
105,TorchSpigot/Torch
2036,TKkk-iOSer/WeChatPlugin-MacOS
186,TheMasonX/UnityPCSS
41,TheZ3ro/apk2java-linux
471,TomPallister/Ocelot
4242,Tencent/wcdb
17,Terricks/XAFBootstrap
319,Terminals-Origin/Terminals
349,Tencent/paxosstore
1374,TypeStrong/ts-node
1538,Thomvis/BrightFutures
43,Tijndagamer/mpu6050
14513,Thibaut/devdocs
485,TorchCraft/StarData
994,TorchCraft/TorchCraft
2086,TextureGroup/Texture
24731,Trinea/android-open-project
2436,Tencent/Tars
2343,Tencent/MSEC
2634,Tencent/ncnn
1157,Tencent/phxqueue
9566,Tencent/mars
90,Tessil/hopscotch-map
838,Tencent/Biny
462,Transmode/gradle-docker
177,TerryZ/SelectPage
5855,Tencent/VasSonic
177,TerryZ/SelectPage
71,TerryZ/SelectMenu
5855,Tencent/VasSonic
7071,Theano/Theano
100,TheLadders/object-calisthenics
6967,Tim9Liu9/TimLiu-iOS
7792,TTTAttributedLabel/TTTAttributedLabel
2358,Todd-Davies/ProgressWheel
109,Tim9Liu9/java_security
892,TranslucentTB/TranslucentTB
760,TommyLemon/APIJSON
760,TommyLemon/APIJSON
24105,TryGhost/Ghost
812,TryGhost/Ghost-Desktop
696,Te-k/flexidie
357,ThinkKeep/EvilsLive
12,TonyGao/Sunshine
431,Trumeet/MiPushFramework
82,Tr3jer/dnsAutoRebinding
78,TeamHG-Memex/arachnado
106,Trietptm-on-Security/Bella
1601,TheRook/subbrute
117,TophantTechnology/osprey
1601,TheRook/subbrute
105,TechMoron/EnglishClub
7843,TeamStuQ/skill-map
2565,Tencent/weui-wxss
117,TophantTechnology/osprey
117,TophantTechnology/osprey
2565,Tencent/weui-wxss
16065,Tencent/weui
3287,TooTallNate/Java-WebSocket
4382,TalAter/annyang
7843,TeamStuQ/skill-map
3333,Tencent/vConsole
1926,Tencent/phxsql
2653,Tencent/MLeaksFinder
621,TheTorProject/gettorbrowser
395,TravisFSmith/SweetSecurity
145,THIBER-ORG/userline
2305,TheAlgorithms/Python
10201,Tencent/tinker
765,TKkk-iOSer/WeChatPlugin-iOS
41,TKkk-iOSer/TKTweakDemo
582,ThinkDevelopers/PHPConChina
16065,Tencent/weui
117,Talend/tesb-rt-se
1390,TinyCrayon/TinyCrayon-iOS-SDK
1483,Tencent/phxpaxos
2263,Tencent/libco
382,ToyoDAdoubi/doubi
321,TinyLara/TinyLara
1301,TylerBrock/mongo-hacker
660,Tylous/SniffAir
3287,TooTallNate/Java-WebSocket
621,TheTorProject/gettorbrowser
354,TASVideos/BizHawk
31,Twi1ight/TSpider
17,Tr3jer/AutoHookSpider
16,ThreatResponse/mad-king
59,TheRook/CSRF-Request-Builder
96,TresysTechnology/refpolicy
2806,TheAmazingAudioEngine/TheAmazingAudioEngine
83,TyrealGray/HMIYC
48,TommyFreya/TodayWidget
494,Tivix/django-cron
98,TBXark/TKDotSegment
208,TankOs/SFGUI
874,Teaonly/android-eye
111,TangXiaoLv/Surgeon
3146,TonnyL/Awesome_APIs
3146,TonnyL/Awesome_APIs
779,Tencent/phxrpc
32,Tinysymphony/react-native-zoom-image
1501,TeamAmaze/AmazeFileManager
1060,TakuSemba/MultiSnapRecyclerView
1232,TIGERB/easy-tips
3146,TonnyL/Awesome_APIs
481,Tuhinshubhra/RED_HAWK
2554,Tencent/GT
3146,TonnyL/Awesome_APIs
3155,Tapadoo/Alerter
76,TifaTsubasa/TTReflect
2554,Tencent/GT
352,Tassandar/OSASK
25,Tony-Wang/YaYaNLP
563,Tencent/bk-cmdb
1256,Tencent/QMUI_Web
1293,Teradata/covalent
1798,Terry-Mao/goim
352,Tassandar/OSASK
2586,Tencent/WeFlow
481,Tuhinshubhra/RED_HAWK
27,TagoDR/MangaOnlineViewer
201,Tencent/HaboMalHunter
83,TyrealGray/HMIYC
23,Tr3jer/IncExtensiveList
481,Tuhinshubhra/RED_HAWK
216,Textalk/websocket-php
481,Tuhinshubhra/RED_HAWK
30,TC130/RedAlert
201,Tencent/HaboMalHunter
215,ThomasTJdev/WMD
19,TendaDigital/Tournamenter
30,TendaDigital/TournamenterApp
302,Tinche/aiofiles
2228,TeamNewPipe/NewPipe
1585,TadasBaltrusaitis/OpenFace
43,TyMaszWeb/django-cookie-law
730,TigerVNC/tigervnc
3416,Tonejs/Tone.js
38,TheRook/nsshell
275,Teradata/kylo
421,Tyilo/insert_dylib
844,Tencent/soter
481,Tuhinshubhra/RED_HAWK
37,Telecom-Design/Documentation_TD_RF_Module
382,TestLinkOpenSourceTRMS/testlink-code
730,TigerVNC/tigervnc
34,TwoMaKing/EApp
375,TwanoO67/bootstraping-ngx-admin-lte
902,TobiaszCudnik/phpquery
22,THEONE10211024/InterView
3884,Templarian/MaterialDesign
4942,Tencent/rapidjson
45,TomEke/WiiU-Title-Key
73,TimothyYe/ydict
17,TylerBackman/chemminetools
502,ThreatHuntingProject/ThreatHunting
22,THEONE10211024/InterView
224,TonnyL/Mango
904,TonnyL/PaperPlane
189,TonnyL/Light
4517,Trinea/android-common
132,Tencent/TscanCode
308,TheLarkInn/artsy-webpack-tour
49,TellH/FragmentLazyLoading
1677,TommyLemon/Android-ZBLibrary
247,TellH/Android_PullToRefreshLibrary_Collection
49,TellH/FragmentLazyLoading
1677,TommyLemon/Android-ZBLibrary
247,TellH/Android_PullToRefreshLibrary_Collection
42,TongchengQiu/webpack-best-practice
1096,Tencent/weui.js
15,TopCaver/scz_doc_copy
404,TheOfficialFloW/VitaShell
622,TooBug/javascript.patterns
627,TheAlgorithms/Java
643,TencentAPI/weui
19,TheCoinTosser/MachineLearningGoogleSeries
287,TensorFlowKR/MLJejuCamp
231,TMRh20/TMRpcm
288,Turbo87/leaflet-sidebar
388,Turbo87/sidebar-v2
85,ThatcherC/Terrain2STL
16,TATABOX42/text-mining-in-r
56,TrilbyWhite/Slider
50,Traumflug/Visolate
2595,Tencent/angel
56,TTyb/Baiduindex
509,Tufte-LaTeX/tufte-latex
129,TorrentLookup/Flixtor
90,TrackerNetwork/DestinyStatus
1039,TryGhost/Casper
108,TryGhost/Ghost-CLI
80,TryGhost/Ghost-Config
287,TheUpshot/Military-Surplus-Gear
71,TalkingData/Myna
23,TheLegendAli/DeepLab-Context2
64,TimoSaemann/caffe-segnet-cudnn5
100,TimoSaemann/ENet
196,Themaister/libfmsynth
118,Thinkgamer/Machine-Learning-With-Python
2051,TangoAgency/material-intro-screen
711,Thuzi/facebook-node-sdk
28,Teaonly/easyLearning.io
1888,Twipped/InterviewThis
792,TheOdinProject/curriculum
18,TheOdinProject/learn_ruby
1594,TheFinestArtist/FinestWebView-Android
150,TimothyYe/godns
275,TIBCOSoftware/flogo
96,TiarkRompf/lancet
2495,TedGoas/Cerberus
13,TarekDib03/Analytics
293,TarrySingh/Artificial-Intelligence-Deep-Learning-Machine-Learning-Tutorials
395,TomAugspurger/effective-pandas
51,Tyrrrz/CliWrap
34,ThomDietrich/openhab-config
3010,Turfjs/turf
3010,Turfjs/turf
26,TelerikAcademy/Object-Oriented-Programming
20,Tencent-YouTu/Python_sdk
54,ToManage/TM-CRM_ERP
2009,TMCoding/Plantation
25,TMTS/Android-automation
12,ThunderousFigs/Genomes
35,TheMapSmith/color-tools
871,Theodeus/tuna
17,TPSully/SRTM2STL
17,Tibus/TouchScreen-For-NanoDLP
43,Terracorrupt/BeatDetectorForGames
120,TurningWheel/Barony
149,TES3MP/openmw-tes3mp
210,Tuxemon/Tuxemon
115,Tyriar/node-pty
311,TrumpTracker/trumptracker.github.io
1285,TypeStrong/typedoc
560,TIGERB/easy-vue
125,ThisIsNotRocketScience/GerberTools
485,TENDIGI/Starbucks
552,TheOdinProject/theodinproject
381,Tecate/bitmap-fonts
871,Theodeus/tuna
258,TooTallNate/keypress
156,TimOliver/TOActionSheet
638,TomThorpe/TTRangeSlider
25,Turkcell/BIPActionSheet
2533,TransitApp/SVWebViewController
1317,TimOliver/TOWebViewController
22,TheOriginalJosh/nativescript-weather
61,TypecastException/AspNetIdentity2GroupPermissions
57,TheCodeCleaner/MicroService4Net
323,TinyMapper/TinyMapper
1594,TheFinestArtist/FinestWebView-Android
562,TradeMe/MapMe
2040,TonicArtos/SuperSLiM
291,Tamicer/RetrofitClient
802,Tamicer/Novate
89,TakuSemba/CropMe
813,TermiT/Flycut
1888,Twipped/InterviewThis
70,TheEnigmaBlade/holo
395,TomAugspurger/effective-pandas
120,Tamicer/FastDownloader
2354,Teevity/ice
52,TheClimateCorporation/properscoring
547,TalkingData/Fregata
748,Toblerity/Shapely
17,Tudat/tudat
287,TeamHG-Memex/tensorboard_logger
235,TheThingsNetwork/ttn
14,TriangleLeft/Flashcards
36,TwentyBN/GulpIO
48,TongchengQiu/TodoList-as-redux-demo
547,TalkingData/Fregata
24,TaddyLab/deepir
150,T5750/poi
208,TomaszRewak/ML-games
1888,Twipped/InterviewThis
16,TrackDuck/attention-map
53,TheAndroidMaster/Pasta-for-Spotify
19,ThanosFisherman/WifiUtils
159,TheLarkInn/angular2-template-loader
52,ThomasHabets/monotonic_clock
25,Travis-Sun/pywin32
58,TatsuyaShirakawa/poincare-embedding
562,TradeMe/MapMe
18,ThanosFisherman/MayI
310,TadasBaltrusaitis/CLM-framework
11,TransparencyInternationalEU/lobbycal
381,Tecate/bitmap-fonts
139,TobyPDE/FRRN
13,TACC/t3pio
21,Teradata/tpcds
17,TartanLlama/etkf
32,Tasemu/Simple-PGP
394,TheTorProject/ooni-probe
133,Turistforeningen/leaflet-routing
2407,TykTechnologies/tyk
301,TonicAudio/Tonic
786,ThePhD/sol2
28,Taraflex/Brackets-Color-Highlighter
2407,TykTechnologies/tyk
1158,ThePowderToy/The-Powder-Toy
178,Twinklebear/TwinklebearDev-Lessons
619,TomorrowTodayLabs/NewtonVR
63,TheComet/ik
560,TIGERB/easy-vue
266,TwoLivesLeft/Codea-Runtime
41,TheSoftwareHouse/Kakunin
447,Tencent/Pebble
500,Triang3l/WebQuake
21,TensorWrench/lager_extras
40,Thuva4/Algorithms_Example
311,TomSwift/UIWebView-TS_JavaScriptContext
1771,TimOliver/TOCropViewController
365,Tampermonkey/tampermonkey
794,TailorDev/Watson
166,TencentAPI/weui.js
314,TypeStrong/learn-typescript
37,Turini/estoque-laravel
323,TinyMapper/TinyMapper
30,TelerikAcademy/Angular
152,TheCloudlessSky/Harbour.RedisSessionStateStore
243,TerriaJS/terriajs
667,ThrowTheSwitch/Unity
57,TheCodeCleaner/MicroService4Net
3690,TTimo/doom3.gpl
1587,TheBerkin/rant
83,TerryZ/bDialog
57,TakeoffAndroid/MaterialTabsTemplate
562,TradeMe/MapMe
562,TradeMe/MapMe
438,ThoughtWorksInc/DeepLearning.scala
304,TryEnlight/tryenlight.github.io
1081,TakuSemba/Spotlight
13,TooBug/smsGateway
287,TeamHG-Memex/tensorboard_logger
395,TomAugspurger/effective-pandas
87,TheMuppets/proprietary_vendor_oneplus
53,TerriaJS/nationalmap
327,TNG/boost-python-examples
43,Trax-air/swagger-tester
361,Toblerity/Fiona
1928,Twipped/Kalendae
1493,TargetProcess/tauCharts
19,TeamFreeHugs/Whatsapp-Chatbot
562,TradeMe/MapMe
346,TEdit/Terraria-Map-Editor
25,TaeSoo-Kim/TCNActionRecognition
81,TargetHolding/pyspark-cassandra
46,Teradata/teradataR
274,TomAugspurger/engarde
395,TomAugspurger/effective-pandas
195,TobiasBg/TablePress
130,TeamFleet/WhoCallsTheFleet
14,TheScarastic/proprietary_vendor_xiaomi
36,ThinkingTransistor/Sigma
79,TimZaman/dagstudio
263,Tencent/Fanvas
79,TimZaman/dagstudio
208,TomaszRewak/ML-games
438,ThoughtWorksInc/DeepLearning.scala
293,TarrySingh/Artificial-Intelligence-Deep-Learning-Machine-Learning-Tutorials
1357,Tencent/tmt-workflow
1110,TangXiaoLv/TelegramGallery
61,Tachone/Cgames
395,TomAugspurger/effective-pandas
293,TarrySingh/Artificial-Intelligence-Deep-Learning-Machine-Learning-Tutorials
450,TheAbhiKumar/tensorflow-value-iteration-networks
293,TarrySingh/Artificial-Intelligence-Deep-Learning-Machine-Learning-Tutorials
287,TeamHG-Memex/tensorboard_logger
36,TwentyBN/GulpIO
36,ThinkingTransistor/Sigma
387,TeamHG-Memex/eli5
174,ThoughtWorksInc/each
142,Tenchi2xh/Scurses
438,ThoughtWorksInc/DeepLearning.scala
21,ThoughtWorksInc/sbt-best-practice
438,ThoughtWorksInc/DeepLearning.scala
123,Tomtomgo/raspberry_livestream
18,TheTorProject/tor-messenger-build
18,TheTorProject/ooni-explorer
244,TooTallNate/ref
177,TheLarkInn/unity-component-specification
12,TT-Community-Suite/TorrentTrader
1216,TheMozg/awk-raycaster
2407,TykTechnologies/tyk
91,TooTallNate/node-https-proxy-agent
329,TAPevents/tap-i18n
139,TheCocoaProject/cordova-plugin-nativestorage
323,TinyMapper/TinyMapper
213,TomByrne/Flash2Svg
215,Temasys/SkylinkJS
113,TeamMaestro/angular-native-seed
88,T4MVC/R4MVC
86,Twenga/twgit
41,TheKernelCorp/NuummiteOS
14,TPei/circuit_breaker
16,Topl/Project-Bifrost
636,Tunnelblick/Tunnelblick
291,TeamWertarbyte/material-ui-chip-input
402,TokTok/c-toxcore
342,TalkingData/owl
110,TimPietrusky/background-clip-text-polyfill
565,TelegramBots/telegram.bot
100,Tanaguru/Contrast-Finder
221,TheOfficialFloW/Adrenaline
260,ThirteenAG/WidescreenFixesPack
806,Telerik-Verified-Plugins/WKWebView
148,TejasQ/basically-fullstack-graphql
2495,TedGoas/Cerberus
12,Tobi042/ionic-build-android-ci-docker
21,Teaonly/trans-torch
881,TaylanTatli/Moon
96,Tonejs/MidiConvert
479,TorontoDeepLearning/convnet
548,TrestleAdmin/trestle
99,TerribleDev/HardHat
42,TheLarkInn/compare-webpack-target-bundles
216,Templarian/ui.bootstrap.contextMenu
159,TheLarkInn/angular2-template-loader
95,ThorstenHans/ngx-electron
314,TypeStrong/learn-typescript
82,Trowel/Trowel
329,TAPevents/tap-i18n
794,TailorDev/Watson
94,Travix-International/frint
1285,TypeStrong/typedoc
362,TevinLi/amWiki
346,TEdit/Terraria-Map-Editor
1493,TargetProcess/tauCharts
79,TimZaman/dagstudio
76,TheAndroidMaster/Status
164,TryGhost/Ghost-Admin
23,Tuxilero/ABM
967,Tivix/django-rest-auth
990,TomAnthony/itermocil
881,TaylanTatli/Moon
387,TeamHG-Memex/eli5
136,ThomasKing2014/ELF-ARM-HOOK-Library
56,TronGeek/InterfaceTest
243,TerriaJS/terriajs
12,TerriaJS/magda
881,TaylanTatli/Moon
342,TalkingData/owl
342,TalkingData/owl
31,ThomasLee969/net.tsinghua
387,TeamHG-Memex/eli5
31,Taronyuu/Teamspeak3-server-manager
30,TimboKZ/discord-spoiler-bot
148,TejasQ/basically-fullstack-graphql
16,Taritsyn/LibSassHost
12,TeamLab/Gachon_CS50_OR_KMOOC
114,Trixieapp/react-virgin
114,Trixieapp/react-virgin
30,TriangleGo/gylib
262,TsingJyujing/xhamster_analysis
1031,TBXark/TKRubberIndicator
14,TomLous/databricks-spark-training
20,Thie1e/cutpointr
1001,Tibolte/AgendaCalendarView
34,Texera/texera
191,TheCoder4eu/BootsFaces-OSP
12,ThomasYeoLab/CBIG
260,TBXin/NFirmwareEditor
42,TeamCohen/TensorLog
96,TeamCohen/ProPPR
96,TeamCohen/ProPPR
54,TensorFlowNews/TensorFlow-Bitcoin-Robot
666,TheCherno/Sparky
87,TwidereProject/Twidere-iOS
35,TimDettmers/ConvE
70,TheCodeTeam/goodbye
14,TimWei/haijin_kabe
17,Tangyingqi/ReadProgress
20,Twitter-Sentiment-Analysis/R
11,TJXUNwu/Correlation-Filter-Tracking
21,TypeFox/monaco-languageclient
15,TalLannder/beego-ureg
148,TakahikoKawasaki/nv-i18n
186,Tarsnap/scrypt
337,Tarsnap/spiped
2884,TechEmpower/FrameworkBenchmarks
25,Trevelopment/MZD-AIO-TI
429,Tencent/GAutomator
176,TheHolyWaffle/TeamSpeak-3-Java-API
118,TradingPal/react-native-highcharts
268,Tigge/antfs-cli
336,TokenMarketNet/ico
231,Tate-zwt/WTSDK
64,TomGiordano/kernel_zte_blade
582,TensorFlowKR/awesome_tensorflow_implementations
207,TestingWithFrank/Frank
37,Tachone/Compiler
45,The-Panacea-Projects/Gnomenu
302,Tlaster/YourAV
26,Teradata/sqlalchemy-teradata
79,Teradata/PyTd
582,TensorFlowKR/awesome_tensorflow_implementations
582,TensorFlowKR/awesome_tensorflow_implementations
582,TensorFlowKR/awesome_tensorflow_implementations
14,Twitter-FFAC/fight-for-artistic-creativity
582,TensorFlowKR/awesome_tensorflow_implementations
226,TalAter/open-source-templates
42,TommyLau/docker-shadowsocks
47,Tichau/FileConverter
223,TabViewer/tabview
11,TamarLabs/ReDe
89,TheAlgorithms/C-Plus-Plus
1622,ThisIsDallas/Simple-Grid
192,TeXworks/texworks
33,Tiendil/utg
68,Tonyfy/LCNN_TRAIN
103,TScottJ/OpenEphyra
103,TScottJ/OpenEphyra
26,TinkerKit/TinkerKit
72,Tongcheng/DN_CaffeScript
18,ThoughtWorksInc/future.scala
192,TeXworks/texworks
486,Tencent/behaviac
264,Thinklion/WeChat
88,TencentDBA/TenDB1.1
82,TheKnightsWhoSayNi/info
157,Thoxvi/MyCar_python
21,TensorPy/TensorPy
25,Transcriptase/Game
494,ToneDen/Player
473,Tribler/self-compile-Android
19,Tie-Dan/webSite
32,Tie-Dan/Promise-generator
27,Tie-Dan/Vue
15,Tie-Dan/Es6_demo
23,Tie-Dan/React
12,Tie-Dan/games
11,Tie-Dan/wx_knowledge_base
15,Tie-Dan/wx_demo
18,Tie-Dan/Vue_music
61,Tachone/zhihu_spider
34,TrabzonHackerspace/kodla-presentations
214,Thinstation/thinstation
12,Tang-Cong/shop
11,TimeCompass/pixiv2pawoo
27,TeamHG-Memex/scrapy-crawl-once
19,TonyReet/AutoSQLite.swift
63,Thomas-Tsai/partclone
73,TeamTwilight/twilightforest
2266,Tribler/tribler
397,TencentAPI/weui-wxss
2266,Tribler/tribler
24,ThaumRystra/character-sheet-dnd5
32,TROPHiT/UnityDeeplinks
17,TangentW/RxLoginTest
199,TimOliver/TOPasscodeViewController
22,Triggertrap/triggertrap-ios
38,ThinkBear/GrabRedPacket
31,TonyJR/TODBModel
