3798,Urinx/WeixinBot
120,UncP/Mushroom
81,UnknownShadow200/ClassicalSharp
21529,Unitech/pm2
21529,Unitech/pm2
6325,Unknwon/the-way-to-go_ZH_CN
1451,Unity-Technologies/PostProcessing
422,Unity-Technologies/NavMeshComponents
418,UltimateHackers/XSStrike
602,UnkL4b/GitMiner
95,USSCltd/dorks
69,UltimateHackers/Breacher
4927,USArmyResearchLab/Dshell
69,UltimateHackers/Breacher
133,UltimateHackers/ReconDog
99,UndeadSec/Debinject
168,UltimateHackers/Hash-Buster
1239,Urinx/iOSAppHook
3329,Unknwon/go-fundamental-programming
1239,Urinx/iOSAppHook
145,Und3rf10w/kali-anonsurf
38,UmbrelaSmart/android-stm32-dfu-programmer
14,UUGU/redis-client-app
870,Unknwon/go-rock-libraries-showcases
205,Ulauncher/Ulauncher
69,Ucer/codehaoshi
21,UnderhandedCrypto/entries
38,UmbrelaSmart/android-stm32-dfu-programmer
528,Upload/Up1
1375,UFreedom/FloatingView
651,UFreedom/FloatingText
15,UCIDataScienceInitiative/AdvancedRWorkshop
856,Unknwon/go-study-index
14,UniversalDependencies/UD_Russian-SynTagRus
1021,Unity-Technologies/ml-agents
60,Unknwon/qiniudrive
2255,Uberi/speech_recognition
1021,Unity-Technologies/ml-agents
2255,Uberi/speech_recognition
1409,Unknwon/go-web-foundation
16,UM-ARM-Lab/sdf_tools
551,Ultimaker/CuraEngine
27,UFOnaut/SimpleTabBar
23,Unidata/UDUNITS-2
205,Unidata/netcdf4-python
36,Unidata/netcdf-cxx4
126,UeiRicho/cgi-node
128,UNC-Libraries/jquery.xmleditor
551,Ultimaker/CuraEngine
20,Ultimaker/libArcus
40,Unity-Technologies/BanditDungeon
555,UE4-OceanProject/OceanProject
165,Unity-Technologies/DeLightingTool
78,UDST/pandana
2238,Urigo/angular-meteor
308,Unity-Technologies/ScriptableRenderPipeline
165,UnityCommunity/UnityLibrary
13,UAVXP/LeakNet-SDK
330,Urinx/Books
165,UmSenhorQualquer/pyforms
1486,UKHomeOffice/posters
198,UnityTechnologies/PlaygroundProject
1486,UKHomeOffice/posters
56,Unity-Technologies/XRLineRenderer
198,Unity-Technologies/GenericFrameRecorder
155,Unibeautify/unibeautify
91,UweKeim/ZetaResourceEditor
27,U-CRM/billing
102,Unity-Technologies/2d-extras
25,UrbanInstitute/pyspark-tutorials
74,UlmApi/livemap
84,Urigo/meteor-rxjs
2466,UDST/vizicities
25,UDST/urbanaccess
25,UrbanInstitute/pyspark-tutorials
11,USPTO/bulk-data-tools
1089,UnionOfRAD/lithium
96,UKPLab/emnlp2017-bilstm-cnn-crf
28,UrbanInstitute/sparkr-tutorials
15,UnivaCorporation/urb-k8s
54,Unidata/siphon
20,UniSharp/laravel-fileapi
2238,Urigo/angular-meteor
46,Urigo/Ionic2-MeteorCLI-WhatsApp
70,UltimateModuleCreator/Umc_Base
406,Unity-Technologies/EditorVR
537,Ultimaker/Cura
284,UltimateAngular/ngx-errors
124,UltimateAngular/aot-loader
124,UltimateAngular/aot-loader
17,UK-MAC/CloverLeaf
284,UltimateAngular/ngx-errors
14,USEPA/rspatial_workshop
61,Und3rf10w/Aggressor-scripts
34,UnwrittenFun/fpreact
29,U-Alberta/exemplar
27,Urinx/Iconista
154,UB-Mannheim/tesseract
89,UYEONG/NotoSans-subset
19,UCIDataScienceInitiative/PredictiveModeling_withPython
74,UltimateFishbot/UltimateFishbot
16,UptakeOpenSource/uptasticsearch
150,UoA-eResearch/hololens_facial_recognition
112,UFAL-DSG/alex
331,UKPLab/deeplearning4nlp-tutorial
71,UFAL-DSG/tgen
331,UKPLab/deeplearning4nlp-tutorial
32,Ultimaker/Ultimaker2Extended
40,UnityRPG/1-Character-Movement
12,UltimaPhoenix/luceneappengine
46,UWSEDS/LectureNotes
110,UdiliaInc/create-react-library
16,Ungsik-Yun/the-art-of-command-line
127,Urigo/meteor-client-bundler
265,UnigramDev/Unigram
17,UnityTechnologies/Presentation
37,UNINETT/SAML-tracer
531,Ulterius/server
180,Udinic/ActivitySplitAnimation
327,Urigo/angular2-meteor
112,Urigo/angular2-meteor-base
25,UltraMixer/FlexBoxFX
67,UserAndy/wechatutils
199,Urigo/angular-spinkit
84,UniversalDependencies/docs
138,UlricE/pen
67,UserAndy/wechatutils
19,UniversalOJ/UOJ-System
15,Ubiquiti-CN/auth
67,UserAndy/wechatutils
92,Ulez/DropIndicator
463,UniSharp/laravel-filemanager
31,UweKeim/ZetaHtmlEditControl
71,Unbinilium/Twist
92,UniSharp/laravel-ckeditor
41,UnrealCourse/03_BuildingEscape
504,Unity-Technologies/VolumetricLighting
366,Unity-Technologies/AssetBundles-Browser
259,UnityPatterns/ObjectPool
45,UnityTech/graph-visualizer
70,Unity-Technologies/AssetBundles-BuildPipeline
46,Unity-Technologies/unity-ads-android
22,UKHomeOffice/application-container-platform
20,UKHomeOffice/kd
123,UnaNancyOwen/Kinect2Sample
315,UnsignedInt8/LightSword
182,UgnisSoftware/ugnis
315,UnsignedInt8/LightSword
309,Unknwon/goconfig
125,UltraStar-Deluxe/USDX
114,Unknwon/wuwen.org
163,Unidata/thredds
319,Unknwon/gowalker
339,Unvanquished/Unvanquished
38,Unity-Technologies/unity-ads-ios
99,Unrepl/unravel
673,UnderwaterApps/overlap2d
115,Urigo/Ionic2CLI-Meteor-WhatsApp
276,UniMath/UniMath
509,UrbanApps/UAObfuscatedString
99,Unrepl/unravel
109,UncleJoke/JKPinTu-Swift
509,UrbanApps/UAObfuscatedString
138,Upstatement/jigsaw
56,ULAFF/notebooks
65,UshakovVasilii/gnome-shell-extension-freon
62,Upstatement/routes
90,UndefinedOffset/SortableGridField
90,UndefinedOffset/SortableGridField
113,UNOMP/unified-node-open-mining-portal
91,Unknwon/go-code-convention
34,U2FsdGVkX1/Tbo
13,UweKeim/ZetaProducerHtmlCompressor
32,Urinx/Lifeline_SilentNight
24,UsherYue/GSF
90,UnitedIncome/serverless-python-requirements
1088,Urigo/awesome-meteor
24,UsherYue/GSF
22,Unity-Technologies/MultiMaterial
57,Ultimaker/UltimakerOriginal
40,Ultimaker/Marlin
65,UXDivers/Gorilla-Player-Support
206,Unity-Technologies/HLSLcc
57,Ultimaker/UltimakerOriginal
40,Ultimaker/Marlin
137,Ubiquiti-App/UNMS
113,UNOMP/unified-node-open-mining-portal
210,Unknwon/com
21,Urinx/Device-9
969,UrbanApps/UAProgressView
39,UniSharp/laravel-settings
12,Unitech/awesome-nodejs
17,UniversaBlockchain/universa
49,UseMuffin/Trash
126,USCDataScience/sparkler
22,Unathi-Skosana/old_dotfiles
57,Ultimaker/UltimakerOriginal
40,Ultimaker/Marlin
45,Unity-Technologies/monobuildtools
65,UXDivers/Gorilla-Player-Support
67,UWSysLab/NOPaxos
12,Unitech/awesome-nodejs
53,UESTC-ACM/CDOJ
388,UsulPro/js-stack-from-scratch
16,UnderRatedBrilliance/XenforoBridge
388,UsulPro/js-stack-from-scratch
93,Upliver/FVSeatsPicker
61,Upliver/FVCustomTransition
29,Ushio/MetalFluidDemo
61,Upliver/FVCustomTransition
807,UrbanApps/UAAppReviewManager
921,UrbanApps/UAModalPanel
61,UCL/ucl-latex-thesis-templates
983,UrbanApps/Armchair
31,Upstatement/stream-manager
983,UrbanApps/Armchair
206,Unidata/MetPy
72,UncP/Giraffe
65,UrbanCompass/Snail
22,UrbanCompass/thriftlint
13,UrbanCompass/ngc-omnibox
983,UrbanApps/Armchair
983,UrbanApps/Armchair
36,UnitedRPMs/unitedrpms.github.io
34,UglyTroLL/Swicon
11,UnrecognizedSelector/JOURLRouter
983,UrbanApps/Armchair
14,UCL-CompLACS/qrsim
1255,Uncodin/bypass
26,UniSharp/laravel-filemanager-example-5.3
1228,UweTrottmann/SeriesGuide
44,UIPEthernet/UIPEthernet
53,UltimateAngular/ultimate-angular-master-src
159,Unleash/unleash
177,UnnoTed/fileb0x
81,UseAllFive/true-visibility
76,UnityPatterns/AutoMotion
129,UnityPatterns/TileEditor
157,UprootLabs/poly-flif
11,UnityRPG/3-Modifiers-And-Abilities
126,UniShared/videonotes
161,UNIT6-open/TemplateEngine.Docx
69,UltimateAngular/angular-pro-src
176,Urigo/meteor-angular2.0-socially
38,UltimateSoftware/ng6-cli
182,USPTO/designpatterns
176,Urigo/meteor-angular2.0-socially
176,Urigo/meteor-angular2.0-socially
17,ULCC/moodle-block_ilp
38,UmbraEngineering/quilljs-renderer
239,UniversalAvenue/react-compose
80,Urmuz/Yii2-All-For-Development
165,UWFlow/rmc
239,UniversalAvenue/react-compose
78,UltimateAngular/angular-fundamentals-seed
41,UltimateAngular/ultimate-angular-starter-src
26,UltimateAngular/ultimate-angular-starter-seed
155,UniversalViewer/universalviewer
20,UteroOS/utero
229,Unknwon/bra
23,Urigo/angular-meteor-docs
16,Unknwon/docker-source-study-notes
39,Unknwon/i18n
