1768,volatilityfoundation/volatility
5327,v2ray/v2ray-core
315,vk496/linset
226,vitaly-kamluk/bitscout
116,vova616/screenshot
2301,vitalysim/Awesome-Hacking-Resources
23797,vuejs/awesome-vue
6218,vahidk/EffectiveTensorflow
5178,vuejs/vue-devtools
6227,vue-bulma/vue-admin
5784,vuetifyjs/vuetify
2301,vitalysim/Awesome-Hacking-Resources
628,vaibhavpandeyvpz/apkstudio
4144,visionmedia/move.js
2219,vespa-engine/vespa
4327,vinc3m1/RoundedImageView
138,vysec/CVE-2017-8759
421,vygr/ChrysaLisp
199,vczh-libraries/Vlpp
5010,visionmedia/debug
11527,visionmedia/superagent
10429,vuejs/vuex
7357,vuejs/vue-router
4787,vuejs-templates/webpack
2903,vondear/RxTools
67,vuejs-br/br.vuejs.org
1248,verlok/lazyload
16177,verekia/js-stack-from-scratch
3250,valor-software/ngx-bootstrap
7221,vurtun/nuklear
406,voghDev/git-pushdemont
856,vanhoefm/krackattacks
4320,veltman/flubber
436,vesparny/statty
17,voluntadpear/vue-choropleth
16,vasild/cpp-ipfs-api
22,vincepeng/gameNettyDemo
202,vivkin/gason
2310,vicky002/AlgoWiki
474,viabtc/viabtc_exchange_server
17,viabtc/asnw
483,vrtadmin/clamav-devel
72,venusic/E-signature
39735,vinta/awesome-python
686,vdurmont/emoji-java
11346,vapor/vapor
438,vdobler/chart
91,vanZeben/2D-Game-Engine
4015,vnpy/vnpy
14,vojtamolda/cs193p
4015,vnpy/vnpy
112,vnpy/vnpy.github.io
3916,vfr/Reader
574,vert-x3/vertx-awesome
1137,vert-x3/vertx-examples
557,vipshop/Saturn
15,vanfanel/SDL-1.2.15-raspberrypi
1185,volkanceylan/Serenity
128,voidrank/FastMask
1039,vivian8725118/TimeLine
70,velopert/whotalk.us
966,vulhub/vulhub
344,v3n0m-Scanner/V3n0M-Scanner
966,vulhub/vulhub
366,vysec/RedTips
253,vah13/extractTVpasswords
5964,vuejs/vue-hackernews-2.0
1404,vuejs/vue-touch
71,vuejs/vue-curated
4484,vuematerial/vue-material
163,vilic/cordova-plugin-wechat
1562,vanhauser-thc/thc-hydra
344,vpnguy/ntpdos
366,vysec/RedTips
18,vulnersCom/detect-rules
214,vulnersCom/api
316,vulnersCom/burp-vulners-scanner
237,v2-dev/awesome-social-engineering
284,vim-chat/vim-chat
2151,viosey/hexo-theme-material
920,vulnersCom/getsploit
66,vulhub/MetaDockers
1110,veracrypt/VeraCrypt
32,vishnudevk/MiBandDecompiled
1386,volojs/volo
344,v3n0m-Scanner/V3n0M-Scanner
7176,vuejs/vue-cli
1396,viebel/klipse
8278,veggiemonk/awesome-docker
35,vertis/objconv
2481,vmware/clarity
2151,viosey/hexo-theme-material
45,veganshe/CodeBlock
51,vespa-engine/sample-apps
74,vizogood/Rogueware-Killer
136,vasanthk/web-security-basics
1272,vuejs-templates/webpack-simple
920,vulnersCom/getsploit
8480,vim-syntastic/syntastic
128,volatilityfoundation/profiles
171,vesche/lonely-shell
36,vulnersCom/burp-Dirbuster
72,vanhoefm/blackhat17-pocs
136,vasanthk/web-security-basics
9845,vim-airline/vim-airline
926,vczh-libraries/GacUI
58,vczh-libraries/XGac
392,veficos/reverse-engineering-for-beginners
401,vbauer/android-blogs
27,vnik5287/kaslr_tsx_bypass
117,versioneye/versioneye
32,vysec/ANGRYPUPPY
66,veramine/Detections
66,veramine/Detections
165,vysec/morphHTA
15,versioneye/versioneye-security
11,viirya/flickr_fetcher
166,vlall/Darksearch
264,verigak/progress
439,vimeo/psalm
3589,vczero/react-native-lesson
122,vim-scripts/UltiSnips
22022,vsouza/awesome-ios
791,vbuterin/pybitcointools
1037,vitalets/checklist-model
305,vvscode/js--interview-questions
617,vmware/open-vm-tools
2103,vuvuzela/vuvuzela
150,vincentbernat/rfc5077
115,veraPDF/veraPDF-library
215,vichan-devel/vichan
337,v1s1t0r1sh3r3/airgeddon
17888,videojs/video.js
1544,videojs/videojs-contrib-hls
3927,vlucas/phpdotenv
43,vsmolyakov/experiments_with_python
248,vyzo/gerbil
22022,vsouza/awesome-ios
896,vokins/yhosts
22022,vsouza/awesome-ios
144,voff12/awesome-product-thought
23,verdverm/pypge
1475,vuejs-templates/pwa
618,vuejs/babel-plugin-transform-vue-jsx
119,vim-scripts/matchit.zip
107,vim-scripts/mru.vim
15,vinaychandra/Moodle-Downloader
695,vilyever/AndroidSocketClient
180,vim-scripts/Conque-Shell
271,vinszent/gnome-twitch
373,vczh/vczh_toys
194,vipjeffreylee/QQrobot
770,veryyoung/WechatLuckyMoney
256,violentmonkey/violentmonkey
565,vslavik/winsparkle
48,vfarcic/go-demo
2298,vuejs/vue-loader
77,vbonluk/iOS_Emoji
1544,videojs/videojs-contrib-hls
22022,vsouza/awesome-ios
6946,v8/v8
169,vinnyoodles/react-native-socket-io-example
145,vsergeev/u-msgpack-python
10367,vim/vim
40,vnik5287/kernel_rop
3927,vlucas/phpdotenv
286,versatica/OverSIP
299,ververcpp/ChaZD
209,vim-latex/vim-latex
17,v-p-b/oracle_forms
620,vesche/scanless
180,viraptor/phply
239,virajkulkarni14/WebDeveloperSecurityChecklist
855,vesche/basicRAT
791,vbuterin/pybitcointools
32,vegas-cmf/core
855,vesche/basicRAT
139,vmware/burp-rest-api
10367,vim/vim
25,vanng822/gps-util
173,vusec/vuzzer
34,vitalets/awesome-smart-tv
739,vapor/fluent
92,vapor/toolbox
23,vankyver/burp-vulners-scanner
99,vortex-5/ddwrt-bwmon
144,vakuum/tcptunnel
43,vsmolyakov/experiments_with_python
886,vlucas/valitron
1023,valor-software/ng2-dragula
321,vvvv/SVG
414,vzaccaria/DynCSS
5152,visionmedia/page.js
309,vit9696/Lilu
499,vit9696/AppleALC
13,vay3t/hax0rpi
337,v1s1t0r1sh3r3/airgeddon
15,vmlaker/hello-websocket
1060,vgough/encfs
29,vinodpandey/python-port-forward
80,vvalien/win_exp
200,vuefe/vuejs.org
1128,vim-awesome/vim-awesome
41,vkostyukov/kotlin-sublime-package
2886,vmware/harbor
901,vivien/i3blocks
595,vkholodkov/nginx-upload-module
1041,variety/variety
46,valentin2105/Simplekube
85,vczero/search
10367,vim/vim
20,virqdroid/Android_Malware
610,vstakhov/rspamd
1295,v2tec/watchtower
447,vagrant-landrush/landrush
35,viraintel/OWASP-Nettacker
32,valyala/fastrpc
31,victordarras/HeavyTable.js
158,valor-software/ng2-tree
30,vrtadmin/FIRST-plugin-ida
600,vuejs/vue-test-utils
21,vuejs/vue-test-utils-jest-example
25,vue-land/test-vue-app
188,vue-land/create-vue-app
17,vladfaust/core.cr
531,vozlt/nginx-module-sysguard
82,voxpupuli/puppet-r10k
771,vozlt/nginx-module-vts
478,vesln/hippie
12,vanhoefm/apbleed
207,vanhoefm/modwifi
12,vanhoefm/apbleed
207,vanhoefm/modwifi
333,vboxme/Portable-VirtualBox
14,vah13/BurpCRLFPlugin
64,vector4wang/spring-boot-quick
2618,voronianski/flux-comparison
81,v2ray/manual
557,vimagick/dockerfiles
250,vklochan/python-logstash
4030,viljamis/responsive-nav.js
1165,vadimdemedes/mongorito
231,viliusle/miniPaint
1054,vuejs/vue-class-component
5812,visionmedia/supertest
799,voidlabs/mosaico
155,vim-scripts/AutoComplPop
75,vim-scripts/DoxygenToolkit.vim
14,varadgunjal/cs61b
67,vincentarelbundock/WDI
101,visjs/angular-visjs
29,vinjn/learn-raytracing
26,vakshorton/CreditCardTransactionMonitor
12,viniciusalmeida/jQuery.toggleModifier
46,vsl9/Sentiment-Analysis-with-Convolutional-Networks
139,vinzenz/libpypa
127,vinaygopinath/ngMeta
150,valeriomazzeo/NSString-Emoji
67,vitorabner/decoraki
31,vinayak-mehta/Movie-Recommender-System
1164,vitorfs/bootcamp
189,vladimirponomarev/authentication-in-react-apps
31,vinayak-mehta/Movie-Recommender-System
1164,vitorfs/bootcamp
162,voxpupuli/puppet-rabbitmq
921,vmware/pyvmomi
830,voxmedia/meme
291,velvia/links
947,valor-software/ng2-charts
518,valor-software/ng2-select
26,vsp4/codechef-rating-predictor
18,velopert/bitimulate
840,victorjonsson/jQuery-Form-Validator
26,viggin/domain-adaptation-toolbox
471,vieasehub/viease
1731,viewfinderco/viewfinder
2091,vitch/jScrollPane
1413,vispy/vispy
253,vmayoral/basic_reinforcement_learning
159,vinaygopinath/ng2-meta
2287,vdumoulin/conv_arithmetic
244,vincentchan/mickey
2287,vdumoulin/conv_arithmetic
4077,vmg/redcarpet
55,vain0/VainZero.Friends
355,veu/mini-tetris
216,virgo47/restful-spring-security
119,vzhong/dashboard
12,villers/HTML5_Gaming
1433,vishnubob/wait-for-it
32,vinjn/eyeMouse
12,vmware/kubernetes
1429,versionpress/versionpress
104,vbauerster/mpb
17,vaibhawvipul/WikipediaForBlinds
182,vincentbernat/dashkiosk
23,voku/simple-mysqli
190,vanetix/grunt-includes
260,vctrfrnndz/jquery-accordion
3212,vodkabears/Vide
70,voxpelli/node-connect-pg-simple
41,vinz9/FlexCHOP
249,vmware/liota
39,valdisiljuconoks/FeatureSwitch
4035,vikmeup/SCLAlertView-Swift
150,vojirt/kcf
101,vinsci/geohash
120,vedaldi/practical-cnn
39,vsternbach/angular-ts-decorators
68,venediktov/vanilla-rtb
3243,veltman/clmystery
1294,vhpoet/react-native-styling-cheat-sheet
34,vincentsarago/landsatgif
135,vivekn/sentiment-web
56,vojirt/asms
2287,vdumoulin/conv_arithmetic
2287,vdumoulin/conv_arithmetic
18,v7b1/sigmund_64bit-version
93,vadimkantorov/mpegflow
687,vcmi/vcmi
11,vencax/netlify-cms-github-oauth-provider
3818,vvo/gifify
400,villadora/express-http-proxy
3318,viatsko/awesome-vscode
250,vc3/Afterthought
42,vasturiano/d3-force-3d
165,viswanathgs/dist-dqn
508,vishnubob/python-midi
27,vmchale/project-init
17,vaibhawvipul/WikipediaForBlinds
5642,venmo/synx
1294,vhpoet/react-native-styling-cheat-sheet
616,vicky002/1000_Projects
616,vicky002/1000_Projects
132,vimeo/ABLincoln
317,vogellacompany/codeexamples-android
5642,venmo/synx
971,valor-software/ng2-file-upload
176,vintasoftware/python-api-checklist
11,vmware/likewise-open
68,vicboma1/Kotlin-Koans
85,vestrel00/android-dagger-butterknife-mvp
16,vestrel00/business-search-app-java
388,vmbrasseur/Public_Speaking
696,vitovalov/TabbedCoordinatorLayout
74,vajro/MaterialDesignLibrary
301,vicky002/TheUltimateInternshipGuide
301,vicky002/TheUltimateInternshipGuide
30,vigo/lyk-2017
693,vpaliyX/Melophile
2287,vdumoulin/conv_arithmetic
134,vladimirshlygin/framer-path
3318,viatsko/awesome-vscode
16,vbodlloyd/StereoSegmentation
1720,visionmedia/masteringnode
267,vpaliyX/PopularMovies
96,vrenkens/tfkaldi
36,val-iisc/deligan
171,vanhuyz/CycleGAN-TensorFlow
587,vesparny/angular-kickstart
3212,vodkabears/Vide
12,vishwajeetv/ParseAngular-Blogger
48,vintem/TypescriptMochaWebpackDemo
34,vahe-evoyan/armenian-phonetic
238,vaadin/expense-manager-demo
1373,verdaccio/verdaccio
118,vlio20/angular-datepicker
1942,vitalets/angular-xeditable
48,vsternbach/angularjs-typescript-webpack
298,vermiculus/magithub
21,vijos/malicious-code
26,vimac/smile-framework
189,vpaliyX/Reveal-Animations
388,vmbrasseur/Public_Speaking
1720,visionmedia/masteringnode
232,vinsol/nectarcommerce
145,viisar/brew
90,vmtk/vmtk
105,var-mar/circular_knitic
47,viromedia/viro
3394,vysheng/tg
1429,versionpress/versionpress
3318,viatsko/awesome-vscode
57,van100j/tibot
106,vasansr/pro-mern-stack
106,vasansr/pro-mern-stack
156,vapor/documentation
74,vvvvalvalval/scope-capture
345,vexe/VFW
662,vincelwt/harmony
575,vanshg/MacAssistant
143,vim-scripts/Conque-GDB
525,vladotesanovic/angular2-express-starter
24,velolala/touchosc2midi
47,viromedia/viro
14,vanry/laravel-scout-tntsearch
664,vscode-icons/vscode-icons
31,virtualopensystems/linux-kvm-arm
18,vjsai/generator-genlaravel
677,voronianski/ngActivityIndicator
6357,vasanthk/react-bits
430,voryx/Thruway
110,vkiryukhin/pretty-data
39,vsternbach/angular-ts-decorators
975,vulkano-rs/vulkano
616,vicky002/1000_Projects
206,vin-ni/hover-on-touch
616,vicky002/1000_Projects
26,victor-o-silva/db_file_storage
3394,vysheng/tg
483,vfarcic/docker-flow-proxy
1276,vuejs/vuejs.org
5642,venmo/synx
635,voghDev/PdfViewPager
3981,visualfc/liteide
284,vadymmarkov/Beethoven
14,vinay20045/vinay20045.github.io
58,victorparmar/easy-workout-log
41,vlean/shirley
1119,vuejs/vetur
687,vcmi/vcmi
16,vadym-vorobel/fullcalendar-react
43,vpaliyX/Flash
302,vinaygaba/RubberStamp
638,vanniktech/Emoji
4050,vadimdemedes/ink
1373,verdaccio/verdaccio
44,versioneye/ops_contrib
1276,vuejs/vuejs.org
1373,verdaccio/verdaccio
57,vineetchoudhary/AppBox-iOSAppsWirelessInstallation
301,vicky002/TheUltimateInternshipGuide
664,vscode-icons/vscode-icons
707,vincentbrison/vb-android-app-quality
3282,viljamis/ResponsiveSlides.js
34,victorneo/Twitter-Sentimental-Analysis
171,vanhuyz/CycleGAN-TensorFlow
48,vecxoz/vecstack
78,vlandham/scroll_demo
1046,vladikoff/grunt-devtools
85,vi3k6i5/flashtext
249,valhalla/valhalla
16,vimsical/re-frame-utils
35,vimsical/subgraph
25,vvinhas/react-series
195,vivchar/RendererRecyclerViewAdapter
838,vhesener/Closures
433,vitorgalvao/alfred-workflows
382,vinhkhuc/MemN2N-babi-python
67,vyraun/chatbot-MemN2N-tensorflow
52,vuejs/vue-router-demos
17,vimalavinisha/angular2-image-popup
545,venshine/WheelView
25,volvet/h264extractor
102,vsimon/webrtcbuilds
139,vqv/ggbiplot
616,vicky002/1000_Projects
74,vadimkantorov/fastvideofeat
284,vadymmarkov/Beethoven
134,viciousviper/DokanCloudFS
12,vadimf/phonegap-audio-payer
12,vudung45/FaceRec
18,vovayatsyuk/magento-alsoviewed
84,vladmihalcea/vladmihalcea.wordpress.com
626,vinniefalco/DSPFilters
171,venusdrogon/feilong-core
17,vxy10/P4_AdvancedLaneFinding
667,vividvilla/csvtotable
501,vicalloy/LBForum
53,vicalloy/lbforum-site
1302,visualfc/goqt
176,vintasoftware/python-api-checklist
2212,vimwiki/vimwiki
89,vegandevs/vegan
5318,vega/vega
138,vkantor/MIPT_Data_Mining_In_Action_2016
357,vczero/React-Native-Code
359,voidlinux/void-packages
5318,vega/vega
952,vitalets/react-native-extended-stylesheet
195,vivchar/RendererRecyclerViewAdapter
239,vickyg3/UrlPlayer
87,v2ray/v2ray.github.io
107,victorvoid/placeload.js
555,vutran/dext
297,virtio-win/kvm-guest-drivers-windows
159,vaibhav-sidapara/vagrant-manager
178,v55448330/lazy-balancer
24,vtjnash/Glob.jl
321,vinceliuice/vimix-gtk-themes
386,vesln/todo
338,vazco/uniforms
451,vczh-libraries/Release
85,vestrel00/android-dagger-butterknife-mvp
6357,vasanthk/react-bits
33,vmanchev/ionic3-seed-jwt
32,vilic/drop
971,valor-software/ng2-file-upload
67,voliveirajr/seleniumcrawler
39,vsternbach/angular-ts-decorators
2502,vasanthk/js-bits
2428,vrana/adminer
4752,vigetlabs/blendid
17,valnub/vue-framework7-webpack-template
751,venmo/VENCalculatorInputView
977,venmo/Static
983,venmo/VENTouchLock
898,vkostyukov/scalacaster
268,victor-valencia/bootstrap-iconpicker
40,vouill/vue-slideout
370,vvvmax/unitegallery
248,vinkla/laravel-translator
227,vimeo/vimeo.php
1751,variadico/noti
971,valor-software/ng2-file-upload
14,volny/ES6-webpack-starter
4752,vigetlabs/blendid
72,vadymmarkov/Fashion
39,vsternbach/angular-ts-decorators
94,vpietri/magento2-developer-quickdevbar
693,vpaliyX/Melophile
4050,vadimdemedes/ink
78,vast-io/vast
266,vapoursynth/vapoursynth
1335,voronianski/oceanic-next-color-scheme
57,valueflows/valueflows
64,vic/apollo-phoenix-websocket
1010,vdaubry/github-awards
301,vicky002/TheUltimateInternshipGuide
171,victorvoid/space-jekyll-template
230,vedderb/bldc-hardware
55,vert-x3/vertx-lang-scala
23,vahidk/TensorflowFramework
66,vlofgren/file-transfer-over-soundcard
2212,vimwiki/vimwiki
31,vikpe/react-webpack-typescript-starter
297,vaadin/vaadin-core
1447,videogular/videogular
172,vojtechhabarta/typescript-generator
525,vladotesanovic/angular2-express-starter
343,vmasto/express-babel
102,vue-foundation/vue-foundation
42,vibornoff/webcrypto-shim
81,voliva/angular2-interceptors
1373,verdaccio/verdaccio
23,vmware/vsphere-flocker-driver
172,vojtechhabarta/typescript-generator
971,valor-software/ng2-file-upload
11,valor-software/angular2-authentication-sample
1119,vuejs/vetur
1705,vanilla/vanilla
838,vhesener/Closures
2520,venomous0x/WhatsAPI
838,vhesener/Closures
118,vlio20/angular-datepicker
838,vhesener/Closures
838,vhesener/Closures
55,video-dev/clappr-rtmp-plugin
141,vol4ok/hogan-express
579,vikramkakkar/ImageTransition
693,vpaliyX/Melophile
388,vmbrasseur/Public_Speaking
659,vesparny/fair-analytics
107,verekia/js-stack-boilerplate
336,vert-x3/vertx-web
483,vfarcic/docker-flow-proxy
17,vfarcic/docker-flow-cron
62,vhda/verilog_systemverilog.vim
4050,vadimdemedes/ink
1010,vdaubry/github-awards
301,vicky002/TheUltimateInternshipGuide
171,victorvoid/space-jekyll-template
1294,viewflow/django-material
662,vincelwt/harmony
48,venits/react-native-map-clustering
26,veekaybee/textedit
1010,vdaubry/github-awards
301,vicky002/TheUltimateInternshipGuide
171,victorvoid/space-jekyll-template
1435,verekia/initializr
388,vmbrasseur/Public_Speaking
3318,viatsko/awesome-vscode
55,vouill/vue-bulma-components
36,vonzhou/SpringMVCTutorial
839,vektorlab/slackcat
45,varstruct/varstruct
693,vpaliyX/Melophile
400,villadora/express-http-proxy
59,vers-one/EpubReader
1373,verdaccio/verdaccio
39,vimlab/split-term.vim
838,vhesener/Closures
1701,vpulim/node-soap
1193,victorcoder/dkron
152,viniciuschiele/flask-apscheduler
710,vandersonmota/model_mommy
328,voussoir/reddit
934,varnish/Varnish-Cache
235,voidfiles/lark
45,vytronics/vytronics.hmi
83,vikjam/mostly-harmless-replication
249,vegas-viz/Vegas
201,virantha/pypdfocr
12,vinhhungle/sample-note-taking-app-ionicframework-angularjs
54,vim-erlang/vim-erlang-runtime
332,vinipsmaker/tufao
97,vimeo/vimeo.py
493,voilet/cmdb
27,vacaboja/tg
63,vincentfpgarcia/kNN-CUDA
881,vladotesanovic/ngSemantic
45,vytronics/vytronics.hmi
214,vitruvianscience/OpenDeep
29,vsubhashini/caption-eval
887,vega/vega-lite
33,vinc3m1/mac-pixel-clock-patch
19,vered1986/LexNET
37,vered1986/HypeNET
2863,victorBaro/VBFPopFlatButton
401,valyala/gorpc
1254,vbarbaresi/MetroGit
28,valeriobasile/learningbyreading
297,viko16/vue-ghpages-blog
3215,videolan/vlc
493,voilet/cmdb
1170,vaadin/framework
105,votchallenge/vot-toolkit
953,vlfeat/vlfeat
838,vlfeat/matconvnet
19,vuejs-jp/home
3020,video-dev/hls.js
31,vivekkalyanarangan30/Text-Clustering-API
67,vrecan/death
48,v-zhuravlev/zabbix-notify
20,victorlcampos/resolucoes-aprendizado-2016
121,videosegmentation/video_segment
198,vinhkhuc/PyTorch-Mini-Tutorials
812,valyala/quicktemplate
319,valyala/ybc
21,valdanylchuk/swiftlearner
80,veroyatnost/LeetCode10Py
148,vgm64/gmplot
26,viktorgino/headunit-desktop
148,vgm64/gmplot
266,virt-manager/virt-manager
26,viktorgino/headunit-desktop
230,vanderlin/ofxBox2d
965,venshine/BezierMaker
67,vesuppi/Web-crawlers
30,vollnhals/dependent-fields-rails
394,vlachoudis/bCNC
1084,vinta/pangu.js
27,vaimo/composer-patches
250,vasile/transit-map
59,vasile/GTFS-viz
280,videogular/videogular2
39,vector/Antenna
26,vybs/sqoop-on-spark
84,vue-bulma/datepicker
22,vincentbernat/systemtap-cookbook
1084,vinta/pangu.js
6158,vladikoff/chromeos-apk
922,voronianski/react-swipe
34,val-iisc/cnn-fixations
55,vspiewak/twitter-sentiment-analysis
55,vspiewak/twitter-sentiment-analysis
26,vincentherrmann/pytorch-wavenet
22,visipedia/tf_classification
1105,vim-ctrlspace/vim-ctrlspace
626,veekun/pokedex
11,vrdmr/CS273a-Introduction-to-Machine-Learning
28,vladikk/JSON2CSV
23,vanessajurtz/lasagne4bio
14,verenich/ProcessSequencePrediction
13,voc/streaming-website
48,vitotai/BrewPiLess
334,v5developer/maven-framework-project
39,vinhkhuc/kaggle-sentiment-popcorn
53,viva64/how-to-use-pvs-studio-free
1967,voldemort/voldemort
611,vvo/selenium-standalone
53,viva64/how-to-use-pvs-studio-free
1967,voldemort/voldemort
876,vegasbrianc/prometheus
34,val-iisc/cnn-fixations
14,voytekresearch/pacpy
76,vslavik/bakefile
78,vsjha18/nsetools
83,vkholodkov/nginx-mogilefs-module
606,volumio/Volumio2
38,viorik/ELSDc
767,varunest/SparkButton
394,vlachoudis/bCNC
27,viveksck/langchangetrack
55,vspiewak/twitter-sentiment-analysis
49,viisar/awesome-datasets
342,vasilakisfil/rails5_api_tutorial
115,vnmakarov/ruby
84,vyakymenko/angular-seed-express
16,viraja1/mitm_postman
24,voice-statistics/voice-statistics.github.com
351,vincentchu/eth-private-net
82,vaporz/turbo
3606,vakata/jstree
112,vitaly-chibrikov/stepic_java_webserver
112,vitaly-chibrikov/stepic_java_webserver
286,vmware/vic
23,vitaly-chibrikov/tp_java_2015_02
226,vlsergey/infosec
46,vsenger/things-api
51,vsavkin/ng1ng2router
190,vanishcode/iview2-management-system
83,voxpupuli/puppet-mongodb
246,vk-cli/vk
179,veox/python3-krakenex
291,vogellacompany/codeexamples-java
5776,vitalets/x-editable
246,vk-cli/vk
270,vincentriemer/io-808
329,vigzmv/what_the_thing
31,veltzer/demos-linux
156,vecio/FreeVPN
59,vue-html5plus/vue-html5plus
59,vitorfs/woid
15,vitorfs/bloodhound
964,vuejs/vuex-router-sync
2483,vulcand/vulcand
41,vosh/scripts
12,vosh/dotfiles
16,vain/bin-pub
18,varzy/hexo-theme-slience
37,vuuihc/bash-guide
82,vim-scripts/TwitVim
128,vincentbernat/network-lab
28,vergnes/spring-social-weibo
1807,viki-org/VKVideoPlayer
872,vibe-d/vibe.d
755,vue-play/vue-play
43,vkarpov15/mongo-sanitize
5054,valyala/fasthttp
304,vczero/toilet
132,vczero/sharePPT
32,voxmedia/lightbike
17,vangao1989/cloudE
43,vert-x3/vertx-auth
2079,vavr-io/vavr
104,vngx/vngx-jsch
76,vtst/ow
44,vishwanatharondekar/gitlab-cli
73,velinath/zabbixweb
47,vicendominguez/nginx-zabbix-template
41,vertica/Vertica-Hadoop-Connector
123,vascop/Python-Arduino-Proto-API-v2
66,virjar/dungproxy
591,vuejs/cn.vuejs.org
169,vincepare/iframeTracker-jquery
1082,vzex/dog-tunnel
82,valyala/bytebufferpool
591,vuejs/cn.vuejs.org
140,vermut/intellij-ansible
18,vietj/vertx-http-proxy
254,varnish/vagent2
83,vakinge/jeesuite-libs
21,vadim-v-lebedev/cp-decomposition
110,vitvad/Access-Control-Allow-Origin
19,vermaden/automount
75,vito16/shop
78,vicalloy/DPress
950,vuejs/vueify
1484,vthibault/roBrowser
285,vkostyukov/la4j
42,vedantk/quotient-filter
63,victor-torres/sinesp-client
245,vknet/vk
205,vtortola/WebSocketListener
175,voodoodyne/subethasmtp
254,varnish/vagent2
205,vtortola/WebSocketListener
919,versatica/JsSIP
182,vladimir-bukhtoyarov/bucket4j
18,vue-ant/vue-antDesign
11,vsmolyakov/DP_means
215,vorburger/MariaDB4j
63,vstconsulting/polemarch
22,vgaltes/LearnStepFunctions
335,vsch/flexmark-java
116,vendo/vendo
399,vmware/tungsten-replicator
238,videolan/x265
77,vert-x3/vertx-rx
78,vert-x3/vertx-stack
180,vaquarkhan/vaquarkhan
71,verisign/storm-graphite
919,versatica/JsSIP
180,vaquarkhan/vaquarkhan
127,visallo/visallo
13,venuswang/ShowDoc
33,vearutop/php-obscene-censor-rus
12,voyages-sncf-technologies/hesperides
192,vfleaking/uoj
1494,vitmalina/w2ui
11,vue-bulma/canvas-gauges
442,vbence/stream-m
284,versatica/mediasoup
11,vanadiumlabs/arbotix
180,vaquarkhan/vaquarkhan
11,vontell/Highlights
460,vladmihalcea/flexy-pool
150,virgo47/javasimon
26,vaputa/awesome-cheatsheet
174,vdenotaris/spring-boot-security-saml-sample
56,versioneye/versioneye-core
29,vanevery/Custom-Video-Capture-with-Preview
335,vsch/flexmark-java
38,vihuela/Kotlin-mvpro
243,vmware/photon-controller
284,versatica/mediasoup
51,venusdrogon/feilong-platform
679,vczh/tinymoe
28,vzhong/embeddings
50,veithen/knetstat
61,valryon/water2d-unity
859,varnishcache/varnish-cache
41,vladjerca/FFMpegSharp
30,voxpupuli/vim-puppet
75,viraj49/Realm_android-injection-rx-test
29,vietj/vertx-materials
423,vuejs/eslint-plugin-vue
27,vladimir-bukhtoyarov/rolling-metrics
182,vladimir-bukhtoyarov/bucket4j
175,voodoodyne/subethasmtp
137,viritin/viritin
698,vigneshwaranr/bd
13,versaloon/vsf
76,vue-comps/vue-icons
39,vipshop/twemproxy-vip
317,vkohaupt/vokoscreen
234,veryyoung/QQLuckyMoney
5067,vic317yeh/One-Click-to-Be-Pro
581,vipul-sharma20/document-scanner
78,vikingosegundo/my-programming-examples
21,vtorrent/vTorrent-Client
26,veryyoung/crack-capatcha
13,vinnyguitar/xhr-overwrite
586,varHarrie/Dawn-Blossoms
49,vimeo/smoketcp
20,voodoodyne/htmleasy
20,voodoodyne/htmleasy
2333,voormedia/rails-erd
39,vegasbrianc/github-monitoring
164,viorik/ConvLSTM
43,vmlens/executor-service
86,vert-x3/wiki
18,vc1492a/PyNomaly
17,virtualrealitysystems/aumfor
100,vrogier/ocilib
17,vincicat/jQuery-iPicture
95,vuejs-templates/simple
130,vijos/vj4
27,vijos/jd4
1148,vum-team/vum
679,vczh/tinymoe
16,vulndb/python-sdk
76,vraa/route-planner
1111,vulcand/oxy
126,vooze/arc-black-ubuntu
45,vyshane/cassandra-kubernetes
53,vim-python/python-syntax
151,vinceprignano/chatapp
49,vbudilov/aws-cognito-ionic2
55,vkolodrevskiy/spring-social-vkontakte
16,volvet/AlphaMatting
154,vikingmute/webpack-basic-starter
399,vmware/tungsten-replicator
229,vincelwt/RaspberryCast
65,vpiotr/decimal_for_cpp
456,vsch/idea-multimarkdown
491,volio/Yoshino
456,vsch/idea-multimarkdown
186,veeti/manuale
154,vigo/ruby101-kitap
399,vishvananda/netlink
360,vibornoff/asmcrypto.js
42,vert-x3/vertx-maven-starter
409,voxmedia/autotune
136,vim-scripts/DrawIt
132,vonzhou/SpringInAction3
14,vlotar/spring-boot-elk
179,vuwe/vuwe
487,valendesigns/option-tree
76,valendesigns/option-tree-theme
37,vincihu/zabbix-alertscripts
28,viabtc/viabtc_exchange_cn_api_cn
19,vincentmrlau/vue-multi-device-single-page
15,vdurmont/semver4j
183,vdsabev/image-downloader
12,vczero/aissues
19,veizz/speech_IO
37,vincihu/zabbix-alertscripts
482,vbauer/android-arsenal.com
131,violetjack/VueStudyDemos
86,vfhky/mylnmp
348,vhtml/webpack-MultiPage-static
449,vigna/fastutil
220,viruscamp/luadec
53,vqlai/vue2-football
372,vaadin/dashboard-demo
46,v2ray/v2ray-Panel
269,vteams/open-source-billing
15,vdurmont/semver4j
218,vincentSea/vueWebapp
26,viralpatel/spring4-restful-example
145,vczero/OurTimes
253,viphxin/xingo
53,vqlai/vue2-football
153,vjt/afloat
16,vorshen/3Dmaze
22,videogular/videogular2-showroom
132,vipersaudio/viper4android_fx
28,vipersaudio/viper4android_xhifi
85,valor-software/angular2-quickstart
449,vigna/fastutil
104,vipshop/hiredis-vip
331,vsn4ik/bootstrap-submenu
450,vmihailenco/msgpack
21,vivin/gradle-semantic-build-versioning
25,viviannow/webpack-ruanyf
117,venthur/gscholar
80,vesan/omnifocus-trello
21,vineetvermait/KnowledgeBase
114,vseloved/cl-nlp
72,vseloved/rutils
157,vvpossible/homebridge_yeelight
720,voisine/breadwallet-ios
253,viphxin/xingo
125,vitalidze/traccar-web
194,vsergeev/python-periphery
102,vaadin/spring
575,virtoolswebplayer/ReactNative-LiveTemplate
46,v2ray/v2ray-Panel
218,vincentSea/vueWebapp
84,vector-of-bool/vscode-cmake-tools
372,vaadin/dashboard-demo
28,vaadin/spring-tutorial
534,vikingmute/webpack-for-fools
26,viralpatel/spring4-restful-example
474,vedmack/yadcf
575,virtoolswebplayer/ReactNative-LiveTemplate
177,vladmihalcea/high-performance-java-persistence
832,vinkla/laravel-hashids
144,vmware/chap
34,varghgeorge/microservices-single-swagger
852,vandadnp/swift-weekly
108,vanita5/twittnuker
83,vonzhou/CSAPP
12,vonzhou/SwordOffer
28,vaadin/spring-tutorial
1863,vorillaz/devicons
23,viniciusccarvalho/schema-evolution-samples
1007,venantius/ultra
44,vert-x3/vertx-mqtt
74,vladmihalcea/unfolding-java-transactions
83,vonzhou/CSAPP
535,vermiculus/sx.el
16,vzaccaria/exemd
100,vim-php/tagbar-phpctags.vim
273,venshine/AppUninstall
796,varshylmobile/LocationManager
519,varshylmobile/MapManager
537,vinniefalco/LuaBridge
42,vert-x3/vertx-zookeeper
178,vhanla/SublimeTextTrans
104,vipshop/hiredis-vip
2820,visit1985/mdp
36,vheon/JediHTTP
1108,vimperator/vimperator-labs
51,vvy/wshell
360,vert-x/vertx-examples
86,vasnake/Principles-of-Reactive-Programming
174,vczh/herodb
279,vigossjjj/CrashMonkey4IOS
1834,voronianski/jquery.avgrund.js
178,vhanla/SublimeTextTrans
654,vvviperrr/SimpleRT
88,voronianski/swipe-js-iso
200,vifird/react-keeper
369,verbose/verb
119,vipshop/vire
433,valor-software/ng2-table
48,vocollapse/Blockinger
141,vascokk/rivus_cep
337,venshine/AndroidNote
424,vitmalina/Web-2.0-Touch
199,vuejs-templates/browserify
53,vichily/vuex-axios
20,vkantor/MIPT_Data_mining_in_action_2015
15,vsedach/vas-string-metrics
22,viglucci/app-jcef-example
41,vioan/nodejs-learning-resources
140,vonnyfly/kernel_visualization
38,vincentsaluzzo/node-microphone
38,vmware/platypus
45,vedicveko/class_dicom.php
362,viacreative/sudo-su
282,vasi/pixz
2820,visit1985/mdp
686,voten-co/voten
12,vonzhou/SwordOffer
83,vonzhou/CSAPP
87,vjaunet/QUADCOPTER
68,vincentSea/wechat-cnode
550,viljoviitanen/setup-simple-pptp-vpn
75,vayser/react-js-pagination
405,video-react/video-react
25,vah7id/flashboard
1897,vikramkakkar/SublimePicker
38,vagabond1-1983/javaDemo
12,vue-comps/vue-collapsible
186,vitalets/combodate
1601,visionmedia/node-progress
136,volny/stylish-portfolio-jekyll
152,volny/creative-theme-jekyll
761,vuejs/vue-syntax-highlight
242,victorlei/smop
832,vinkla/laravel-hashids
315,vlc-qt/vlc-qt
853,vlonjatg/progress-activity
198,vuejs/vue-ssr-docs
253,vitiral/artifact
20,vishalok12/jquery-dragarrange
22,vellvm/vellvm
361,vmware/pyvmomi-community-samples
218,vadimsva/waitMe
22,vavr-io/vavr-kotlin
1618,victorporof/Sublime-HTMLPrettify
64,vmware/vagrant-vmware-appcatalyst
102,vuejs-tips/vuex-cheatsheet
21,vivin/gradle-semantic-build-versioning
1337,vector-im/riot-web
660,victorBaro/VBFJellyView
162,victorhge/iedit
114,vseloved/cl-nlp
1038,vuejs/vue-rx
54,vvvvalvalval/datofu
1007,venantius/ultra
1218,volatiletech/authboss
16,vbkunin/itop-docker
140,vonnyfly/kernel_visualization
446,vector-im/riot-android
29,voku/php-hooks
28,volio/Lolipa
140,venantius/accountant
76,venantius/glow
140,venantius/accountant
346,vim/vim-win32-installer
64,vava/i3-emacs
70,vdmeer/asciitable
33,vbRichClient/vbWidgets
25,vmlinz/strongswan-android
30,vtky/ios-antidebugging
63,victorwoo/vimdesktop
1519,vipulasri/Timeline-View
111,vert-x3/vertx-guide-for-java-devs
68,vincentSea/wechat-cnode
157,vvpossible/homebridge_yeelight
22,veryyoung/RandomGame
147,videojs/videojs-contrib-dash
132,vmware/admiral
69,vlasenko/hid-asus-dkms
25,val92130/Supreme-Auto-Checkout
40,varnish/libvmod-curl
89,vbaidiot/Ariawase
189,vecio/MediaCodecDemo
55,vit9696/Shiki
79,vit9696/WhateverGreen
468,varspool/Wrench
51,vim-tw/vim-tips
126,voku/portable-utf8
443,vuejs/vue-migration-helper
356,vega/voyager
196,valentjedi/ddd-dynamic
41,veryyoung/2048
154,viblo/pymunk
19,vinta/pangu.java
101,venshine/wechat-lightapp
12,voocel/docker-lnmp
16,vti/threads
35,volca/AsyncHttpClient
13,vadimpronin/guacamole-lite
210,vintasoftware/tapioca-wrapper
150,vikingmute/webpack-react-codes
35,vthibault/ROChargenPHP
35,vthibault/ROChargenPHP
36,vanilla/jsConnectPHP
49,vanderlee/phpSyllable
66,videolabs/libdsm
539,vinc3m1/DragSortAdapter
185,vikrum/kiddopaint
368,viosey/typecho-theme-material
36,vadim-job-hg/CodeCombat
75,vinceyuan/gopl-solutions
17,vaadin/archetype-application-example
70,vesselinv/vagrant-lemp
422,vast-engineering/jquery-popup-overlay
41,veryyoung/DingDingLuckyMoney
426,vadimdemedes/pronto
73,vim-scripts/ReplaceWithRegister
1507,victorstanciu/dbv
136,volatilityfoundation/community
981,viper-framework/viper
100,vincentSea/vue2.x-Cnode
59,vuetifyjs/docs
113,vtoubiana/TrackMeNot
2680,vodkabears/Remodal
54,vladignatyev/GBA4iOS
291,vinkla/laravel-pusher
368,viosey/typecho-theme-material
368,viosey/typecho-theme-material
298,vyuldashev/laravel-queue-rabbitmq
64,vishvananda/netns
368,viosey/typecho-theme-material
368,viosey/typecho-theme-material
176,vova07/yii2-imperavi-widget
1127,verekia/initializr-template
21,vikey89/ZendCart
276,varnish/Varnish-Book
112,vjeantet/hugo-theme-docdock
82,vuejs-br/empresas-que-usam-vue-no-brasil
12,veloper/Bench
44,vagrant-lists/vagrant-lists.github.io
291,vinkla/laravel-pusher
60,vishr/go-http-routing-benchmark
480,volmer/bootsy
114,vuejs/Discussion
56,vyos/vyos-kernel
66,vyants/yii2-daemon
22,vuejs-jp/who-use-vuejs-in-japan
3002,viljamis/feature.js
73,vim-scripts/ReplaceWithRegister
11,vs4vijay/exploits
56,vyos/vyos-kernel
11,veda-consulting/woocommerce_civicrm
27,veda-consulting/uk.co.vedaconsulting.mosaico
96,vitasdk/vita-toolchain
61,vitasdk/samples
37,valeriansaliou/providence
20,visavi/rotor
42,voskobovich/yii2-linker-behavior
3002,viljamis/feature.js
11,vesuppi/Garcon
2680,vodkabears/Remodal
298,vyuldashev/laravel-queue-rabbitmq
44,vagrant-lists/vagrant-lists.github.io
216,vmprof/vmprof-python
1951,velesin/jasmine-jquery
296,vvakame/typescript-formatter
36,viosey/opage
279,vuejs/rollup-plugin-vue
145,vjeantet/alerter
811,vuikit/vuikit
121,vadimsva/popModal
16,vomoc/vmcSlider
35,vincenth520/pinche_xcx_data
71,vincenth520/pinche_xcx
176,vova07/yii2-imperavi-widget
811,vuikit/vuikit
30,vue-land/create-vue-component
82,vdemydiuk/mtapi
744,venmo/VENTokenField
11,versluis/Video-Recorder
112,vjeantet/hugo-theme-docdock
62,vsmoraes/pdf-laravel5
2680,vodkabears/Remodal
13,vertelab/odoo-theme-vertel
119,vapor/jwt
282,vaadin/vaadin-grid
1933,vadimdemedes/trevor
182,vkiryukhin/vkBeautify
705,veertuinc/vdhh
701,vczero/React-Native-App
127,vkozlovski/ansible-cloud-hosting
751,vohof/gulp-livereload
225,vinceprignano/gochatapp
1269,veelenga/awesome-crystal
111,vudash/vudash
71,vincenth520/pinche_xcx
783,vccw-team/vccw
460,vadikom/smartmenus
116,vmitsaras/js-offcanvas
25,vuejs/vue-test-utils-getting-started
16,virusu/3D_kibana_charts_vis
382,vuejs/vue-animated-list
65,vjwang/WebSocketBook
100,vimcn/vimcdoc
21,voku/HtmlMin
90,viktyz/iosnotebook
151,valyala/fasttemplate
22,v2ray/install
17,vindi/vindi-php
35,voronkovich/sberbank-acquiring-client
1269,veelenga/awesome-crystal
206,vimalloc/flask-jwt-extended
31,virtualmin/virtualmin-gpl
162,voldyman/MarkMyWords
11,va1en0k/python-monads
112,vim-scripts/c.vim
745,vhf/v8-bailout-reasons
171,vsouza/awesome-gists
371,verot/class.upload.php
298,vyuldashev/laravel-queue-rabbitmq
20,vue-bulma/quill
3679,vcr/vcr
846,vgod/vimrc
16,vibhorkum/pg_background
320,vqmod/vqmod
182,vkiryukhin/vkBeautify
23,vstorm/douban-fm-client
334,vlucas/bulletphp
63,vuxjs/vux-doc
300,viraintel/OWASP-ZSC
56,vikingmute/webpack-react-kit
44,videojs/hls-fetcher
11,vladthecodeimpaler/floatingMenu
47,vinjn/hudo.it
263,vinkla/instagram
62,vsmoraes/pdf-laravel5
263,vinkla/instagram
62,vsmoraes/pdf-laravel5
41,vmilea/CppAsync
60,vishr/go-http-routing-benchmark
291,vinkla/laravel-pusher
770,vrana/notorm
137,valum-framework/valum
69,vova07/yii2-console-runner-extension
11,vinterskogen/laravel-uploaded-image
20,v1cker/poc-exp
25,vhoang55/springboot-jwt-angular2
20,vChrysanthemum/fin
197,vczh-libraries/GacJS
176,videojs/mux.js
51,vireshmanagooli/hibernate
298,vyuldashev/laravel-queue-rabbitmq
154,violet-php/streaming-json-encoder
165,vuejs-tips/vue-the-mask
298,vyuldashev/laravel-queue-rabbitmq
149,vamsiikrishna/vex
299,vesparny/marky
3002,viljamis/feature.js
101,vuejs-tips/v-money
165,vuejs-tips/vue-the-mask
33,virgoone/eyepetizer
46,virinext/hevcesbrowser
298,vyuldashev/laravel-queue-rabbitmq
154,violet-php/streaming-json-encoder
165,vuejs-tips/vue-the-mask
1507,victorstanciu/dbv
1559,vowsjs/vows
59,vuetifyjs/docs
15,vanng822/go-premailer
3679,vcr/vcr
55,vim-scripts/OmniCppComplete
3679,vcr/vcr
3679,vcr/vcr
1475,vitaly-t/pg-promise
3679,vcr/vcr
94,vinibaggio/discover-unused-partials
15,vanng822/go-premailer
29,vxgmichel/aiostream
13,victorr/jsqueak
161,vidstige/jadb
602,vredniy/awesome-newsletters
1269,veelenga/awesome-crystal
489,vbauer/manet
119,vapor/jwt
462,validator/validator
744,venmo/VENTokenField
11,versluis/Video-Recorder
20,vue-bulma/quill
18,viossat/arraytotexttable
77,vanniktech/VNTFontListPreference
173,volcoma/EtherealEngine
18,vanhuyz/coursera-ml
1042,vuejs/vuefire
297,vsco/keys
134,vexxhost/CloudFlare-API
279,vuejs/rollup-plugin-vue
256,vipshop/redis-migrate-tool
45,videojs/videojs-flash
137,voronianski/react-star-rating-component
146,vpaliyX/LoginConcept
65,vuejs/babel-preset-vue-app
770,vrana/notorm
1559,vowsjs/vows
95,vuejs/roadmap
149,vamsiikrishna/vex
26,varunon9/Remote-Control-PC
18,veronalabs/wp-sms
41,veryyoung/DingDingLuckyMoney
1933,vadimdemedes/trevor
58,veg/hyphy
98,verilog-to-routing/vtr-verilog-to-routing
586,vim-airline/vim-airline-themes
23,vormplus/AxolotiEnclosure
198,visa/SampleCode
87,vtiger-crm/vtigercrm
85,vladimir-tikhonov/regexy
17,vprokopchuk256/mv-postgresql
18,vmxdev/damper
2680,vodkabears/Remodal
56,vyos/vyos-kernel
44,vdw/MapIt
184,vector-im/riot-ios
127,vysheng/tgl
103,vjudge1/LilyWhiteBot
53,voidqk/polybooljs
11,vaibhavist/template-scala-parallel-recommendation
278,vmavromatis/gnome-layout-manager
60,vluzrmos/laravel-slack-api
15,vuejs/it.vuejs.org
84,vexus2/CakeStorm
40,varspool/sphpdox
61,victor-zinchenko/shop.php-start.com
213,vue-styleguidist/vue-styleguidist
11,vik-borisov/TelegramClient
418,visualboyadvance-m/visualboyadvance-m
890,vrapper/vrapper
412,voxpupuli/puppet-nginx
15,vifird/react-mobx-tutorial
837,vanilla-masker/vanilla-masker
618,videojs/videojs-youtube
170,vandium-io/vandium-node
60,viest/v-collect
359,vimeo/player.js
263,vinkla/instagram
101,vinkla/laravel-shield
89,vsch/laravel-translation-manager
45,videojs/videojs-flash
134,vexxhost/CloudFlare-API
2680,vodkabears/Remodal
42,vanchelo/phalcon-mailer
185,vsn4ik/bootstrap-checkbox
280,vusec/revanc
113,vitorbalbio/code
35,ventoviro/windwalker-renderer
170,vandium-io/vandium-node
495,vinc3m1/android-segmentedradiobutton
28,visurel/fury-documentation
298,vyuldashev/laravel-queue-rabbitmq
2680,vodkabears/Remodal
25,vuejs/eslint-plugin-vue-libs
585,vslavik/poedit
104,vegasbrianc/docker-compose-demo
90,voku/anti-xss
3679,vcr/vcr
1269,veelenga/awesome-crystal
426,vadimdemedes/pronto
18,valentin2105/deployer
122,vikdiesel/justboil.me
149,vamsiikrishna/vex
1507,victorstanciu/dbv
149,vamsiikrishna/vex
770,vrana/notorm
114,vuejs/Discussion
42,vidageek/crawler
618,videojs/videojs-youtube
94,virushuo/Go-Apns
263,vinkla/instagram
49,vbooter/DDoS-Scripts
30,v2ray/V2RayN
1086,voat/voat
75,veerupandey/Penetration-Testing-Toolkit
44,valurhrafn/chrome-sync-server
59,vtky/Swizzler2
21,vyos/vyos
720,victorporof/Sublime-JSHint
232,vhtml/webpack-MultiplePage
49,vkiryukhin/vkthread
611,vuejs-tips/cheatsheet
1559,vowsjs/vows
489,vbauer/manet
18,vanderlee/PHPSwaggerGen
14,vietor/dnsproxy
485,vmware/govmomi
25,vgrem/Office365-REST-Python-Client
12,vdemeester/docker-events
44,vladimirvivien/learning-go
355,vektra/mockery
1542,vmg/sundown
3679,vcr/vcr
117,vilic/cordova-plugin-tts
487,virtphp/virtphp
744,venmo/VENTokenField
11,versluis/Video-Recorder
1933,vadimdemedes/trevor
71,vincenth520/pinche_xcx
21,voku/HtmlMin
21,voku/HtmlMin
2680,vodkabears/Remodal
16,virusu/3D_kibana_charts_vis
103,vonKristoff/starscroll
277,venables/koa-helmet
23,v2pro/wombat
54,vjeantet/ldapserver
795,volatiletech/sqlboiler
47,vincentbernat/hellogopher
152,voxelbrain/goptions
169,visipedia/inat_comp
428,voxpupuli/hiera-eyaml
91,vivint/infectious
42,vsco/dcdr
176,vova07/yii2-imperavi-widget
14,vietor/dnsproxy
489,vbauer/manet
18,vanderlee/PHPSwaggerGen
16,vfhky/shell-tools
90,voku/anti-xss
189,visiongeist/toe.js
71,vincenth520/pinche_xcx
55,vhp/terminal_velocity
45,vkazanov/elfuse
95,vuejs/roadmap
104,vuejs/vuex-observable
27,vuejs/art
144,vim-pandoc/vim-pandoc-syntax
23,vormplus/AxolotiEnclosure
30,v2ray/V2RayN
506,vczh/gac
29,vvscode/js--ember-render-helper
14,vvscode/js--ember-easy-form
62,vgrem/phpSPO
14,vvscode/js--ember-easy-form
29,vvscode/js--ember-render-helper
11,vvscode/tr--The-Past--Present--and-Future-of-JavaScript
84,vvscode/js--nightwatch-recorder
29,vvscode/js--ember-render-helper
14,vvscode/js--ember-easy-form
84,vvscode/js--nightwatch-recorder
29,vvscode/js--ember-render-helper
84,vvscode/js--nightwatch-recorder
14,vvscode/js--ember-easy-form
334,vergoh/vnstat
502,vasyabigi/angular-slick
13,vues-team/website
16,vepasto/finnish-hyphenator
11,vvscode/tr--The-Past--Present--and-Future-of-JavaScript
29,vvscode/js--ember-render-helper
1194,vasanthk/css-refresher-notes
63,vicenteguerra/git-deploy
124,vtudose/Let-s-build-a-compiler
11,vapor-community/Lingo-Provider
415,vladocar/Hartija---CSS-Print-Framework
14,voduytuan/litpi-framework-3
87,viettranx/tracking-location-socketio
66,voku/Arrayy
16,victor-in/Craft-TwigBetterSort
11,vikramIde/stock_scan1
888,vadimdemedes/gifi
246,vingojw/vue1_demo
28,vuejs-fr/vuejs.org
84,veeresht/CommPy
76,v3l0c1r4pt0r/xSDM
40,venshine/decompile-apk
11,vincenth520/opencart_Extensions
315,vitoziv/VIMediaCache
36,vviicc/QShare_iOS
135,vadymmarkov/MARKRangeSlider
36,vviicc/QShare_iOS
11,vimalbosamia/VBExpandTableview
202,vitoziv/VIPhotoView
51,vulgur/WSDZhihuDaily
18,vjieshao/PTSProgressHUD
251,vsn4ik/jquery.spinner
315,vitoziv/VIMediaCache
548,voyage11/Location
37,vitorventurin/PieChartComponent
67,vokal/Xcode-Template
372,vfr/Viewer
37,vpeschenkov/PVOnboardKit
79,vladimirvivien/gowfs
121,voskobovich/yii2-many-to-many-behavior
147,vsavkin/state_management_ngrx4
136,vimfung/LuaScriptCore
486,vincentbrison/dualcache
71,vapor-community/postgresql
756,vadymmarkov/Fakery
33,vroudge/jest-fuck
147,vedon/iOS-tech
36,varunjampani/video_prop_networks
45,vineetchoudhary/iOS-Universal-Links
468,vapor/sockets
291,vlonjatg/AppTour
70,voshk/RFCircleCollectionView
807,vtourraine/VTAcknowledgementsViewController
310,voltrue2/in-app-purchase
121,v-braun/VBPiledView
17,vedmalex/mws-sdk
40,volkszaehler/vzlogger
31,v2tmobile/ios-video-youtube-application
55,vansikrishna/Multimager
182,velikanov/SwiftPasscodeLock
18,vincechan/SwiftLoadingIndicator
112,velyan/Mark
92,vadimcn/vscode-lldb
23,vpeschenkov/LetterAvatarKit
110,vapor/leaf
64,vdukhovni/postfix
67,vandadnp/iOS-10-Swift-Programming-Cookbook
160,vitormesquita/Malert
24,venkatkukunuru/Audio-Recorder
112,vkiryukhin/jsonfn
23,vpeschenkov/LetterAvatarKit
62,vicentesuarez/Swift-FlexibleHeightBar
157,vinnyoodles/mosaic-layout
171,voyage11/GettingLocationWhenSuspended
117,voyages-sncf-technologies/Collor
1424,vandadnp/iOS-8-Swift-Programming-Cookbook
47,voxpupuli/puppet-staging
1176,vgvassilev/cling
331,varshylmobile/RateMyApp
252,varun-naharia/VNImageScanner
160,vitormesquita/Malert
284,vlasov/CCBottomRefreshControl
21,vishwas00/ZoomableImageSlider
95,vergecurrency/VERGE
62,vicentesuarez/Swift-FlexibleHeightBar
26,v002/v002-Film-Effects
24,venkatkukunuru/Audio-Recorder
444,vivisect/vivisect
157,vinnyoodles/mosaic-layout
123,vtourraine/AcknowList
81,vladislav-k/VKExpandableButton
14,vapor/bcrypt
123,vtourraine/AcknowList
71,vitogit/gDriveSync.js
16,vapor/website
127,valentinradu/WhiteRaccoon
78,vapor/console
14,vinayjn/Spinner
17,vokal/VOKMockUrlProtocol
123,vtourraine/AcknowList
41,vinsol-spree-contrib/spree-account-recurring
123,vtourraine/AcknowList
20,vinbhai4u/CLImageViewPopup
33,volkansenturk/turkiye-iller-ilceler
68,vinhnx/iOS-Toolbox
27,vinhnx/NXVLogFormatter
117,voyages-sncf-technologies/Collor
256,valyala/httpteleport
117,voyages-sncf-technologies/Collor
15,vapor-community/wkhtmltopdf
34,vladh/lein-sassy
48,vic/color-theme-buffer-local
189,vinitkumar/googlecl
26,vivchar/ViewPagerIndicator
16,vasilenkoigor/BiometricAuth
123,vtourraine/AcknowList
202,vidarh/writing-a-compiler-in-ruby
387,venmo/VENSeparatorView
140,vapor-community/example
252,varun-naharia/VNImageScanner
14,vapor/auth-template
252,varun-naharia/VNImageScanner
108,vadymmarkov/When
14,vinayjn/Spinner
14,vapor/bcrypt
63,vertcoin/vertcoin
17,vapor-meetups/VaporLondon
67,vmpowerio/chartjs-node
37,vixentael/my-talks
296,vshymanskyy/TinyGSM
56,vitkuzmenko/CreditCardValidator
37,vgmoose/tertiary_text
11,vtourraine/ThirdPartyMailer
136,victorBaro/AlgoGraphics
29,vferdiansyah/VFParallaxController
103,vladislav-k/VKCheckbox
11,vtourraine/ThirdPartyMailer
296,vlall/Swift-Brain
123,vtourraine/AcknowList
31,vapor-community/heroku-buildpack
62,volodg/HTMLParser
98,vczero/weex-yy
217,vczero/weex-learning
316,victorBaro/PopPlayground
17,vik-13/mauja
62,vim-scripts/nginx.vim
111,vishesh/racketscript
450,vmware/haret
25,vimeo/VimeoNetworking
41,vapor-community/chat-ios-example
108,vadymmarkov/When
19,vapor-community/markdown
37,vapor-community/todo-example
55,vapor-community/forms
26,vapor-community/sendgrid-provider
13,vapor/mysql-driver
589,vigetlabs/Twitter-Bootstrap-for-Omnigraffle
16,vasilenkoigor/BiometricAuth
316,victorBaro/PopPlayground
99,vaklinov/zcash-swing-wallet-ui
316,victorBaro/PopPlayground
63,vexsoftware/votifier
269,vimeo/stag-java
108,vadymmarkov/When
16,vasilenkoigor/BiometricAuth
56,vapor-community/postgresql-provider
342,vesparny/silex-simple-rest
35,vue-styleguidist/vue-docgen-api
183,voryx/restgeneratorbundle
791,vk-com/kphp-kdb
45,va3c/RvtVa3c
11,vue-bulma/progress-bar
106,vaenow/cordova-plugin-app-update
15,valentinocossar/trellis-database-uploads-migration
21,vcompile/Torrent-Alert
134,vaakash/jquery-easy-ticker
50,vocino/middleman-foundation
143,vaivaikitay/RoboReader
35,vetruvet/laravel-phpredis
26,vuedoc/md
101,vuejs/laravel-elixir-vue-2
16,vilic/vscode-es-quotes
28,vedovelli/restful-nodejs-restify
21,vgheri/DateCustomValidationExample
138,vodkabears/another-one-fucking-boilerplate
626,vampirewalk/ObjectGraph-Xcode
138,vodkabears/another-one-fucking-boilerplate
236,vicpinm/Kotlin-Realm-Extensions
114,vitalidze/chromecast-java-api-v2
101,vuejs/laravel-elixir-vue-2
22,vue-bulma/collapse
56,vexim/vexim2
239,varnishcache/varnish-devicedetect
931,vfaronov/httpolice
34,vkobel/ethereum-generate-wallet
21,voidxin/iCar
21,vipulyaara/betterHotels
12,voryx/thruway.js
17,vanilla-rtb/awesome-rtb
37,vlucas/pikirasa
13,vasilcovsky/pytinypng
151,vojtech-dobes/nette.ajax.js
39,vojtech-dobes/nette-multi-authenticator
179,vote539/socketio-file-upload
51,vitr/valet4windows
31,vinceliuice/matcha
26,vmpartner/bitrixdock
54,vulkan-go/demos
77,vluzrmos/lumen-tinker
12,victronenergy/venus
16,vkorukanti/spark-docker-compose
17,viraj-khatavkar/easy-slug
12,vanilla/fluent-plugin-burrow
367,vdesabou/alfred-spotify-mini-player
69,vasanthk/how-web-works
161,vially/googlemusic-xbmc
12,veracross/backbone-beforepopstate
31,vikstrous/zengge-lightcontrol
696,vesparny/morpheus
18,volpeo/tp_git
12,vaibhav93/angular-prism
309,visiblevc/wordpress-starter
68,virgiliud/jquery.anchorScroll
12,vollyimnetz/crop-thumbnails
75,vibertthio/beact
14,vinceliuice/Azure-theme
28,voxsim/awesome-software-engineer-topics
23,vsima/uber-java-client
14,vcarreira/generator-docker-laravel
80,vicktor/FreeStyleLibre-NFC-Reader
78,vue-bulma/nprogress
13,virenv/ExtentReportUsage
17,vdemay/Scoopit-PHP
68,vartan/robin-grow
87,vindimy/altcointip
167,velikanov/opensource-candies
17,voku/PHPMailer-BMH
168,vinkla/laravel-vimeo
472,vermont42/Podcasts
12,veizz/react-native-picker-scrollview
13,vedhavyas/scrape
1197,varnish/hitch
16,vlidholt/game
555,vestman/Select-or-Die
176,vadimdemedes/dom-chef
41,vabhishek/WrapContentViewPagerDemo
150,vn-tools/arc_unpacker
356,vsivsi/meteor-job-collection
82,vmchale/tin-summer
40,vinayakkulkarni/v-offline
138,veusz/veusz
29,veskokolev/Bytes2you.Validation
45,vsavkin/router-store
192,valor-software/ng2-handsontable
66,v3l0c1r4pt0r/delz
26,vpuhoff/Athena-NeuroPlay
92,vsavkin/router_mailapp
17,vidarkongsli/azuretablestorageappender
92,vsavkin/router_mailapp
17,vchatterji/tsc-seed
73,vmware/clarity-seed
29,visualeyes/halcyon
154,vkhorikov/CSharpFunctionalExtensions
66,victorantos/AngJobs
41,viewflow/cookbook
45,vladmihalcea/hibernate-types
11,vrajroham/vue-simple-lightbox
44,viniciuschiele/Scrypt
106,vslinko/babel-plugin-react-require
56,viasite-ansible/ansible-role-zsh
11,vsavkin/marble_testing_and_race_conditions
31,vegaitsourcing/uSiteBuilder
71,vsavkin/router_lazyloading
23,victorsferreira/vue-session
45,vladmihalcea/hibernate-types
169,viennacl/viennacl-dev
84,vueact/babel-plugin-transform-react-to-vue
205,valor-software/ng2-plans
121,voodootikigod/node-arduino
24,vapor-ware/OpenDCRE
27,valeriansaliou/bloom
205,valor-software/ng2-plans
432,vimpr/vimperator-plugins
15,vueClub/FEweekly
20,veeableful/Quadtree_Minimal
21,vladotesanovic/ui-grid-angular2
49,vimalavinisha/angular2-google-chart
439,vanilla-music/vanilla
36,vegardit/haxe-strings
29,voidref/orangered
39,velopert/react-codelab-project
109,vimeo/vimeo.js
208,venmo/cursor-utils
37,vszakats/harbour-core
28,vexe/Fast.Reflection
11,viniciusthiengo/retrofit-example
57,viniciusthiengo/tc-material-design
205,valor-software/ng2-plans
82,varlesh/papirus-suite
660,voodootikigod/logo.js
200,vim-php/phpctags
490,virtualagc/virtualagc
228,villeristi/vue.js-starter-template
93,vaadin/vaadin-combo-box
36,vsavkin/state-app-examples
44,varmais/react-native-unit-tests
32,victoriafrench/react-native-dialogbox
35,vgmrips/vgmplay
77,vazco/meteor-universe-i18n
282,venam/2bwm
133,viliusle/Hermite-resize
48,vincentbernat/jchroot
73,voryx/ThruwayBundle
112,vincentbernat/awesome-configuration
72,vkhorikov/DddInAction
53,veripool/verilog-mode
19,vdurmont/userinfo-js
468,vslavik/diff-pdf
60,vacuum/study
371,vramana/awesome-reasonml
22,varstr/uaparser
65,viniciusdacal/redux-arc
31,vivadecora/projeto-vaga-front-end-nao-fazer-fork
214,vesln/nixt
49,vimalavinisha/angular2-google-chart
49,vimalavinisha/angular2-google-chart
20,vesparny/borgjs
91,v002/v002-Camera-Live
386,vdw/HideSeek
83,venturachrisdev/djurl
23,victorgama/bedim
371,vramana/awesome-reasonml
147,vitorebatista/open-source-react-native-apps
11,vdmeer/svg2vector
409,vigetlabs/microcosm
11,victorhurdugaci/SerialProtocol
14,vania-pooh/kotlin-algorithms
159,vsivsi/meteor-file-collection
711,vissense/vissense
72,vlio20/angular-material-form-builder
48,vishesh04/Filesutra
379,vczero/React-Dou
93,veniosg/Dir
27,visitsb/meteorserver
94,voxpelli/node-pg-pubsub
128,vufind-org/vufind
18,vic3lord/stocks
30,vahit/pep8-per
128,vufind-org/vufind
11,vsergeev/cmsis-templates
63,vadimcomanescu/vmwarephp
255,vulkan-go/vulkan
620,vinjn/awesome-vulkan
513,vmdanilov/TextFlow
12,vineel/riot-cookbook-app
278,vladimirvivien/automi
59,vitasdk/vita-headers
56,vmware/goipmi
3314,voltrb/volt
22,ventu-io/slog
33,ventu-io/slf
173,ventu-io/go-shortid
1097,vagrant-libvirt/vagrant-libvirt
73,vjaunet/QUADCOPTER_V2
149,volpe28v/DevHub
224,videojs/videojs-contrib-ads
142,vladmihalcea/hibernate-master-class
48,volodymyrlut/heroku-node-telegram-bot
11,vemacs/cloudflare-autorotate
13,vburenin/nsync
16,viverae/kitchen-cabinet
78,vincetse/docker-compose-zero-downtime-deployment
120,vlad-ignatov/react-numeric-input
858,venshine/GoodView
858,venshine/GoodView
34,vincentbernat/pragmatic-debian-packages
77,varnish/varnish-modules
223,volatiletech/abcweb
88,vstakhov/rmilter
27,variadico/hellodocker
80,vueui/vue-ui
13,vicro/BlenderQuickLook
57,vadimkantorov/contextlocnet
16,val-iisc/fast-feature-fool
41,vinhkhuc/JFastText
73,vigente/gerardus
25,vuejsdevelopers/vuejs-cinema
42,vuejsdevelopers/vuejs-poster-shop
30,vuejsdevelopers/vuejs-calendar
20,veg/phylotree.js
85,venuu/jsonapi-authorization
72,vigetlabs/active_material
347,vkbansal/react-contextmenu
193,vavrek/openassistant
13,vedderb/bldc_uart_comm_stm32f4_discovery
29,vspinu/ox-anki
21,vext01/hgd
45,videojs/m3u8-parser
12,videojs/videojs-contrib-quality-levels
29,velopert/develoxy
1602,vim-ruby/vim-ruby
32,vistaprint/SkinnyJS
23,vutran/electron-webpack-boilerplate
88,vasansr/react-tutorial-mern
484,vt-elixir/ja_serializer
745,vyshane/rex-weather
32,vistaprint/SkinnyJS
130,vczero/react-native-tab-menu
685,vigetlabs/gulp-rails-pipeline
51,vgoodvin/princeton-algs4
178,vanniktech/VNTNumberPickerPreference
91,vatesfr/xo-server
20,vbauer/avconv4java
745,vyshane/rex-weather
207,vovoid/vsxu
130,vczero/react-native-tab-menu
292,vova07/yii2-start
197,voc/voctomix
29,vinz243/pTorrent
753,vvk-ehk/evalimine
20,vvk-ehk/ivxv
20,vFujin/HearthLounge
178,vinova/Artemis-Cpp
81,veer66/wordcut
1083,veltman/principles
327,validates-email-format-of/validates_email_format_of
12,vyraun/DNI-tensorflow
60,vanthome/winston-elasticsearch
12,vijaysridharan/ShoppingCartSourceCode
40,vsavkin/essential-angular-book-app
194,vesparny/react-kickstart
105,vitaorganizer/vitaorganizer
135,vasilakisfil/rails_tutorial_api
161,vintasoftware/django-react-boilerplate
239,viisual/ASCII-Decorator
33,vgno/ssehub
143,vicapow/angular-d3-talk
130,vczero/react-native-tab-menu
20,vonovak/react-native-bottom-toolbar
130,vczero/react-native-tab-menu
14,vuejs-tips/vue-component-template
220,vatesfr/xo
159,vieux/docker-volume-sshfs
50,vinnyoodles/algorithms
66,viniciussoares/ribot-android-boilerplate-kotlin
13,vonovak/react-native-simple-toast
52,valerybugakov/react-selectable-fast
81,varepsilon/clickmodels
39,vjwilson/enzyme-example-jest
36,viki-org/dnscache
37,vmbrasseur/IAS3API
33,vegansk/nimfp
32,vayerx/shadowgrounds
13,viromedia/viro-code-samples
122,vapourismo/luwra
24,vxy10/p2-TrafficSigns
27,versae/ipython-cypher
21,vczero/weex-yy-h5
81,varepsilon/clickmodels
329,vladfi1/phillip
12,valualit/QTcpServer01
233,volkhin/RoadTrafficSimulator
21,vue-demo/vue-ajax
67,vitaly-t/pg-monitor
233,volkhin/RoadTrafficSimulator
38,voixen/voixen-vad
188,vigetlabs/sprig
24,vigetlabs/simplest_status
25,vlet/http2-explained
72,vizvamitra/patme
39,vinsol-spree-contrib/spree-on-react
252,vladris/tinkerer
66,veckanu/web
113,vovkos/doxyrest
32,vladest/googlemaps
188,vUdav/flexbox-cheatsheet
17,vangaa/lstm_gan
40,vberezkin/billing-android
123,vmg/crustache
462,vitalif/grive2
77,vmunier/akka-http-with-scalajs-example
339,vmunier/play-scalajs.g8
23,vprokopchuk256/mv-core
172,vigetlabs/react-ink
48,viglesiasce/kube-lint
87,vietjtnguyen/argagg
45,varjolintu/keepassxc-browser
48,victorlaerte/awesome-it-quotes
226,voodootikigod/node-rolling-spider
127,vectart/ember-cli-pace
57,velopert/react-webpack2-skeleton
37,vasturiano/d3-force-registry
38,vasturiano/3d-force-graph
60,vxy10/ImageAugmentation
11,varnish/libvmod-geoip
14,vanntastic/generator-electron
92,vvanirudh/Pixel-Art
27,videojs/thumbcoil
343,vapor/redis
30,voyagegroup/talks
64,vitormalencar/wave-pwa
32,vayerx/shadowgrounds
87,voximplant/react-native-voximplant
753,vvk-ehk/evalimine
61,vickychijwani/kotlin-koans-android
263,vikeri/react-native-background-job
29,vermiculus/apiwrap.el
59,vy007vikas/PyTorch-ActorCriticRL
80,viktorbergehall/perf-hoc
309,vizflow/vizflow
72,voormedia/flipflop
194,vesparny/react-kickstart
70,volkanceylan/Serene
23,volkanceylan/serenity-guide
95,vogon/everycolor
329,vladfi1/phillip
15,visavi/rzd-api
1245,valderman/haste-compiler
1598,videlalvaro/gifsockets
46,vanevery/p5.serialport
77,vidageek/mirror
57,varlesh/Nylas-Arc-Dark-Theme
16,vchrisb/Isilon-POSH
21,vi/fdlinecombine
106,vakhtang/react-search-bar
12,vvard3n/VDFlashLabel
21,vshymanskyy/GY80
12,vmware/vidm-saml-toolkit
83,vorushin/sublimetext_python_checker
149,vz-risk/veris
637,vmihalachi/turbo-editor
148,vigna/ne
69,vugsus/coursera-machine-learning
393,varvet/godmin
13,virantha/airframe
637,vmihalachi/turbo-editor
85,vaadin/expense-manager-ng2-demo
45,visionect/roombooking
165,vivian8725118/SearchListView
224,victorprad/InfiniTAM
114,vetter/shoc
16,vroland/MyoIMUGestureController
23,victorsndvg/FEconv
25,vicapow/webgl-heatmap
917,vvo/lazyload
24,vanadiumlabs/arbotix_ros
14,viva64/pvs-studio-check-list
38,vstorm/Groove
33,vapier/pcalc
41,vapor-community/chat-example
279,vgrec/EspressoExamples
45,videogamepreservation/descent
33,vancegroup/freealut
115,vigetlabs/active_admin_associations
181,vrpn/vrpn
256,vmware/rbvmomi
230,vmware/rvc
19,virusdefender/weixin
28,vikrantsharma123/ios-inshorts-view
446,vinqon/MultiLayerNavigation
88,vace/wechatapp-news-reader
19,venj/Swift_Cocoa_ObjC_CN
52,vilyever/HowToCustomLayoutManager
38,varunsrin/one-py
76,vinc3m1/nowdothis
78,voroshkov/Chorus-RF-Laptimer
26,vigneshuvi/SwiftCSVExport
28,vigneshuvi/SwiftLoggly
22,verandaguy/slog
199,vdudouyt/minipro
30,vishpat/svg2gcode
102,vilemduha/blendercam
12,vjudge1/acm-template
570,viccherubini/get-shit-done
658,vydd/sketch
83,viion/lodestone-nodejs
32,vojtajina/task-manager
222,vafour/vafpress-framework
12,victorobs/ejemplo-php-poo-mvc
303,vijayrawatsan/android-json-form-wizard
14,vlevit/transmission-batch-move
65,voronianski/griddy.css
69,voxpupuli/librarian-puppet
33,volumio/Build
55,vimeo/VIMNetworking
267,vimeo/VIMVideoPlayer
11,vimeo/VIMDeeplink
11,viteinfinite/json2swift
208,viralpatel/jquery.shorten
74,v-kolesnikov/sicp
31,v-v-vishnevskiy/timeslider
54,vigo/git-puf-noktalari
195,vonnyfly/wechat-sendall
151,vbohush/geometric-progress-view
308,vlad1m1r990/Lemniscate
11,vishaltelangre/elm-tic-tac-toe
128,vpelletier/pprofile
13,vxy10/P3-BehaviorCloning
12,vscale/go-vscale
215,vladkens/VK
189,vjpr/monaco-bold
12,veqryn/cidr-ip-trie
42,venth/aws-adfs
227,vegeta897/d-zone
368,vinkla/climb
28,veeti/DisableFlagSecure
35,vim-scripts/ScrollColors
33,virtyaluk/paper-ripple
242,vRallev/OpenCV
109,vigneshshanmugam/js-cpa
105,vinaygaba/Ultimate-String-Array-List
14,vargi/recko
205,vvo/in-viewport
12,vmchale/tomlcheck
31,vRallev/cat
212,vvoovv/blender-osm
21,vahnag/react-timezone
61,vcrypt/vcrypt
542,viljamis/Molten-Leading
27,vadrian89/cumulus-qt
21,vinz243/cassette
17,victoria-bondarchuk/List-of-Academic-Research-on-Usability-in-FOSS
13,vedmant/jogging-time
119,violentshell/rollmac
558,vickychijwani/quill
51,vikaskanani/Android-Custom-Gallery-And-Instant-Upload
1326,visionmedia/uikit
66,view-components/grids
656,viljamis/TinyNav.js
42,varjmes/noquestionistupid
18,vizigin/petrovich
17,vidstige/NRasterizer
11,vishaltelangre/elm-tic-tac-toe
18,veganaut/veganaut
18,vicky7230/Paprika
18,vert-x3/vertx-tcp-eventbus-bridge
150,vikramkakkar/DeckView
13,veritas1/vertical-slide-color-picker
31,vkurchatkin/which-country
298,vincentarelbundock/Rdatasets
160,vcalvello/SwipeToAction
13,veritas1/vertical-slide-color-picker
100,vbartacek/aacdecoder-android
17,vigour-io/brisky
75,voipmonitor/sniffer
68,vovanbo/css2modernizr
128,vigneshshanmugam/optimize-js-plugin
54,vznet/oauth_2.0_client_php
75,vigetlabs/ensure-animation
24,vaenow/cordova-plugin-app-update-demo
16,voceconnect/widget-data
194,visionmedia/bytes.js
18,virtualmin/virtualmin-install
19,vmware/p4c-xdp
72,vincentcn/markdown-scroll-sync
212,viezel/napp.alloy.adapter.restapi
16,vigetlabs/Screenless
18,virtualmin/virtualmin-install
18,virtualmin/virtualmin-install
11,vigneshmsft/Spry
38,vert-x3/vertx-gradle-starter
11,vigneshmsft/Spry
250,vojtajina/node-di
17,vuematerial/boilerplate
35,vuejs/vue-curated-client
15,vmuthal/VivOAuthIMAP
28,vue-bulma/vuexfire-admin
33,vonKristoff/jumble
89,vidar-team/HCTF2016
18,vysec/DomainFrontingLists
11,vin-sha/jquery.smartify
989,vpdn/MMLayershots
37,vszakats/harbour-deps
140,vigetlabs/colonel-kurtz
544,vdw/Tabslet
19,vladignatyev/crx-extractor
440,vmg/rinku
57,vincentorback/WebP-images-with-htaccess
34,vmi/cocot
94,vstirbu/InstagramPlugin
15,valor-software/valor-style-guides
544,vdw/Tabslet
129,vtortola/ng-terminal-emulator
90,vincentbernat/serverspec-example
18,vaeth/squashmount
68,vadimsu/ipaugenblick
892,viewflow/viewflow
15,viraj-khatavkar/cakephp-integrated
46,vasilisvg/human-colours
29,vuejs-tips/compiler
31,vadimdemedes/node-video-thumb
104,vatesfr/xo-web
22,vagusX/koa-proxies
23,vampolo/polidocs
40,variadico/lctime
842,vstakhov/libucl
213,vnijs/radiant
217,vimeo/vimeo-oembed-examples
37,vukhanhtruong/jquery-elastic-grid
74,volumesoffun/cubiquity-for-unreal-engine
59,vladtsf/social-buttons
14,vrdevschool/cardboard-developer-mini
15,vanchelo/phalcon-console
67,vvuksan/ganglia-misc
184,vmware/PowerCLI-Example-Scripts
11,vikrantnegi/shopify-code-snippets
27,veloxy/pomodoro-electron
39,vpapakir/uptime-openshift
162,vmware/docker-volume-vsphere
544,vdw/Tabslet
361,vsvankhede/EasyFonts
11,vcfvct/brackets-file-format
12,viion/xivdb-api
81,vinkla/shareable-links
31,vagalume/api-exemplos
272,vanhauser-thc/thc-ipv6
995,vulpino/jolteon
21,vigetlabs/craft-localeredirector
38,versedi/Magento-Locales
18,vadymshymko/PureJSCarousel
32,vamshisuram/ionic-flappybird-clone
11,voku/html2text
111,vincentlab/PyFR
25,vlfeat/autonn
17,vakrilov/ngrx-devtools-nativescript
23,vektor-inc/Lightning
51,vors/ZLocation
19,vdaubry/youtube-multiple-dl
33,vstirbu/ZeroConf
13,vasilyukvasiliy/VestaCP-Sync-Backups-To-Mega
158,vaanwd/Zeal
19,vsbenas/parser-gen
65,vidalvanbergen/ViMediaManager
204,vivien/i3blocks-contrib
26,vot/ffbinaries-node
14,valnub/pgchat
20,vend/phoneduty
43,vitalets/awesome-browser-extensions-and-apps
16,verizonlabs/mesos-framework-sdk
65,vibber/CefWithSyphon
36,vwillcox/speedtest-cron
90,voyages-sncf-technologies/cerebro
27,vially/cpanel-lib
167,vz-risk/VCDB
47,vinsgo/awesome-ethereum
16,vertcoin/electrum-vtc
299,vinnymac/PokeNurse
104,vaniacer/piu-piu-SH
40,vmware/pynsxv
42,vmware/vsphere-automation-sdk-rest
78,vmware/powernsx
163,vadimdemedes/google-images
831,visionmedia/screenshot-app
26,vatlab/SoS
16,vaadin/material-theme-fw8
66,vsergeev/c-periphery
36,verbosemode/confplate
334,valentin012/conspeech
32,vbuzzano/sails-hook-jobs
419,vim-perl/vim-perl
34,vilic/vs-force-utf8
44,virusvn/react-native-svg-animated-linear-gradient
70,valr/cbatticon
35,vassvik/imgui_docking_minimal
89,vitalets/babel-plugin-runtyper
310,vasanthk/react-es6-webpack-boilerplate
76,vispractice/Amoeba-Plus-For-MySQL
14,vichargrave/sniffer
43,vdaubry/tor-privoxy
226,vrld/SUIT
32,vkeepe/card.io
46,vitaliy-bobrov/ionic-img-cache
58,vintasoftware/celery-tasks-checklist
142,vitorbritto/dev-list
162,vlasovskikh/funcparserlib
144,verma/plasio
47,viljoviitanen/freeotp-export
135,vdux/vdux
44,vieuxio/vieux
23,v2k/poker-eval
17,vincentriemer/native-css-layout-animation-poc
111,vincentlab/PyFR
86,vivo-project/VIVO
72,vrana/php-async
33,vf1/sipserver
64,vladimirvivien/go-cshared-examples
63,vanderkleij/Smocks
21,voronov-maxim/OdataToEntity
11,vsetka/deepl-translator
132,vue-comps/vue-clusterize
16,vonovak/react-navigation-props-mapper
63,venmo/business-rules-ui
192,vvchik/vagrant-serverspec
18,vuejs-vn/vuejs.org
16,vmagamedov/grpclib
22,vtrushin/json-to-ast
116,viktorbergehall/lazyframe
149,vutuv/vutuv
281,vinced/namecoin
55,vincentorback/clean-wordpress-admin
46,vitaliy-bobrov/ionic-img-cache
26,vbatts/merkle
139,voodootikigod/voodoospark
36,victorhaggqvist/Twig-sort-by-field
98,vendu/OS-Zero
65,vaidik/commentjson
1261,viljamis/Remote-Preview
202,vintasoftware/django-role-permissions
29,volnix/csrf
32,vDevices/Vagrant-LinuxDesktop
225,vim-scripts/FuzzyFinder
87,veikus/ingresshelper
129,vmware/webcommander
57,vmware/vic-product
54,vmware/vsphere-automation-sdk-python
111,voceconnect/multi-post-thumbnails
141,vacenz/last-draft
30,vector/nginx-configuration-for-ExpressionEngine
55,vinay20045/json-to-csv
14,vim-utils/vim-ruby-fold
78,vilanovi/UIColor-Additions
111,voceconnect/multi-post-thumbnails
55,vincentorback/clean-wordpress-admin
133,voryx/angular-wamp
76,valeriansaliou/jquery.clipboard
11,voicehacks/setup-local-recommendations
31,vuematerial/vue-material-experiments
132,vue-comps/vue-clusterize
51,vysec/ps1-toolkit
11,vector-sec/PSPy
26,viacoin/viacoin
1062,vlucas/frisby
27,valfer/PopDatePickerApp
33,vishalvshekkar/Animator
11,voku/html2text
16,verizonlabs/mesos-framework-sdk
129,vmware/webcommander
13,verser-git/probe_screen
53,vivekjain10/AndroidUnitTesting
22,vuo/vuo
54,vmware/vsphere-automation-sdk-python
76,valeriansaliou/jquery.clipboard
25,vipconsult/dockerfiles
13,varkor/pokengine
55,vincentorback/clean-wordpress-admin
20,vgheri/ChatR
31,vdwel/BlynkyHome
86,v3aqb/fwlite
49,visionappscz/bootstrap-ui
32,vouill/vue-geb
14,valtlfelipe/hapi-sequelizejs
80,vaakash/jquery-collapser
27,velopert/redux-pender
15,vimlab/mdown.vim
116,vivien/vim-linux-coding-style
699,vega/lyra
16,vsergeev/audioprism
149,vizabi/vizabi
14,votadlos/ZN2016
107,volter9/8-cms
22,viris/android
162,vim-scripts/a.vim
73,vinkla/laravel-alert
175,viljoviitanen/setup-simple-openvpn
16,vrtadmin/FIRST-server
29,vbraun/QuillDesktop
43,vmware/chaperone
280,viveleroi/jquery.formbuilder
280,viveleroi/jquery.formbuilder
15,vassilisv/DSCAlarmSmartThings
11,vulogov/zq
13,vanstorm9/Emotion-Recognition-DOF
115,vesnateam/sandstorm
256,vincentbernat/lldpd
51,vitch/jquery-methods
37,visi0nary/android_device_elephone_p8000
11,vivien/dotfiles
13,vosel/tau
135,videojs/videojs-vimeo
96,vincentbernat/nodecastor
12,vsmalladi/alexa-skills-kit-python
128,videns/vulners-scanner
32,victor-rds/KeeTrayTOTP
21,voltagex/serial-vm-buildroot
42,vasi/vmdk-raw-parts
16,vavrusa/ljdns
90,vcl/doc
63,vbuterin/bitcoinjs-lib
49,vbuterin/scalability_paper
53,vbuterin/pyethereum
24,vbuterin/btckeysplit
12,vbuterin/2fawallet
466,vurtun/mmx
380,vega/datalib
28,vagnervjs/social-signin-btns
29,vanyaland/Californication
266,viezel/TiSocial.Framework
318,vlm/asn1c
141,vcftools/vcftools
222,velazcod/Tinfoil-Facebook
35,vxy10/p5_VehicleDetection_Unet
285,visionworkbench/visionworkbench
48,vulkanprogrammingguide/examples
44,vbalnt/tfeat
110,volumio/Volumio-WebUI
57,varkenvarken/blenderaddons
18,volumio/RootFS-RaspberryPI
206,voronianski/soundcloud-audio.js
36,vihart/hypernom
45,vad710/UnityEngineAnalyzer
120,vivanov879/draw
15,vaisaghvt/django-bot-server-tutorial
22,vaxin/TensorFlow-Examples
121,vsClojure/vsClojure
446,vojtajina/ng-directive-testing
325,vim-scripts/YankRing.vim
64,vim-scripts/SyntaxRange
63,vscode-restructuredtext/vscode-restructuredtext
40,vigou3/emacs-modified-windows
19,vusd/smartgrid
11,vinzmay/go-rope
14,vertcoin/One-Click-Miner
21,vkbansal/react-notie
33,vnglst/latex-letter
31,vibhavp/dotty
11,vahidk/tensorflow-snippets
92,vollmerm/fungp
26,virgilvox/node-steam-controller
677,veandco/go-sdl2
36,vault12/zax
43,vene/pelican-bibtex
348,vagnervjs/frame-player
16,vpsfreecz/build-vpsfree-templates
39,vogechri/PRSM
18,voxsim/knowledge
51,vc1492a/Hey-Waldo
16,valbok/HEngine
216,vlado/rails_db_info
19,veertuinc/vagrant-veertu
17,vail-systems/node-mfcc
12,verificarlo/verificarlo
26,vlet/p5-Protocol-HTTP2
213,vladimarius/imapy
31,viphxin/fighting
28,vreverdy/bit
41,varkenvarken/spacetree
425,vrld/hump
17,valtlfelipe/TinyMCE-LocalAutoSave
67,vlandham/spectrogramJS
24,vitorfgd/EasyScreenshotUnity3D
21,vmagamedov/hiku
425,vrld/hump
141,virtualglobebook/OpenGlobe
11,vegos/AutonomousVehicle
1275,vekexasia/android-edittext-validator
23,vergilw/CWShare
280,vivian8725118/CardView
56,vigorouscoding/KSLabel
19,vermont42/RaceRunner
185,victor/whereami
14,victoraliss0n/FireRecord
125,vsedach/Vacietis
55,vanyaland/ToThePenny
14,vafour/vafpress-post-formats-ui
12,vladaverin24/ORBTagList
31,voshk/LocationPicker
55,vanyaland/ToThePenny
16,viviwu/XWCallKitDemo
29,v2panda/PDKeyChain
27,vapor-community/mongo-provider
23,vergilw/CWShare
505,venmo/DVR
129,vadimdemedes/generator-micro-service
63,varoudis/depthmapX
1108,vpdn/MMAppSwitcher
49,vfr/UXReader-iOS
460,vim-scripts/taglist.vim
27,vimeo/VimeoUpload
190,vaab/gitchangelog
190,vaab/gitchangelog
18,vus520/thinkphp
326,visiongeist/pull-to-refresh-js
93,vwarship/ocrstyle
29,v2panda/PDKeyChain
356,viniciusmo/VMaskTextField
55,vanyaland/ToThePenny
24,vanyaland/MVVM-Example
18,vanyaland/Tagger
19,vanyaland/Habito
13,vanyaland/UpcomingMovies
12,vanyaland/iOS-Developer-Nanodegree
94,vxgmichel/aioconsole
16,vallard/iOS-TreeTableViewController
15,vyivanov/AVR-ASM-Sublime
18,vanyaland/Tagger
24,vibrazy/SegueCustomTransitions
15,vkrasnov/avx_qsort
20,vlas-voloshin/JSONSchemaValidation
83,videlalvaro/gen_microservice
68,vakila/kimi
100,viettranx/VTXKaraokeLyricView
79,vitoziv/VISDWebImageWorker
24,vanyaland/MVVM-Example
62,v8/node
17,varvet/tiny-autocomplete
11,vviicc/MFPerformanceMonitor
21,viticm/plainframework1
12,vtky/resign
24,vanyaland/MVVM-Example
154,valitovaza/scrollableTabbar
356,viniciusmo/VMaskTextField
283,vizllx/DraggableYoutubeFloatingVideo
18,vishalvshekkar/SwiftFSM
23,vangie/ss-compose
103,vilyever/AndroidDrawingView
13,vueSpa/vue-2.x-SoundCode
56,vanruesc/postprocessing
222,viniciusmo/extract-localizable-string-plugin-xcode
21,veelenga/lua.cr
25,vapor/api-template
34,veritech/FROAuth2Request
148,victorvoid/vim-frontend
60,voidberg/webpack-angularjs-lazyload
79,vitoziv/VISDWebImageWorker
21,vigetlabs/craft-color-swatches
87,vuejs/vue-hot-reload-api
309,visnup/Minimal-Status-Bar
32,vir56k/demo
16,vijaymathew/slogan
60,voithos/swiftcode
31,vtns/FontLabel
41,vojtamolda/homebridge-bluetooth
17,vectorform/Texty
27,voydz/souyuz
85,vjeux/soulver.js
60,vapor-community/slack-bot
13,vilyever/AndroidContextHolder
40,vifm/vifm-colors
72,vitorfs/parsifal
14,volkansahin45/Moneycim
118,vinhnx/Ciapre-Xcode-theme
19,vpekar/stanford-parser-in-jython
29,vutran/omnibar
27,versluis/Pedometer
11,viniciusaro/SwiftResolver
53,vincentjames501/libvorbis-libogg-android
53,vincentjames501/libvorbis-libogg-android
11,viniciusaro/SwiftResolver
15,vrutberg/VRPicker
120,volcano/volcano
202,vicpenap/VPPMap
16,vegather/GraphView
23,varun-naharia/SocketChat-iOS
43,vranki/ExtPlane-Panel
114,vuejs/eslint-config-vue
16,vegather/GraphView
180,vesse/passport-ldapauth
22,vhpoet/xrpvalue.com
102,vasth/zaina
81,verhas/License3j
618,vinaygaba/CreditCardView
283,vince-styling/Netroid
70,vlidholt/CocosDragon
19,vivlabs/instaclone
13,vrtto/TagViewPager
96,venshine/AndroidCommon
42,vihuela/RecyclerViewHelper
21,ventureresearch/libevent
12,vitalyavolyn/instagram-downloader
96,venshine/AndroidCommon
22,voisen/WZCChartLineView
36,vipshop/VDM
19,voxmedia/quill
34,vampserv/node-poker-stack
19,virinext/pipeviz
15,voc/multiview-monitor
20,verixx/selfbot.py
30,very-geek/ember-sandbox
86,vim-utils/vim-vertical-move
87,vRallev/android-task
45,vincross/mind-sdk
45,viking-gps/viking
49,voxserv/freeswitch_conf_minimal
52,vic/ok_jose
257,vilanovi/UIImage-Additions
20,veryyoung/skeleton
25,vvsuperman/fkEstate
143,vigsterkr/libjingle
13,vanbwodonk/STM32F4_USB_MP3
32,vulnersCom/scripts
51,vkurchatkin/typescript-vs-flow
23,veloce/vim-aldmeris
14,vijinho/f3-cms
21,vash15/pinch-zoom-canvas
388,vivian8725118/ZXingGenerator
108,vvanholl/elasticsearch-prometheus-exporter
145,vanilla-framework/vanilla-framework
13,vvakame/memvache
19,vux427/ForceFieldFX
51,va3c/va3c.github.io
136,venmo/venmo-ios-sdk
89,vowed21/HWViewPager
55,valyard/ReorderableListExample
20,vsona/RxJava2RetrofitDemo
122,vim-utils/vim-man
84,vic/params
28,vaibhavmule/react-redux-helloworld
72,visualitypl/textris
272,veryEvilMan/fl-ru-damp
27,vschiavoni/sgx-papers
21,vintikzzz/vim-bundler
419,vlandham/js_data
157,volanja/ansible_spec
94,vmaimone/vue-context-menu
17,vespa/semantic-schema-parser
23,vintikzzz/cassandra_ecto
51,voluntas/japanese-erlang-elixir-companies
21,vivaladav/BitsOfBytes
17,vkobel/ethdrain
90,vincpa/z
23,vintikzzz/cassandra_ecto
481,vvanders/wasm_lua
23,vintikzzz/cassandra_ecto
83,vt-elixir/ja_resource
166,virtualstaticvoid/heroku-buildpack-r
27,vschiavoni/sgx-papers
101,voorhoede/front-end-tooling-recipes
11,vaidehijoshi/better-code-reviews
15,vaadin/framework8-demo
42,vadimtsushko/objectory
169,vovimayhem/docker-compose-rails-dev-example
230,voorhoede/riotjs-style-guide
12,visity/docker-elasticsearch-curator
98,vas3k/python-glr-parser
77,vue-bulma/vue-bulma
51,voluntas/japanese-erlang-elixir-companies
38,vasanthkalingeri/CommercialDetection
37,veelenga/dress
22,vdevigere/undertow-cdi-jaxrs
171,vonWolfehaus/von-grid
81,vacationlabs/haskell-webapps
13,vernonk/patternguide
246,vheun/ArduinoPlaysTimberman
41,vsouza/docker-SQS-local
35,vuejs-kr/vuejs-kr.github.io
56,vuejs-kr/kr.vuejs.org
41,vincetse/shellutils
26,vindaloo-thesis/idris-se
38,vancluever/packer-terraform-example
72,veltzer/openbook
43,vkhorikov/FuntionalPrinciplesCsharp
78,videlalvaro/rabbit-internals
19,versatran01/graphslam
99,vraid/earthgen-old
67,vfarcic/ms-lifecycle
12,vanhoefm/broadkey
53,vishesh/sealnote
56,varunpant/Quadtree
94,valentinvieriu/visual-hacker-news
169,vovimayhem/docker-compose-rails-dev-example
289,vbauer/jackdaw
82,voidlabs/elycharts-old
12,voat/voat-android
763,vagrantpress/vagrantpress
64,vigo/dinozorus
238,viktorklang/blog
291,volojs/create-template
51,victormours/dotfiles
30,von/pyVBox
43,vkhorikov/FuntionalPrinciplesCsharp
16,vinivendra/metal-metaballs
230,vanruby/canada
76,vskosp/vsGoogleAutocomplete
36,vmkdaily/vFlux-Stats-Kit
48,vmware/weathervane
17,vipentti/elm-mdl-dashboard
240,voloko/twitter-stream
12,vujadin/KhaNES
122,vinhnglx/active_bootstrap_skin
15,volter9/CoreMIDI-Wrapper
25,vgorloff/AUHost
43,vadymmarkov/Pitchy
12,videojs/docs
31,vichargrave/wqueue
97,vichargrave/tcpsockets
99,vraid/earthgen-old
195,vsedach/Parenscript
158,vitorbritto/workflow-guide
60,vlovgr/ciris
42,vim-scripts/SearchComplete
377,vimoutliner/vimoutliner
118,visualboyadvance/visualboyadvance
40,vaharoni/trusted-sandbox
94,vapor/engine
75,visualgui/prowebtype
52,vend/SncRedisBundle
120,voxpupuli/puppet-mcollective
355,vladikoff/PWAify
21,vinceliuice/emerald-icon-theme
21,vipulvpatil/deeplinking-in-ios
58,vonzhou/opencv
167,vinniefalco/NuDB
66,vlajos/misspell_fixer
38,vandre/mojito
403,vowsjs/api-easy
37,vincentSea/gulp-cli
127,vdudouyt/stm8flash
12,vutran/wpmvc
37,vincentSea/gulp-cli
37,vincentSea/gulp-cli
262,vprimachenko/Sublime-Colorcoder
20,varFamily/cocos-ui-libgdx
39,vue-bulma/chartjs
21,vqlai/vqlai.github.io
21,vqlai/vqlai.github.io
58,vikingmute/javascript
460,vmt/udis86
30,various/YYInfiniteScrollView
41,venomgfx/amaranth
12,visugar/FrontEnd-examples
68,vace/css3-animation-generator
11,vue-elm/vue2-elm
41,vilic/clime
20,vslavik/gettext-tools-windows
26,vasilenkoigor/VASRefreshControl
72,vanilladb/vanillacore
11,vincenthou/free-for-china-dev
17,vincenthou/vincenthou.github.io
16,vnen/godot-platfomer-cpp
23,visionsj/vue-dyc360
29,vintasoftware/python-linters-and-code-analysis
15,vintasoftware/django-celerybeat-status
25,vilppu/OpenHtmlToPdf
17,vadimzozulya/FakeHttpContext
29,vintasoftware/python-linters-and-code-analysis
15,vintasoftware/django-celerybeat-status
11,voxy/django-bootstrap-select
49,vikingco/django-kong-admin
18,varun-naharia/VNOfficeHourPicker
393,vkocubinsky/SublimeTableEditor
18,vkarpov15/reading-list
416,voronianski/ngprogress-lite
313,voronianski/realtime-geolocation-demo
80,valery-barysok/session-file-store
416,voronianski/ngprogress-lite
416,voronianski/ngprogress-lite
12,vpejovic/MachineLearningToolkit
15,vicwang163/babel-plugin-react-perf
35,vue-comps/vue-parallax
35,vue-comps/vue-parallax
34,vue-bulma/click-outside
275,vespakoen/menu
164,viduthalai1947/loaderskit
23,visionsj/vue-dyc360
393,vkocubinsky/SublimeTableEditor
12,visonforcoding/zuidemo
34,vue-bulma/click-outside
11,viv/linphone-android
33,vincentLiuxiang/lu
388,vuejs/vue-async-data
43,vakila/dunders
20,vvvv/Posh
14,vocolboy/Facebook-Random-OGTag
22,vlkosinov/karma-chai-as-promised
54,vasia/gelly-streaming
150,venantius/yagni
41,vapor-community/docker
16,vicanso/articles
74,vidalab/meteor-html2jade
12,vakila/game-of-life
77,vire/jest-vue-preprocessor
16,vicanso/articles
56,van-nguyen/webpack-cdn-plugin
120,vuejs/vue-component-compiler
77,vuejs/vue-style-loader
51,vuejs/vue-issue-helper
28,vradarserver/vrs
254,vim-dist/webvim
182,vuejs/vue-element
210,vrld/HC
27,vimrus/tickdb
30,vvo/analytics.js-loader
16,vigetlabs/jest-with-nightmare
14,vasanthk/react-lite
63,vim-php/vim-php-refactoring
28,vinkla/dotfiles
26,vue-bulma/lory
48,vikingeducation/demo_simple_blog
12,vasilyjp/redis-dist-mutex
47,vladotesanovic/typescript-mongoose-express
95,vinitkumar/node-twitter
145,vmetrix/vacuumetrix
11,vangheem/sync-ftp-to-s3
13,vuhaininh/React-Resources
51,vuvova/gdb-tools
40,voorhoede/npm-style-guide
423,victorporof/Tilt
23,vinisketch/VSToolkit
223,vol7/shorthand
68,vmelnik-ukraine/DoctrineEncryptBundle
20,vascogaspar/hello-portfolio
13,vincenthz/hs-packer
173,valderman/selda
75,veyon/veyon
93,vincentmorneau/material-apex
52,vjeux/GithubLogin
12,vakshorton/DeviceManagerDemo
134,vectorgraphics/asymptote
27,vrom911/hs-init
34,vimalmanohar/old-kaldi-git
64,vsbuffalo/scythe
53,vy/libpqueue
17,vktec/asc
69,varunchitre15/MT6589_kernel_source
17,vktec/asc
170,vhelin/wla-dx
29,vital101/jScroll
172,voidlinux/xbps
46,viboes/std-make
44,vermaseren/form
822,vertiginous/pik
16,vasco2016/ransomware
20,vygr/OSX-Forth
216,vrtadmin/moflow
170,vhelin/wla-dx
30,vjeux/jsCollaborativePresentation
173,valderman/selda
80,vipjeffreylee/ShanbayDict
22,violentmonkey/violentmonkey-mx
25,viclee2014/VerticalSwitchTextView
12,vaniacer/bash_color
17,vim-scripts/indexer.tar.gz
26,valbok/img.chk
29,vigneshshanmugam/react-memorystats
96,vharitonsky/iniflags
18,villins/Blog
11,vuptran/cardiac-segmentation
14,vowstar/commbug
37,voikko/corevoikko
36,vad-zuev/ImageDownloader
15,vromero/activemq-artemis-docker
26,vegasbrianc/grafana_dashboard
26,vijaykatam/django-cache-manager
114,vangie/gfwlist2pac
23,vpaliyX/ChipsLover
137,venantius/glojure
11,vokimon/python-qgmap
325,vim-scripts/dbext.vim
47,vitrun/qart
217,voodooattack/nexusjs
21,vigou3/emacs-modified-macos
58,voxpupuli/puppet-zabbix
50,voidqk/sndfilter
22,vaguileradiaz/tinfoleak
15,veryyoung/pic2ascii
12,vfreex/docker-netease-cloud-music
16,vpetrigo/caches
37,vimagick/rpi-bin
118,vlfeat/matconvnet-fcn
313,vegasbrianc/docker-monitoring
17,vajraBodhi/vue-webpack-starter
17,vasilevich/nginxbeautifier
39,vert-x3/vertx-service-proxy
11,vuptran/cardiac-segmentation
126,v1210012100/Gank.IO2
35,vue-bulma/modal
36,vincentmac/enlightened
15,veryyoung/pic2ascii
34,vespa-engine/documentation
125,vinjn/opencv-2-cookbook-src
30,venshine/RoundImageView
249,videojs/video-js-swf
11,vishwajeetv/stock_prediction
30,vczero/keyboard
484,vgel/summarize.py
16,vuori/weasel-pageant
18,virantha/scanpdf
15,vickenty/perl-xs
70,vim-scripts/SQLUtilities
27,versatica/mediasoup-demo
24,vlsi/mat-calcite-plugin
26,vsavkin/testing_ngrx_effects
37,vimagick/rpi-bin
11,vihanggodbole/reddit-pocket-sync
51,votesmart/python-votesmart
34,vega/vega-embed
13,vsouza/democratic
193,vmware/xenon
63,vrabaud/gPb
37,vinnicc/dota
23,val-iisc/crowd-counting-scnn
24,vanillabox/OpenSCADBoxes
33,votinginfoproject/vip-specification
36,vert-x3/vertx-lang-kotlin
37,vim-scripts/sessionman.vim
36,vert-x3/vertx-lang-kotlin
79,vangj/vagrant-hadoop-2.4.1-spark-1.0.1
26,vetri02/HackerNews
185,vim-scripts/vimwiki
30,vampireneo/information-technology-ebooks2
13,vulpecker/Vulpecker
47,vincent-petithory/dataurl
205,verdverm/frisby
157,veorq/SipHash
43,virtualabs/radiobit
30,valeriangalliat/gogs-migrate
72,vain/asciiworld
19,vkorn/hassio-addons
209,vesparny/codeigniter-html5boilerplate-twitter-bootstrap
116,vincentbernat/snimpy
33,vysec/genHTA
42,vanita5/mastodon-api
15,vitrivr/cineast
12,viper151/Server-dashboard-for-media-server-sickbeard-couchpotato-plex-etc
29,vwal/nfs_automount
94,vkarampinis/awesome-icons
114,vim-scripts/Vim-R-plugin
29,vwal/nfs_automount
17,vexorian/twitter-image-bot
16,vletoux/MakeMeEnterpriseAdmin
28,v1shnu/WebRTC
32,voidlinux/voidlinux.github.com
36,vturecek/service-fabric-xray
142,vim-utils/vim-troll-stopper
42,vladimirvivien/jmx-cli
13,vasanthk/git-tips-and-tricks
20,vekkt0r/novatools
25,villamany/3dpBurner-Image2Gcode
19,villamany/3dpBurner-sender
108,verbb/comments
38,verbb/expanded-singles
116,verbb/cp-nav
45,vaemendis/hccd
69,vain/lariza
197,vishr/local-history
51,vpedak/droidtestrec
366,vusec/drammer
30,voyageur/dagr
12,vaseem-khan/URLcheck
98,vjik/arcticModal
70,vodik/repose
12,vaughanchandler/duolingo
126,virtual-world-framework/vwf
30,voyageur/dagr
107,vinta/haul
151,vergl4s/instarecon
110,vFense/vFense
69,voyage11/AutoLayoutBasics
55,volition-inc/bc7_gpu
145,vipul-sharma20/sharingan
28,vuejs-jp/jp.vuejs.org
74,vivin/GenericTree
228,vito/chyrp
30,voyageur/dagr
90,voxelwind/voxelwind
47,vicr123/theshell
81,vbudhram/fantasy-football-io
17,veproza/bubliny
17,veproza/bubliny
15,vinnyroundfoot/Riot-Table
23,vmlaker/mpipe
93,va3c/viewer
30,vti/crafty
22,vapor-community/postgresql-driver
16,viveksck/changepoint
16,vodik/dwmhacks
533,victorstanciu/Wikitten
19,verylargebox/VLBUserIdentity
182,vzvenyach/scotus-servo
161,vandernorth/NecroBot.GUI
24,vasumv/pokemon_ai
12,vaneyckt/kmeans-clustering
247,vgteam/vg
20,vatesfr/react-bootstrap
178,venthur/python-ardrone
26,valiantljk/h5spark
36,vmbrasseur/devops-learning-resources
11,vfarcic/TechnologyConversationsCD
12,videlalvaro/tamedrabbit
72,vidar-team/hctf2015-all-problems
105,vertica/Vertica-Extension-Packages
32,vikasrawal/endingmalnutrition
167,vasinov/jruby_mahout
39,vitormhenrique/OctoPrint-Enclosure
105,vertica/Vertica-Extension-Packages
47,vladislav-k/VKSideMenu
37,vmeurisse/phantomCrawl
14,vicchi/vaguely-rude-places
40,valeriansaliou/giggle
16,vuetifyjs/electron
28,vibrazy/Color-Fonts-Code-Generator-iOS-Android-Windows
13,vuejs/vue-test-utils-mocha-webpack-example
49,vauvarin/options-framework-theme
13,victoriachuang/github-header
128,viezel/NappUI
51,vtraag/louvain-igraph
321,venmo/VENVersionTracker
33,vpaliyX/Last.fm-API
142,vega/ipyvega
26,vitas/beaconloc
15,veigr/Nekoxy
161,vandernorth/NecroBot.GUI
41,venmo/android-pin
28,venmo/app-switch-android
128,vivianaranha/TvOS_Remote
11,vapor-community/sqlite-provider
13,vkurennov/qna
157,vjeux/jsRayTracer
72,vczh-libraries/Workflow
99,vkoser/PlainNote
77,vczero/node-weibo
153,vandadnp/iOS-9-Swift-Programming-Cookbook
32,vanstorm9/Midi-AI-Melody-Generator
32,vaclav-zeman/dashboard-react-template
45,viezel/NappImageView
19,vterron/dijkstra
19,vterron/dijkstra
281,vova616/GarageEngine
14,vedon/WWDC-2015
11,vsampath/uWave
281,vaigunth/card-printer
26,vbudhram/optical-pulse-reader
33,vim-scripts/indentpython.vim
14,voidloop/krakenapi
462,venmo/tooltip-view
14,varunpm1/VPRangeSlider
27,voxserv/freeswitch-perf-dialer
96,versluis/3D-Touch
1285,vicpenap/PrettyKit
26,voiyse/alexa-skill-test
24,veger/ruby-bbcode
233,verbb/super-table
13,vladislav-k/VKPopupView
453,vole/vole
453,vole/vole
39,vpython/visual
22,vancegroup-mirrors/avr-libc
84,vovkasm/react-native-web-image
1285,vicpenap/PrettyKit
116,viilaismonster/LinearAllocFix
123,viznut/IBNIZ
85,vlad-shatskyi/uberscore
96,versluis/3D-Touch
23,vluzrmos/collective-html
44,vmfarms/generate_updateinfo
12,voxserv/kamailio-static-relay
221,vjeantet/hugo-theme-casper
21,vfarcic/blue-green-docker-jenkins
31,vngrs/tcp-async
17,vosbergw/picasa3meta
41,vinod8990/godot_plugins
52,vnen/godot-tiled-importer
168,vicentedealencar/redux-pouchdb
288,vikramkakkar/SublimeNavigationView
43,vail-systems/node-fft
216,vanderlee/colorpicker
11,vinicius0026/datatables-query
32,vkurdin/idea-php-lambda-folding
13,viktorlarsson/gulp-inject-svg
14,volpino/WikiWatchdog
11,vmitchell85/luxafor-python
38,vbalnt/pnnet
28,venturemedia/musickit
184,vitoziv/VICMAImageView
28,vlisivka/bash-modules
107,vermont42/GpxLocationManager
22,velocity9/Inspector
32,volca02/openDarkEngine
27,vdudouyt/sdcc-examples-stm8
79,vuejs-templates/browserify-simple
26,vozlt/nginx-module-sts
40,voicy-ai/DialogStateTracking
129,vinhnx/ColorArt
168,vangelov/VLDContextSheet
20,valu-digital/fawe-ios
34,vonWolfehaus/flow-field
44,vokal/Cat2Cat
14,vsanthanam/Slide
358,veloce/lichobile
108,vitaly-t/pg-promise-demo
22,vinova/B2DebugDraw
15,venmo/drinks-on-me
260,vit-vit/CTPL
48,vernnobile/MuliFont
14,vernnobile/NunitoFont
14,vitorgrs/AcrylicToolkitBlur
28,villadora/node-hessian
42,vgheri/ShopWithMe
25,vahidk/tf.rasterizer
24,victorloux/applied-typography
11,veritrans/veritrans-android
11,valeriomazzeo/fastlane-plugin-jira_transition
107,vermont42/GpxLocationManager
45,victorjonsson/PHP-Markdown-Documentation-Generator
16,vbatts/go-cgroup
63,valexa/VAFieldTest
63,valexa/VAFieldTest
11,vulkano-rs/vulkano-www
26,vf1/desktopgap
27,vnagar/3DCharts
45,viamarte/modernweb
48,vladsandulescu/phrases
45,viamarte/modernweb
15,videah/discord.lua
11,vrruiz/wsse-js
57,venmo/xcode_server
12,vusec/safeinit
30,vlad902/kernel-uninitialized-memory-checker
73,vue-bulma/cleave
36,vincentbernat/zshrc
28,vonclites/squeezenet
58,vincent-le-normand/Parrot-Status
87,vshymanskyy/blynk-library-js
167,vitalie/webshot
30,vusec/dangsan
21,vogella/androidsqlitebook
26,vibe-d/eventcore
82,varlesh/VLC-Arc-Dark
29,vslavik/ellipticlicense
62,videlanicolas/assimilator
11,vladdu/vscode-erlang-lsp
62,vhpoet/awesome-ripple
52,vrothberg/vgrep
26,vavrusa/grafana-sqldb-datasource
17,victorherraiz/cloud-config-client
54,vallejocc/Reverse-Engineering-Arsenal
21,vusec/typesan
28,vulnex/Tintorera
67,vspandan/IFuzzer
67,vspandan/IFuzzer
54,vallejocc/Reverse-Engineering-Arsenal
70,vecna/sniffjoke
17,vint21h/django-read-only-admin
36,vim-scripts/LargeFile
15,vchoi/vmware
282,vspinu/polymode
18,viccherubini/expert-php-deployments
40,virtuald/docker-registry-cache
21,vietstacker/openstack-juno-multinode-U14.04-v1
19,vinsguru/pdf-util
12,vasturiano/timelines-chart
120,virgo-agent-toolkit/rackspace-monitoring-agent
26,vlsi/ksar
105,vimpr/vimperator-colors
120,virgo-agent-toolkit/rackspace-monitoring-agent
27,vmware/tdnf
135,valentinogagliardi/ansible-logstash
58,valentinogagliardi/logstash-role
72,vmware/nsxansible
27,vorburger/webdriver-reporting
93,vim-scripts/TaskList.vim
46,veloxy/purl
24,vrutkovs/firefox-flatpak
15,vmware/upgrade-framework
105,vladimirvivien/clamshell-cli
75,vmware/vcd-cli
30,vmware/vcloud-rest
30,vmware/vcloud-rest
48,v-zhuravlev/zbx-smartctl
49,vezwork/phasocketonline
515,voxpupuli/puppetboard
20,verbosemode/public-notes
17,vmw-loginsight/webhook-shims
16,valdisiljuconoks/LocalizationProvider
27,vjames19/kotlin-futures
100,voxpupuli/vagrant-librarian-puppet
65,voxpupuli/puppet-network
29,vishvananda/prettytable
442,vsespb/mt-aws-glacier
179,vladimirias/Foundations
18,voxpupuli/puppetdb-ruby
34,vigetlabs/ruby_spark
61,voxpupuli/puppet-blacksmith
65,voxpupuli/puppet-syntax
442,vsespb/mt-aws-glacier
709,vektra/templar
20,vincentvdk/ansible_inventory
709,vektra/templar
11,valgog/pg_sql_parser
12,vmware/vio
48,vovimayhem/vagrant-guest_ansible
59,vintasoftware/django-apps-checklist
18,vpikulik/postgres_osm_pbf_fdw
18,vechnoe/clinic
58,voxpupuli/puppet-jira
88,vmarkovtsev/DeathHandler
23,voxpupuli/metadata-json-lint
54,vshn/puppet-gitlab
14,vjammar/aws-iot-python
515,voxpupuli/puppetboard
49,voxpupuli/puppet-archive
19,voxpupuli/puppet-prometheus
11,vkozlovski/ansible-virtualization
19,vbrankov/hdf5-ocaml
12,vspiewak/hubot-ansible
19,voxpupuli/puppet-logrotate
17,vmw-loginsight/webhook-shims
17,vmw-loginsight/webhook-shims
235,vektra/tachyon
20,vakila/vakila.github.io
11,vladgolubev/docker-in-aws-lambda
49,vermaden/beadm
20,vaskas/laptop-ansible
14,vim-scripts/bats.vim
235,vektra/tachyon
12,vmware/vmware-vmware_lib
24,vmware/vmware-vcsa
17,vforgione/logging2
18,videogamepreservation/descent2
77,virtuald/pyhcl
35,volumio/volumio-plugins
18,vadzimyatskevich/SSD1306
27,vjames19/kotlin-futures
11,vishaltelangre/gaana-dl
21,vy/fiber-test
25,verilylifesciences/genomewarp
22,vanadium-archive/go.jiri
18,voxpupuli/puppetdb-ruby
51,vigetlabs/olive_branch
24,vshn/puppet-in-docker
128,vyshane/kid
39,voxpupuli/puppet-corosync
95,vitalk/vim-simple-todo
45,vanniktech/gradle-android-javadoc-plugin
19,volanja/ansible_tools
30,vivin/enumjs
44,vyos/emrk
78,vandium-io/lambda-tester
158,vlipco/srv-router
151,vmunier/sbt-web-scalajs
20,valtmanir/Cloudefigo
442,vsespb/mt-aws-glacier
12,vrcod/akka-sample-twitter-streaming
68,voxpupuli/puppet-php
53,varnish/spew
53,vfarcic/cloud-provisioning
70,vgropp/bwm-ng
12,vicgc/pyAndriller
192,virtan/eep
63,virtualmarc/gitlab-ci-runner-win
19,voxpupuli/puppet-logrotate
12,vspiewak/hubot-ansible
11,vaulstein/awsprofile
34,vlraik/word-level-rnn-keras
19,vladdeev/flow
31,vilic/thenfail
313,vasanthk/async-javascript
17,vwong2013/iOSVNCInputClient
34,vhdirk/vim-cmake
28,viaforensics/android-encryption
30,vmware/photon-model
36,v5est0r/Python_FuckMySQL
76,vusec/hammertime
14,vsego/python-lecture-notes
27,vu3jej/scrapy-corenlp
40,vfasky/cnbeta-rss
1031,visionmedia/deploy
36,v5est0r/Python_FuckMySQL
41,valhalla/valhalla-docs
20,vmware/open-vmdk
14,vy/wapi
88,vaab/colour
17,vfarcic/docker-flow-monitor
12,vmware/OHMS
69,vmware/vmware-vcenter
29,varepsilon/cas-eval
23,vanzytay/pytorch_sentiment_rnn
56,v/sniper
13,v-egoshin/WindowsUploadToolkit
60,vim-scripts/Auto-Pairs
16,vim-scripts/gdbmgr
12,voz-living/chrome-extension-react
27,vortessence/vortessence
126,vvalien/SharpMeter
15,voxxit/cpanel
147,victorhsieh/tw-law-corpus
26,vsay01/Android-Model-View-Presenter
34,vipulasri/Toolbar-Elevation-Pre-Lollipop
28,v3ga/Processing
32,vaibhavsagar/duffer
51,vicb/tipsy-swift
173,vim-jp/vimdoc-ja
11,vincent4j/pmweekly.com
17,vertretungsplanme/substitution-schedule-parser
46,verbling/assetflow
79,vincentbernat/wiremaps
13,vnglst/mocking-with-jest
113,vivliostyle/vivliostyle.js
74,victorjonsson/jquery-editable
13,viraptor/wigle
18,vapier/ncompress
42,vim-scripts/fcitx.vim
57,vim-scripts/camelcasemotion
19,vardius/gorouter
207,vikasrawal/orgpaper
11,vpn-kill-switch/killswitch
129,vhakulinen/neovim-intellij-complete
178,vertical-knowledge/ripozo
14,vitalk/ansible-secure-ssh
107,voxpupuli/puppet-nodejs
58,vangorra/git_split
18,vi/virtual_touchscreen
122,veorq/blueflower
17,vanbexlabs/ethereum-auth-demo
27,vsergeev/libGIS
145,villoren/KalmanLocationManager
46,vinxce/RMMV-MMO-webkit
17,vulnersCom/vulners-scanner
11,vmllab-js/vFramePlayer
14,vedantk/gcrypt-example
145,villoren/KalmanLocationManager
19,vyos/build-ami
57,vbanthia/appium-docker-demo
61,voxpupuli/puppet-letsencrypt
113,veorq/oee
28,veorq/fca
107,violentshell/rover
14,vitalk/ansible-secure-ssh
78,vanniktech/gradle-android-junit-jacoco-plugin
27,vel21ripn/nDPI
48,voronianski/node-object-encrypter
28,vlanard/videoscripts
20,versionone/VersionOne.SDK.Python
157,vikstrous/pirate-get
25,vim-utils/vim-alt-mappings
51,vvanhee/Google-Local-Search-iOS
23,vandersonmr/A_Star_Algorithm
58,vanniktech/gradle-android-apk-size-plugin
42,vichargrave/espcap
154,vogievetsky/KoalasToTheMax
122,veorq/blueflower
22,vtk13/xdebug-trace-viewer
301,vega/polestar
78,vsavkin/RuntimeTypeChecks
19,vente-privee/varnish-hive
24,vletoux/ms17-010-Scanner
11,vallejocc/Hacking-Busybox-Control
24,vletoux/ms17-010-Scanner
81,vaadin/addressbook
63,vaadin/valo-demo
17,vaughnd/centralised-logging
11,vmarquet/opencv-disparity-map-tuner
11,virtuoso/linux-perf
41,viethoa/recyclerview-alphabet-fast-scroller-android
12,valar1234/MIPS
13,vaadin/tutorial
12,valar1234/MIPS
27,voyagegroup/popuko
43,veqryn/go-email
38,voceconnect/afterburner-ansible
286,vsergeev/luaradio
32,volpino/openlayers-timeline
27,voyagegroup/popuko
296,vstirbu/fsm-as-promised
14,vedderb/SparkSwitch
32,vaadin/cdi
74,vinumeris/updatefx
70,voxpupuli/puppet-collectd
195,vfreex/hijackfilter
19,vuejs/todomvc
59,vwochnik/jekyll-language-plugin
14,v7unix/v7unix
32,vaadin/book-examples
16,vacuumlabs/yacol
35,vlasovskikh/intellij-micropython
78,vinitkumar/white-paper
52,vrozenfe/qxl-dod
53,vtsynergy/OpenDwarfs
13,vaadin/Graph-Explorer
32,vaadin/book-examples
67,vletoux/NTLMInjector
25,vert-x3/issues
13,vladvelici/ng2-mock-server
161,volca/markdown-preview
32,verhoevenv/OpenNotrium
26,venam/Browser
11,vinjn/renderdoc-frame-reporter
207,vikasnkumar/hotpatch
13,v-p-b/ivmi
14,violentshell/thor
125,videah/LovePotion
59,vangav/vos_backend
89,vitorgalvao/tiny-scripts
15,vivekchand/p0fPythonWrapper
346,vodkabears/Interdimensional
58,v1k45/python-qBittorrent
86,valdergallo/digitalocean-ubuntu-fabric
12,vasimv/StmSmoke
21,vladgr/jobfinder
57,vim-scripts/AutoClose
47,vojta-horanek/APKMirror
115,voronianski/simon-le-bottle
74,vaadin/vaadin-upload
14,v2ray/V2Ray.sh
21,vinz9/cudasims
81,viverae/marionette.formview
13,voltrb/todos3
56,vvvvalvalval/datomock
26,vvvvalvalval/datalog-rules
232,vcflib/vcflib
14,veonik/arduino-cc1101
17,versaloon/versaloon
33,vim-scripts/snipMate
24,vim-scripts/marvim
23,vladfi1/gym-dolphin
51,vyne1/tos-mechanics
109,videostream/cordova-chromecast
31,vsergeyev/ndbadmin
12,vpnmaster/homeassistant-custom-components
53,verifast/verifast
14,vilnius/tvarkau-vilniu
13,vakuum/polyglot-java
33,vpaliyX/SoundCloud-API
62,vfarcic/books-service
41,verybluebot/react-native-boilerplate
41,vasishth/BayesLMMTutorial
597,vinaysshenoy/mugen
229,veegee/guv
75,vxl/vxl
27,vega/vega-tooltip
109,vim-scripts/Align
146,vsbuffalo/bds-files
46,vifo/SublimePerlTidy
43,viljamisdesign/design-systems
573,viskell/viskell
104,vladsandulescu/topics
44,vhyza/elasticsearch-analysis-lemmagen
11,vergecurrency/vergecurrency.com
35,vladislav805/APIdog
14,vabh/convolutional-neural-fabrics
21,veltman/endorsements
29,vwmaus/dtwSat
108,voutcn/megahit
44,vjacob/ofxHPVPlayer
28,vjasterix/TD-Particle-Flowfields
21,vendi12/tweet2vec_clustering
61,violetumleditor/violetumleditor
43,vacancy/TensorArtist
11,vzhong/cnn-speech-denoising
24,vadimkantorov/caffemodel2json
58,vtsynergy/CU2CL
27,vnoise/vtouch
13,virgilvox/covfefe-script
28,vjasterix/TD-Particle-Flowfields
16,vmalloc/pyforge
20,vocobox/human-voice-dataset
32,vert-x3/vertx-redis-client
40,vollib/vollib
273,vigetlabs/sass-json-vars
24,vfalanis/taken
40,vim-erlang/vim-erlang-compiler
36,vim-erlang/vim-erlang-omnicomplete
17,vvondra/Interval-Tree
75,vivithemage/mrisa
13,vs4vijay/SwissArmyPi
20,vmagamedov/sqlconstruct
62,veltman/openvis
44,val-iisc/sketch-parse
20,vsuriya93/Deep-Learning-for-Graph-Representations
47,valhalla/meili
1055,vimeo/graph-explorer
14,vered1986/Chirps
14,varunu28/A-Kata-A-Day
103,vertica/ddR
11,victl/VeloSLAM
886,voloko/uki
24,voxq/OpenLeapKit
44,val-iisc/sketch-parse
22,vaquarkhan/vk-wiki-notes
13,v0lta/Listen-attend-and-spell
26,votd/vulnerability-of-the-day
16,vishnubob/rockit
49,varnish/libvmod-cookie
86,volkszaehler/volkszaehler.org
15,vegardit/haxe-doctest
22,vinniefalco/DSPFiltersDemo
14,vincentherrmann/multilinear-math
27,vesis84/kaldi-io-for-python
44,val-iisc/sketch-parse
76,vadim-v-lebedev/audio_style_tranfer
52,vals/umis
29,vscosta/yap-6.3
98,vbabiy/djangorestframework-camel-case
110,vmolsa/webrtc-native
75,vivithemage/mrisa
15,vanhoefm/modwifi-ath9k-htc
24,vicapow/go-vtile-example
47,vistalab/vistasoft
113,vshaxe/vshaxe
255,vinkla/awesome-fuse
11,vvakame/C92-Splatoon2Guide
32,voytekresearch/tutorials
14,veorq/misc
130,vim-scripts/paredit.vim
18,volkers/vgplot
16,vijaykbg/deep-patchmatch
13,v0lta/Listen-attend-and-spell
11,vasturiano/aframe-forcegraph-component
76,vadim-v-lebedev/audio_style_tranfer
37,vega/vega-editor
292,vinumeris/lighthouse
130,vsubhashini/caffe
15,visipedia/tfrecords
35,varjmes/notes
65,vangelisv/thea
11,v3ga/ofxJavascript
22,void4/FireVR
43,vicpara/exploratory-data-analysis
11,vanhoefm/papers
49,vspinu/company-math
255,vinkla/awesome-fuse
16,vijaykbg/deep-patchmatch
44,val-iisc/sketch-parse
34,victor-shepardson/alpha-GAN
68,vshallc/PtrNets
44,val-iisc/sketch-parse
68,vshallc/PtrNets
18,vyos/vyos-build
12,venmo/btnamespace
198,vmware/lightwave
25,vtimbuc/bootstrap-responsive-tabs
52,vals/umis
18,vikingmicrowave/Microwave-Open-Source
21,vbajpai/haartraining
34,victor-shepardson/alpha-GAN
34,victor-shepardson/alpha-GAN
25,vic-w/torch-practice
36,vicolab/ml-pyxis
339,vicfryzel/xmonad-config
28,vojtechruz/spring-core-cert-notes-4.2
28,vscode-contrib/vscode-versionlens
38,vacenz/last-draft-js-plugins
24,vseventer/hugo-webpack-boilerplate
118,victorquinn/dynasty
27,vernnobile/CutiveFont
55,vanvught/rpidmx512
239,vesln/timekeeper
24,vseventer/hugo-webpack-boilerplate
74,vijinho/f3-boilerplate
35,vidpresso/stripe_to_xero
11,videojs/videojs-vr
15,vacu/electron-google-analytics
80,vincentarelbundock/countrycode
13,vinmittal/SecurityTrainingPub
15,voxel/voxel-mine
36,vincent-hugot/iTeML
112,vseloved/cl-redis
