43,WorldOfZero/UnityVisualizations
499,Winetricks/winetricks
4433,WhitestormJS/whs.js
452,WebAssembly/wabt
59,Webdiyer/MvcPager
108,Webiny/Webiny
412,WebGLSamples/WebGL2Samples
117,WeebDev/lolisafe
1898,Wilfred/remacs
38,WikidPad/WikidPad
1164,WhichBrowser/Parser-PHP
147,WangShuo1143368701/FFmpegAndroid
272,WolfgangMehner/vim-plugins
1953,WeMobileDev/article
1601,WizTeam/WizQTClient
1930,Wizcorp/phonegap-facebook-plugin
7896,WebAssembly/design
2584,Wechat-Group/weixin-java-tools
1318,We5ter/Scanners-Box
1318,We5ter/Scanners-Box
537,WillkYang/YYStock
1006,WillkYang/Y_KLine
1318,We5ter/Scanners-Box
1225,WebGoat/WebGoat
381,WindowsExploits/Exploits
1225,WebGoat/WebGoat
381,WindowsExploits/Exploits
32,WooyunDota/QiangHongBao
1318,We5ter/Scanners-Box
381,WindowsExploits/Exploits
450,Wanderxx/vue-fullcalendar
1443,WritingMinds/ffmpeg-android-java
858,WritingMinds/ffmpeg-android
1225,WebGoat/WebGoat
280,Wilfred/babyc
74,WymanLyu/WYNullView
164,WooYun/TangScan
310,WyriHaximus/awesome-phpstorm
158,Wildog/iOS-10-Steps-Widget
9484,WickyNilliams/headroom.js
18,Weissheiten/Weissheiten.Neos.Bootstrap
15,WuSiYu/PlasmaVideoWallpaper
653,WhitewidowScanner/whitewidow
68,WangYihang/Webshell-Sniper
95,WilliamZang/ZTuple
256,WPN-XM/WPN-XM
6642,Wox-launcher/Wox
309,WinRb/WinRM
164,WenDesi/lihang_book_algorithm
653,WhitewidowScanner/whitewidow
6642,Wox-launcher/Wox
9919,WordPress/WordPress
9484,WickyNilliams/headroom.js
653,WhitewidowScanner/whitewidow
167,William-Yeh/docker-ansible
2182,WhiteHouse/api-standards
23,Wikiki/bulma-tooltip
126,WojciechMula/pyahocorasick
55,WuXiaolong/ModularSample
4274,Wolg/awesome-swift
387,Wizzercn/NodeWk
15,WWILLV/you-get-ffmpeg
61,WoWAnalyzer/WoWAnalyzer
6642,Wox-launcher/Wox
1853,Wscats/Good-Text-Share
319,Wonderfall/dockerfiles
50,WASdev/ci.docker.websphere-traditional
15,WeKnowSports/terraform-provider-kong
3535,Workiva/go-datastructures
30,WiseWolfs/BookCMS
14,WJKCharlie/GreenDaoExample
56,We5ter/GSDF
20,WangYihang/Awesome-Web-Security-Tools
1068,WuXiaolong/PullLoadMoreRecyclerView
46,WuLiFei/SpannableStringDemo
13,WiproOpenSourcePractice/galaxia
233,WhiteBlue/bilibili-sdk-go
791,WuTheFWasThat/vimflowy
873,WeAreROLI/JUCE
787,WP-API/node-wpapi
190,WegraLee/developer-roadmap
3895,WP-API/WP-API
105,WuXianglong/GeekBlog
42,WisdomFusion/qqwry.dat
8300,WhisperSystems/Signal-Android
12,WaitMoonMan/qrcodeplus
24,Wrosinski/Kaggle-Quora
14,WhiteFangBuck/workshop
14,WilliamAHuston/BHPDtoolkit
240,WebApiContrib/WebAPIContrib.Core
665,WebApiContrib/WebAPIContrib
143,WorldWideTelescope/wwt-windows-client
81,WorldWideTelescope/wwt-web-client
38,WorldWideTelescope/wwt-website
12,WorldWideTelescope/wwt-remote
671,Wyamio/Wyam
665,WebApiContrib/WebAPIContrib
14,WhiteFangBuck/workshop
116,Wargus/stratagus
140,WorldFamousElectronics/PulseSensor_Amped_Arduino
5268,WenchaoD/FSCalendar
1009,WebAssembly/spec
1689,WebAssembly/binaryen
25,WarrenWeckesser/wavio
535,Wiredcraft/carte
63,WillPennell/Python
5268,WenchaoD/FSCalendar
5268,WenchaoD/FSCalendar
31,WriteSpeakCode/wsc-resources
22,WildGums/Orc.Controls
147,WiringProject/Wiring
488,WebAudio/web-audio-api
5423,WebpageFX/emoji-cheat-sheet.com
43,WLOGSolutions/telco-customer-churn-in-r-and-h2o
14,WanchaoYao/SGM
532,WuXiaolong/WeWin
608,WuXiaolong/AndroidMVPSample
25,WarrenWeckesser/wavio
373,Wildhoney/Magento-on-Angular
5423,WebpageFX/emoji-cheat-sheet.com
84,Wang-Jun-Chao/leetcode
29,WeizhengZhou/leetcode3
140,WorldFamousElectronics/PulseSensor_Amped_Arduino
488,WebAudio/web-audio-api
41,Wargus/stargus
727,WebReflection/document-register-element
5268,WenchaoD/FSCalendar
2675,WebKit/webkit
665,WebApiContrib/WebAPIContrib
26,WindowsNotifications/desktop-toasts
76,Wildhoney/ngContextMenu
30,WhisperSystems/gcm-sender-async
478,Wrdlbrnft/Searchable-RecyclerView-Demo
1068,WordPress-Coding-Standards/WordPress-Coding-Standards
733,WiringPi/WiringPi
788,WICG/EventListenerOptions
2675,WebKit/webkit
25,Wrosinski/MachineLearning_ResourcesCompilation
120,WeiChiaChang/easter-egg-collection
779,WebPlatformTest/HTML5test
362,Werb/Pixel-Web
216,WedgeServer/wedge
14,WinWorldPC/adventure
89,WiseDoge/ProxyPool
216,WedgeServer/wedge
436,WallarooLabs/wallaroo
1009,WebAssembly/spec
32,Webiks/kibana-API
727,WebReflection/document-register-element
31,WICG/transfer-size
1689,WebAssembly/binaryen
224,Wildhoney/ngVideo
1430,W4RH4WK/Debloat-Windows-10
60,WilixLead/iohook
143,Wizcorp/japanese-dev-lingo
216,WedgeServer/wedge
949,Wisembly/elephant.io
154,WebAssembly/website
692,WZBSocialScienceCenter/pdftabextract
5423,WebpageFX/emoji-cheat-sheet.com
5423,WebpageFX/emoji-cheat-sheet.com
250,WP-API/OAuth1
193,WearyMonkey/ngtemplate-loader
276,WoLpH/python-progressbar
436,WallarooLabs/wallaroo
123,Windos/BurntToast
36,WaseemBepari/angular-material-preloader
133,Wildog/Ariafred
59,Willyham/botsapp
65,WebGLInsights/WebGLInsights-1
2259,WenchaoD/FSPagerView
2941,WhisperSystems/Signal-iOS
18,WebPuY/crawlarforzhihu
14,WesleyDevLab/cheetah
76,WebGoat/WebGoat-Lessons
40,Wang-Jun-Chao/java-concurrency
38,WebOfTrustInfo/rebooting-the-web-of-trust-fall2017
184,WikiTeam/wikiteam
138,Wramberg/TerminalView
32,WorldBrain/WebMemex
93,Wilfred/helpful
532,WICG/webusb
28,Workday/upshot-montague
95,WoLpH/python-statsd
453,Wolfsblvt/BlossomsPokemonGoManager
16,Workday/escalar
27,WhiteHatArpit/Facebook-Slack-Integration
2540,WhisperSystems/Signal-Desktop
94,Wang-Jun-Chao/coding-interviews
183,WikiToLearn/WikiToLearn
28,WebMonitoring/pagemon-chrome-ext
32,WILAB-HIT/Resources
11,WING-NUS/pdtb-parser
568,WhiteHouse/fb_messenger_bot
23,WireMock-Net/WireMock.Net
71,Waikato/meka
11,WowzaMediaSystems/wse-plugin-streampublisher
87,WillsonHaw/VacBanChecker
42,WaLLy3K/wally3k.github.io
11,WowzaMediaSystems/wse-plugin-streampublisher
33,Wtower/django-ninecms
293,Web-Feet/coastercms
129,Wikia/app
1425,WhatCD/Gazelle
1425,WhatCD/Gazelle
172,Wurst-Imperium/Wurst-MC-1.8
62,Wolox/wor-authentication
20,Wolox/dictum.js
52,Wolox/dictum
13,Wolox/wor-push-notifications-aws
16,Wolox/wor-paginate
34,Wolox/async-requests
19,William-Sang/autohome_crawler
249,Waffle/waffle
14,Wolox/react-native-redux-toast
43,WeiJieGitHub/JavaScript-ES5-Tutorials
303,WRidder/react-spa
1596,WPO-Foundation/webpagetest
90,Windows-Readiness/WinDevCamp
22,WuZhuoXuan/WZXNetworking
13,WuZhuoXuan/AboutlinkageTableview
23,WuZhuoXuan/WZXLaunch
25,WuZhuoXuan/WZXArchitecture
234,WecanStudio/Android
154,WanAndroid/AndroidStudioTemplates
256,WebCodeFarmer/houtai
557,Wasappli/WAAppRouting
110,WangPengShuai/avplayer
350,WZF-Fei/ZFCityGuides
182,WildDylan/appleSample
376,Weebly/Cereal
