3521,xoreaxeaxeax/movfuscator
417,xceedsoftware/DocX
391,xyuanmu/XX-Mini
66,x64dbg/x64dbgpy
2490,x64dbg/x64dbg
66,x64dbg/x64dbgpy
2490,x64dbg/x64dbg
2490,x64dbg/x64dbg
3059,xoreaxeaxeax/sandsifter
26,xinbenlv/haoshiyou-bot
325,xiph/opus
62,xiaobinwu/electron-vue-project
9491,xgrommx/awesome-redux
385,xtemplate/xtemplate
67,xindong/frontd
84,xpol/lua-rapidjson
343,xiaonanln/goworld
292,xmrig/xmrig
39,xuwening/libeventInterface
6413,xtaci/kcptun
39,xiongziliang/ZLToolKit
51,xuxueli/xxl-excel
949,xairy/linux-kernel-exploitation
3958,xirong/my-git
62,xiaosimao/AiSpider
156,xiaoluoge11/lmanager
746,xianhu/PSpider
5244,xufei/blog
2863,xiyouMc/WebHubBot
5785,xetorthio/jedis
60,xxhp/StyledChatDemo
2825,xuxueli/xxl-job
306,xiaoyao1991/presto-ethereum
58,xydudu/Honey-pusher
46,xvass/vscan
626,xupefei/QuickLook
1197,x0rz/EQGRP_Lost_in_Translation
127,xiyouMc/ncmbot
340,x90skysn3k/brutespray
660,xairy/kernel-exploits
846,xmendez/wfuzz
51,xsscx/Commodity-Injection-Signatures
37,xibijj/AwvScan
660,xairy/kernel-exploits
846,xmendez/wfuzz
1197,x0rz/EQGRP_Lost_in_Translation
44,x43x61x69/HITCON-Badge
12,xwjdsh/manssh
3289,x0rz/EQGRP
74,xyuanmu/parseiqiyi
51,xsscx/Commodity-Injection-Signatures
91,xiaosimao/IP_POOL
22,xiiiblue/flask-adminlte-scaffold
27,xisigr/paper
273,xiaosier/libweibo
3289,x0rz/EQGRP
115,x41sec/browser-security-whitepaper-2017
159,xsec-lab/x-waf
936,xolox/vim-notes
2973,xviniette/FlappyLearning
61,xiaoxiaoleo/windows_pentest_tools
188,xorrior/RemoteRecon
2682,xchaoinfo/fuck-login
188,xorrior/RemoteRecon
39,xcatliu/blog
1043,xdavidhu/mitmAP
149,xme/pastemon
42,xswang/logistic-regression-ftrl-ps
680,xoreaxeaxeax/sinkhole
292,xsanisty/SlimStarter
1043,xdavidhu/mitmAP
188,xorrior/RemoteRecon
426,xsank/webssh
1475,xmppjs/xmpp.js
74,xiaofei86/XFAssistiveTouch
55,x-cray/logrus-prefixed-formatter
58,xapax/security
94,xapax/oscp
29,x1ah/Blog
416,xpleaf/Blog_mini
176,xiadd/zhuishushenqi
48,xuminwlt/j360-microservice
29,xc0d3rz/metasploit-apk-embed-payload
292,xl7dev/BurpSuite
83,xtr4nge/FruityC2
54,xushengjiang0/UChat
104,xhzengAIB/PlayerKit
644,xiangzhai/qwx
89,xd4rker/MinerBlock
112,x-spiders/baiduyun-spider
38,xtr4nge/FruityC2-Client
83,xtr4nge/FruityC2
1915,ximan/dropload
32,xorrior/Random-CSharpTools
96,x64dbg/ScyllaHide
438,xiangming/landscape-plus
99,xpenxpen/mybatis-3
31,xcysuccess/iOSCrashUncaught
557,xubinux/xbin-store
313,xiaochaofeiyu/YSCAnimation
33,xelzmm/proxy_server_crawler
37,xwartz/spider
614,xueruini/thuthesis
310,x3omdax/PenBox
1305,x0rz/tweets_analyzer
83,xtr4nge/FruityC2
60,xuexb/learn-nginx
77,xx19941215/webBlog
62,xunchangguo/km
452,xulingbo/xulingbo.github.io
33,xwartz/hexo-theme-nuna
9465,xitu/gold-miner
1914,xmuSistone/CardSlidePanel
1123,xiepeijie/SwipeCardView
7018,xmartlabs/Eureka
4428,xmartlabs/XLPagerTabStrip
143,xitu/macOS-Security-and-Privacy-Guide
16,xz-mirror/xz
302,xPaw/PHP-Source-Query
106,xieziyu/ngx-echarts
1642,xamarin/Xamarin.Forms
959,xamarin/XamarinComponents
31,xcc3641/pySendOneToEmail
1540,xianhu/LearnPython
304,xerial/sbt-pack
2123,xonsh/xonsh
54,xtiankisutsa/awesome-mobile-CTF
1915,ximan/dropload
246,xiayulei/open_source_bms
452,xulingbo/xulingbo.github.io
7018,xmartlabs/Eureka
399,xamarin/xamarin-forms-book-samples
56,xyNNN/awesome-mac
24,xl7dev/ICSecurity
112,x-spiders/baiduyun-spider
202,x-spiders/aiss-spider
975,xtr4nge/FruityWifi
45,xorbit/LiFePO4wered-Pi
310,x3omdax/PenBox
9465,xitu/gold-miner
9465,xitu/gold-miner
156,xkawi/react-universal-saga
59,xkawi/react-universal-saga-modular
93,xtrinch/fcm-django
2596,xdan/datetimepicker
15,xunge0613/front-end-growth
915,xiaoyaoyou1212/XSnow
2905,xcc3641/SeeWeather
9465,xitu/gold-miner
443,xiangsudian/CaoMei
31,x0day/bannerscan
72,xuechiyaobai/CVE-2017-7092-Exploit
543,xroche/httrack
336,xiaoweiChen/Cpp_Concurrency_In_Action
155,xwjie/PLMCodeTemplate
72,xuechiyaobai/CVE-2017-7092-Exploit
9465,xitu/gold-miner
2123,xenolf/lego
630,xiehui999/SmallAppForQQ
1132,xmuSistone/VegaLayoutManager
14,xuanhuangyiqi/AngluinLearning
90,xjtushilei/ScriptSpider
76,xluohome/phonedata
13,xiaozhuxiong121/PGImagePicker
12,x-tag/calendar
395,xordataexchange/crypt
24,xtfly/hugo-theme-next
189,xamarin/urho
614,xwiki-labs/cryptpad
234,xiaomoinfo/SpringBootUnity
24,xiaoniu-xie/ZXNPublicBicycle
2151,ximsfei/Android-skin-support
1132,xmuSistone/VegaLayoutManager
30,xzonepiece/rss_for_everything
2123,xenolf/lego
67,xljiulang/WebApiClient
61,xindongzhuaizhuai/hound
262,xyfcode/zspeed
425,xianrendzw/EasyReport
167,xyxiao001/vue-cropper
71,xiaojue/careerLive
715,xcatliu/react-ie8
119,xiaolin3303/react-music-player
833,xiongwilee/Gracejs
228,xuyisheng/NaturalAnim
43,xianyulaodi/React-router
1002,xwartz/wechat-app-demo
262,xmcp/pakku.js
16,xinhaojing/Crawler
168,xyzz/vita-moonlight
251,xubinux/xbin-store-cloud
838,xtuhcy/gecco
16,xiaojue/FrontEndEngineeringPractice
940,xcatliu/typescript-tutorial
112,xiaoluoboding/ghost-theme-kaldorei
123,xslittlegrass/CarND-Vehicle-Detection
329,xuuhaoo/OkSocket
329,xuuhaoo/OkSocket
329,xuuhaoo/OkSocket
329,xuuhaoo/OkSocket
93,xCss/Valine
52,xinyadu/nqg
76,xwhan/DeepPath
100,xiph/rnnoise
285,xamarin/dev-days-labs
67,xeoneux/30-Days-of-Code
24,xiyouMc/GithubTrending-Mini-Program
175,xlvector/learning-dl
1138,xamarin/mobile-samples
401,xPaw/PHP-Minecraft-Query
110,xdever/RFCN-tensorflow
39,xeoh/TextHighlighter
295,xiaoyann/webpack-best-practice
53,xuanhun/tumblr-crawler
41,xingkongliang/Keras-Tutorials
350,xxorde/librekinect
2538,xcltapestry/XCL-Charts
56,xpadro/spring-rest
733,xiaolin/react-image-gallery
1180,xflux-gui/xflux-gui
413,xfhxbb/LArea
193,xiadd/shorthand
169,xubo245/SparkLearning
853,x360ce/x360ce
738,xiaojiaqi/10billionhongbaos
162,xd009642/tarpaulin
3228,xinthink/react-native-material-kit
244,xljiulang/NetworkSocket
404,xijo/reverse_markdown
11,xpeppers/serverless-tdd
328,xingwangsfu/caffe-yolo
88,xhujoy/pysc2-agents
807,xuelangZF/CS_Offer
1920,xmuSistone/ViewpagerTransition
169,xubo245/SparkLearning
704,xiehuc/pidgin-lwqq
6353,xbmc/xbmc
453,xiaoxiangyeyuHeaven/HeavenlyModule
14,x1ah/QQRobot
373,xdanaux/moderncv
66,xpepermint/rawmodeljs
538,xeolabs/scenejs
31,xRoker/GHCWidget
14,xiph/Icecast-libshout
43,xennygrimmato/Data-Structures-and-Algorithms
12,xilankong/THSTableView
285,xceedsoftware/wpftoolkit
26,xueying/QSWebProject
285,xceedsoftware/wpftoolkit
3865,xxv/android-lifecycle
174,xasos/Hackathon-Resources
19,xboxapi/Python-Wrapper
314,xiamx/awesome-sentiment-analysis
717,xyu/heroku-wp
106,xiaohu2015/DeepLearning_tutorials
12,xjg0124/Fire-and-Smoke-Detection
42,xswang/Field-aware-Factorization-Machine-mpi
92,xioTechnologies/Oscillatory-Motion-Tracking-With-x-IMU
42,xswang/Field-aware-Factorization-Machine-mpi
2089,xinghongfei/LookLook
282,xiaolonw/adversarial-frcnn
675,xieranmaya/blog
58,xiaodiu2010/TextBoxes-TensorFlow
1787,xtaci/algorithms
169,xubo245/SparkLearning
164,xiangxik/castle-platform
56,xpadro/spring-rest
396,xkjyeah/vue-google-maps
99,xraystyle/talking-computer
876,xori/gamblers-dice
68,xseignard/thermalPrinter
3228,xinthink/react-native-material-kit
55,x42/meters.lv2
284,xesscorp/skidl
208,xcatliu/cqc
27,xifengzhu/ionic-firebase-chat
195,xtacocorex/CHIP_IO
1202,xk/node-threads-a-gogo
1787,xtaci/algorithms
29,xyzzer/Win2DChartSample
46,xsc/peripheral
44,xlar54/emudore64
60,xplico/xplico
58,xiaoping6688/vue-spa-project
67,xaos-project/XaoS
11,xiubojin/JXBRouter
627,xiekw2010/DXPopover
44,xx11dragon/GPUImageFiltersCamera
4683,xmartlabs/XLForm
1453,x2on/OpenSSL-for-iPhone
4683,xmartlabs/XLForm
717,xyu/heroku-wp
1240,xgrommx/rx-book
649,xsynaptic/wordpress-gulp-starter-kit
258,xamarin/WebSharp
16,xamarin/SalesforceSDK
42,xpando/Dash
807,xuelangZF/CS_Offer
86,xbresson/graph_convnets_pytorch
328,xingwangsfu/caffe-yolo
146,xeolabs/xeogl
6353,xbmc/xbmc
1662,xianyi/OpenBLAS
132,xiahouzuoxin/notes
853,x360ce/x360ce
828,xkeshi/image-compressor
28,xuwenyihust/lunaticlog
25,xh-liu/HydraPlus-Net
117,xaksis/vue-good-table
27,xgfs/deepwalk-c
1787,xtaci/algorithms
36,x25/coinhive-stratum-mining-proxy
490,xerial/snappy-java
272,xioTechnologies/Gait-Tracking-With-x-IMU
15,xiaomi-passport/oauth-ios-sdk
209,xswei/d3js_doc
208,xcatliu/cqc
43,xylcbd/EasyCNN
43,xiaotie/GebImage
245,xem/sheet
1497,xunit/xunit
148,xunqianxue/venture-management
17,xiaojudou/ICML2017_arXiv
86,xbresson/graph_convnets_pytorch
106,xiaohu2015/DeepLearning_tutorials
122,xuzhezhaozhao/DS_Code
88,xhujoy/pysc2-agents
21,xuanye/dotbpe
146,xgastaldi/shake-shake
188,xuelangZF/LeetCode
15,xing89qs/CCF_Product
1291,xhtml2pdf/xhtml2pdf
32,xethorn/garcon
1662,xianyi/OpenBLAS
55,xiumingzhang/depth-preserving-neural-style-transfer
56,xandorxicay/angular-material-sidemenu
103,xdenser/node-struct
396,xkjyeah/vue-google-maps
129,xmunoz/sodapy
252,xenolightning/AudioSwitcher_v1
56,xandorxicay/angular-material-sidemenu
1876,xamarin/xamarin-forms-samples
79,xoofx/NUglify
654,xhamr/fave-button
284,xesscorp/skidl
626,xiaokaike/vue-color
3983,xhzengAIB/MessageDisplayKit
19,xerpi/vitastick
366,xuset/planktos
757,xerial/sqlite-jdbc
396,xkjyeah/vue-google-maps
366,xuset/planktos
1240,xgrommx/rx-book
1486,xgrommx/awesome-functional-programming
796,xero/dotfiles
44,xlar54/emudore64
56,xotahal/react-native-material-ui-demo-app
1122,xotahal/react-native-material-ui
6353,xbmc/xbmc
24,xaverh/vscode-clang-format-provider
1546,xamarin/monodroid-samples
1240,xgrommx/rx-book
1486,xgrommx/awesome-functional-programming
146,xeolabs/xeogl
1240,xgrommx/rx-book
314,xiamx/awesome-sentiment-analysis
56,xmartlabs/cordova-plugin-market
3865,xxv/android-lifecycle
824,xu-li/cordova-plugin-wechat
23,xiariqingquan/BaiduPushNodejsServerSDK
76,xesscorp/kicad-3rd-party-tools
23,xtaci/sp
828,xkeshi/image-compressor
245,xem/sheet
1017,xhan/qqbot
400,xujeff/tianti
75,xiezefan/EasyIM-Server
697,xinyu198736/htmljs
140,xerub/img4lib
823,xamarin/xamarin-android
25,xing5/hexo-theme-codeland
38,xmrig/xmrig-nvidia
18,x41x41x90/pm_shredder
44,xlvector/sw2v
178,xtaci/smux
14,xmanandjessie/egret-utils
150,xtutu/influxdb-handbook
71,xiaoluoboding/vue-stroll
50,xephonhq/awesome-time-series-database
99,xl-tech/OpenVPN-easy-setup
570,xeneta/LeadQualifier
78,xtuple/nvm
73,xuningjack/year_month_wheel_dialog
65,xuningjack/apikeylib
53,xuningjack/drag_click_view
62,xuningjack/ProcessKeep
11,xem/JS13k17
29,xwpfullstack/djangostudy
17,xiyoulaoyuanjia/flaskapp
119,xiph/Icecast-Server
24,xxxgitone/vue-node-pastime
52,xiaoquantou/jd_spider
38,xuningjack/select_picture_module
36,xuningjack/trackballs
19,xingbuxing/TA-Lib-in-chinese
295,xlzd/img2html
278,xiw/stack
19,xuhanvsxuhan/An-Incomplete-ML-Paper-Collection-for-BioMedical-Applications
815,xiaocong/uiautomator
62,xiao555/resume-it
19,xmfbit/PedestrianDetection
209,xyuanmu/checkiptools
92,xiaolonw/ss-gan
361,xapian/xapian
130,xiaohuiyan/BTM
22,x-fer/cv-template
862,xiaolin3303/wx-charts
17,xwc940512/BDC2017
29,xdn-project/digitalnote
87,xrb92/DKRL
99,xndcn/symbols-tree-view
331,xriley/Orbit-Theme
331,xriley/Orbit-Theme
331,xriley/Orbit-Theme
18,xinghedyc/mxnet-cnn-lstm-ctc-ocr
14,xiaohuiyan/BurstyBTM
51,xsank/Shour
862,xiaolin3303/wx-charts
54,xuwei-k/sbt-class-diagram
16,xiaohan2012/chowmein
64,xpinjection/java8-misuses
84,xiahouzuoxin/kalman_filter
14,xiaohuiyan/BurstyBTM
180,xiaohan2012/twitter-sent-dnn
113,xdite/growth-hack-resource
32,xiaomo/AudioProcess
217,xmementoit/vim-ide
124,xebia-france/selma
331,xriley/Orbit-Theme
98,xinghaochen/awesome-hand-pose-estimation
331,xriley/Orbit-Theme
331,xriley/Orbit-Theme
48,xiaolai/reborn
119,xairy/mipt-ctf
1152,x-tag/core
37,xvpsource/xvp
322,xilun/cbwin
49,xoreaxeaxeax/vimmmex
79,xenlism/minimalism
1926,xupefei/Locale-Emulator
36,xJonathanLEI/WeChatAPI
1046,xxg1413/python
22,xtendo-org/saha
59,xtendo-org/chips
189,xxg1413/MachineLearning
11,xiaoshitoutester/UItestframework
14,xiaoche6/hipython
55,xDrivenDevelopment/1c-syntax
32,xDrivenDevelopment/vsc-language-1c-bsl
215,xDrivenDevelopment/xUnitFor1C
19,xioTechnologies/x-IMU-MATLAB-Library
260,xiaolu/mkbootimg_tools
277,xiangpaopao/blog
75,xiangsongtao/X-SONGTAO-VUE
15,xpadro/concurrency
26,xiangtailiang/TabLayout
13,xiaobeibei26/xueiqiu_spider
114,xiaokaike/vue-qrcode
138,xudianyang/yaf.auto.complete
66,xiuluo/baidu
135,x0r1/WIN_JELLY
281,x0r1/Demon
1133,xhacker/TEAChart
34,xwisen/deployk8s
34,xwisen/deployk8s
76,xiaweizi/QNews
17,xxg1413/coursera
121,xor-function/fathomless
11,xuyuanfang/so.whu.link
41,xiewenfeng/SoftboradBlockEdittext
62,xuelangZF/NaHan
116,xqin/SmartQQ-for-Raspberry-Pi
534,xiaojiaqi/C1000kPracticeGuide
33,xme/cuckoomx
90,xoco70/laravel-tournaments
887,xuhuisheng/lemon
48,xiezhongmin/XZMCoreNewFeature
25,xiayuanquan/AliMapKit
152,xuuhan/HXCharts
256,xCss/bing
46,xuanzhihua/WebViewJSBridgeDemo
147,xmoeproject/KrkrExtract
111,xubaogang/TeamStuQ
784,xamarin/xamarin-macios
223,xcatliu/leetcode
52,xyuanmu/dig
20,xland/WeiXinPayDemo
276,xrr2016/vue-express-mongodb
228,xiaoluoboding/vue-demo-collection
39,xuminwlt/j360-datasource
96,xuminwlt/j360-boot
156,xuminwlt/j360-cloud-all
328,xuxueli/xxl-api
341,xirong/my-markdown
208,xiaolongzuo/niubi-job
32,xiangxik/castle-example
106,xishuixixia/Hetty
12,xburning/dubbo-switch
282,xvitcoder/spring-mvc-angularjs
16,xqsight-jerry/xqsight
24,xjs1919/locker
59,xuxueli/xxl-cache
12,xburning/dubbo-switch
162,xuxueli/xxl-conf
27,xmflsct/yi-hack-1080p
307,xuming/micolog
72,xkeshi/vue-qrcode
64,xiidea/ezRbac
162,xuxueli/xxl-conf
323,xautlx/s2jh
51,xiongziliang/ZLMediaKit
59,xtqqksszml/zcode-AssetBundlePacker
872,xebecnan/UniLua
448,xanathar/moonsharp
19,xiaohuili/AutoUpdate
13,xueqian-vic/awesome-python3-webapp
304,xormplus/xorm
21,xf0rk/build-your-own-docker
82,xunit/samples.xunit
2120,xfumihiro/ViewInspector
11,xuzhenyang/ZeroCola
37,xuan698400/xutils
12,xeraa/elastic-docker
22,x-front-team/x-vue
854,xinghongfei/awesome-view
98,xautlx/nutch-htmlunit
398,xlvector/hector
144,xautlx/s2jh4net
14,xxzkid/distributed-transaction-local-event-table-implementation
60,xadhoom/mod_bcg729
12,xiaomatech/binlogsync
11,xiaoxiaoqingyi/NDKDemos
175,xuanye/xgcalendar
35,xiaoyu2er/productivity-tools
12,xuminwlt/j360-shiro
44,xuyulong54/xuyulong
44,xuyulong54/xuyulong
1305,xo/xo
2075,xo/usql
57,xenit-eu/dynamic-extensions-for-alfresco
43,xetys/jhipster-uaa-setup
88,xetys/spring-cloud-oauth2-example
253,xbmc/Kore
194,x6doooo/GeoMap
72,xamarin/SignaturePad
254,xiaoweime/WProtect
181,xanview/live555
241,xuduo/socket.io-push
19,xxzmxx/btrace_extend
98,xuxueli/xxl-mq
16,xuwt/SMSBomb
14,xiajunsongfan/zkclient
467,xingda920813/HelloDaemon
33,xujiaji/MVPManager
12,xgfone/go-tools
12,xuminwlt/j360-shiro
78,xiaojue/AMP
144,xautlx/s2jh4net
56,xiaoping378/k8s-deploy
12,xiajunsongfan/lua-resty-thrift
53,xirong/my-backend
32,xenophy/NextJS
92,xujijun/my-spring-boot
61,xiangzhihong/android-Interview
15,ximencx/ksoap2retrofit
24,xwiki/jodconverter
262,xwiki/xwiki-platform
212,xishuixixia/quartz-monitor
16,xiongwilee/frontend-resource
100,xfhxbb/LUploader
18,xvik/gradle-animalsniffer-plugin
35,xuwang/kube-aws-terraform
102,xiezefan/EasyIM-Android
37,xdite/ray-principles
177,xiongchun/g4studio
241,xerions/phoenix_swagger
83,xiaobinwu/dj
29,xap/xap
243,xerial/larray
44,xuyd/vue-login
20,xuelangcxy/girlCrawler
829,xitu/front-end-handbook-2017
32,xiewenya/django-aliyun-oss2-storage
13,xujijun/MyJavaStudio
48,xoofx/SharpYaml
179,xiph/flac
41,xuminwlt/j360-dubbo-app-all
761,xmonad/xmonad
88,xeraa/vagrant-elastic-stack
58,xtknight/mt7610u-linksys-ae6000-wifi-fixes
373,xufei/Make-Your-Own-AngularJS
125,xiaowei1118/java_server
237,xindawndev/RecordMyScreen-iOS10
21,xunhuweb/WeiXin-Payments-for-WooCommerce
92,xujijun/my-spring-boot
18,xdlinux/xidian-scripts
222,xiaobinwu/Wuji
17,xtonousou/ship
395,xjdrew/kone
45,xgrommx/purescript-ecosystem
144,xissy/node-stanford-simple-nlp
689,xolvio/chimp
39,xorpaul/g10k
1610,xiekw2010/react-native-gitfeed
120,xiaobailong24/MVVMArms
11,xiaoyjy/cconv
18,xuxiaodong/free-programming-books-zh_CN
108,xvik/dropwizard-guicey
54,xriley/devAid-Theme
134,xiaomi-sa/alertsystem
193,xitrum-framework/scalive
18,xiweicheng/tms
33,xmniko/dubai
62,xiaomi-sa/tcpxm
189,xiaomi-sa/smartdns
17,xiaoymin/Swagger-Bootstrap-UI
15,xushaomin/apple-ums-server
30,xiongbeer/WebVeins
11,xaqi/.net-vue-quiz
184,xiuweikang/IM
17,xtonousou/ship
726,xybu/onedrive-d-old
387,xixilive/wecheat
126,xiaokekeT/ddx
28,xapi-project/blktap
488,xelatihy/yocto-gl
51,xzyfer/sass-graph
222,xudaolong/CodeVar
11,xiaokugua250/DataMingProject
30,xiaolongzuo/personal-blog-webapp
140,xiaolongzuo/everyone-java-blog
26,xiaolongzuo/deerlet-redis-client
15,xhlwill/blog
27,xsonorg/xson
212,xuri/aurora
12,xiaolongzuo/xxoo
41,xuxueli/xxl-hex
85,xuxueli/xxl-rpc
41,xuxueli/xxl-hex
37,xnx3/xnx3
85,xuxueli/xxl-rpc
37,xnx3/xnx3
85,xuxueli/xxl-rpc
73,xiaolongyuan/shiro-redis-session
42,xiaq/halang
128,xwiki/xwiki-enterprise
14,xiayumoGit/LegendShop
32,xdCao/coderBBS
49,xetorthio/jedisque
19,xuqiang521/data-visualization
73,xiaolongyuan/shiro-redis-session
1275,xamarin/XobotOS
61,xionglun/goBook
14,xiaohuanshu/zhengfang-jwc01-password
30,xBuyax/xanadu
34,xiaozhuxiong121/PGDatePicker
66,xiaomi-sa/frigga
17,xuanshanbo/vuecs
11,xiegang/spring-boot-starter-swagger
98,xudianyang/yaf.app
11,xuebus/xuebusi-shop
668,xdtianyu/CallerInfo
73,xiaolongyuan/shiro-redis-session
273,x-stream/xstream
50,xieisabug/OnlinePreparation
38,xiangwenhu/vbox
30,xBuyax/xanadu
55,xYajun/XianLaiGame
716,xgfe/react-native-datepicker
1225,xdebug/xdebug
34,xionghuiCoder/spring-boot-starter-dubbo
197,xelerance/xl2tpd
16,xuanyimo/New
131,xbmc-adult/xbmc-adult
825,xtaci/kcp-go
47,xyxiao001/vue-blog
57,xioxu/sinaWeiboSpider
38,xcoder123/MAX30100
19,xialeistudio/mybatis-generator-gui
386,xueduany/react-mix
825,xtaci/kcp-go
69,xiongwilee/gulp-requirejs-boilerplate
178,xunleif2e/vue-lazy-component
762,xuyisheng/AndroidHeroes
55,ximenpo/hello-skynet
88,xem/3DShomebrew
54,xwp/wp-dependency-minification
11,xuyuan923/node-mongodb-demo
15,xietansheng/FlappyBirdForGDX
15,xwjie/AjaxDemo
23,xuxueli/xxl-search
54,xuxueli/xxl-glue
34,xionghuiCoder/spring-boot-starter-dubbo
25,xwjie/MyRestUtil
28,xiongxiong/PickerController
11,xiegang/spring-boot-starter-swagger
143,xiaoyu2er/blog
25,xlxl2010/FTP
510,xlsdg/vue-echarts-v3
46,xwpongithub/vue-multipage-cli
21,xwpongithub/better-keyboard
146,xobotyi/jquery.viewport
86,xiatian/wx-connect
317,xcatliu/jekyllcn
317,xcatliu/jekyllcn
22,xwl/cal-china-x
233,xiaolai/INB-Principles
34,xionghuiCoder/spring-boot-starter-dubbo
723,xuyisheng/DesignSupportLibraryDemo
14,xiaoyunchengzhu/AndroidAndH5
475,xujinyang/react-native-android-guide
291,xuyisheng/ZXingLib
20,xxtea/xxtea-python
72,xxtea/xxtea-c
762,xuyisheng/AndroidHeroes
27,xsir317/svn_publisher
16,xiaour/SpringBootDemo
21,xxapp/ms-bus
20,xxapp/ane
50,xiexingen/Bootstrap-SmartForm
6618,xing/wysihtml5
34,xuzhipengnt/ipclient_gxnu
65,xluohome/smscode
47,xixilive/weapp-next
510,xlsdg/vue-echarts-v3
65,xiaokangwang/V2RayGO
860,xtaci/gonet
155,xinghongfei/Android-developer-Super-Tools
825,xtaci/kcp-go
55,xcodecraft/rigger-ng
108,xetorthio/rmq
23,xuxueli/xxl-search
357,xitu/awesome-kotlin-cn
12,xwlcn/javadhtcrawler
173,xwb1989/sqlparser
187,xsank/EasyProxy
108,xetorthio/rmq
47,xyxiao001/vue-blog
108,xetorthio/rmq
104,xianlubird/mydocker
94,xuzhezhaozhao/CSAPP-Labs
19,xmxiaocong/gim
67,xuhuisheng/activiti-basic
33,xieyajie/XDWatermarkCamera
1430,xmuSistone/AndroidPileLayout
34,xionghuiCoder/spring-boot-starter-dubbo
52,xianrendzw/CodeBuilder
78,xianglei/phpHiveAdmin
860,xtaci/gonet
120,xmlunit/xmlunit
32,xilin/ios-build-script
49,xenji/ProwlPHP
762,xuyisheng/AndroidHeroes
28,xn4545945/open-ios-projects
110,xland/DeveloperNews
548,xiaojianglaile/Calendar
254,xiaobeicn/programming-skills-summary
548,xiaojianglaile/Calendar
29,xiaooloong/ourls-resty
12,xiangnanscu/lua-resty-mvc
68,xiaokai-wang/nginx-stream-upsync-module
30,xlibor/lxlib
26,xuebingwang/xbw-swoole-yaf
33,xuanhun/vscode
55,xcodecraft/rigger-ng
276,xiong-it/EasyPay
38,xiaoyaoyou1212/ViseUtils
49,xiaoyaoyou1212/ViseLog
89,xichen744/SPPage
77,xkli/WXSample
30,xingjian-f/Captcha-hacker
16,xho/Simple-Twitter-Shadowban-Checker
208,xybu/onedrived-dev
90,xamarin/flex
104,xianlubird/mydocker
65,xluohome/smscode
19,xmxiaocong/gim
762,xuyisheng/AndroidHeroes
66,xiabingwu/chartjs-wechat-mini-app
510,xlsdg/vue-echarts-v3
139,xinghongfei/android-studio-setting
14,xizhibei/blog
762,xuyisheng/AndroidHeroes
214,xiaohaibin/DMGameApp
214,xiaohaibin/DMGameApp
68,xzer/run-jetty-run
78,x-hansong/CodeMaker
67,xuhuisheng/activiti-basic
1419,xmuSistone/VerticalSlideFragment
41,xiaohuazheng/-
357,xitu/awesome-kotlin-cn
254,xiaobeicn/programming-skills-summary
26,xinghaiyang1994/vue-music
211,xdan/autocomplete
151,xiaofuzi/deep-in-vue
44,xieyu/blog
2062,xoxco/jQuery-Tags-Input
930,xinyu198736/js2image
242,xurui1995/Sword-pointing-to-offer
179,xue5455/SmartMenu
527,xiprox/ErrorView
79,xodio/xod
40,xuyd/vue-dairy
53,xuhen/speakers_slides
23,xiaoping378/blog
14,x64dbg/SlothBP
18,xs-admin/Excess
48,xcatliu/123
106,xiaoyuzdy/Algorithms
65,xiaokangwang/V2RayGO
13,xyuanmu/parsexiami
277,xlgames-inc/XLE
16,xuchunyang/flyspell-popup
40,xuyd/vue-dairy
16,xsyann/detection
110,xland/DeveloperNews
357,xitu/awesome-kotlin-cn
34,xiamx/lemma
30,x-hansong/Getty
134,xiaoyao-work/TP-Admin
178,xunleif2e/vue-lazy-component
276,xiong-it/EasyPay
21,xxapp/ms-bus
234,xsc/rewrite-clj
536,xmindltd/xmind
536,xmindltd/xmind
16,xiaotanit/Tan_ProtocolBuffer
760,xdtianyu/scripts
1268,xmartlabs/Bender
16,xabgesagtx/telegram-spring-boot-starter
251,xiangwangfeng/M80ImageMerger
289,xiaojue/EasySlide
40,xiaobo0113/MethodTimeCost
930,xinyu198736/js2image
25,xwjie/MyRestUtil
15,xwjie/AjaxDemo
11,xirong/my-github
21,xbotao/hexo-admin-qiniu
13,xyuanmu/parsexiami
121,xombiemp/ultimate-torrent-setup
102,xinthink/xinkvpn
104,xianlubird/mydocker
51,xesscorp/VHDL_Lib
28,xwlyy/awesome-python3-webapp
16,xuse/ef-orm
17,xinconan/coordtransform
276,xiong-it/EasyPay
355,xcodeswift/xcproj
60,xindong/docs
66,xiabingwu/chartjs-wechat-mini-app
510,xlsdg/vue-echarts-v3
11,xxg1413/CSAPP
45,xcodecraft/hera
330,xfhxbb/LCalendar
50,xiongchuan86/openadm-yii2
406,xcl3721/Dora-RPC
72,xtuJSer/CoCoMusic
47,xenserver/packer-builder-xenserver
13,xinbingzhe/LinkPrediction
110,xudongzheng/gitstreak
103,xtranophilist/gnome-shell-extension-sensors
9937,xdissent/ievms
25,xBoo/AlipayandWepay-NET-SDK
406,xcl3721/Dora-RPC
406,xcl3721/Dora-RPC
406,xcl3721/Dora-RPC
12,xqlsq/react-mobx
50,xiongchuan86/openadm-yii2
42,xlzd/xPyToys
144,xCss/JsonBird
278,ximan/swipeSlide
19,xero/stylez
142,xxxily/Fiddler-plus
406,xcl3721/Dora-RPC
24,xtgxiso/WebWorker-swoole
349,xtools-at/AssistantPi
12,xDinomode/Go-Websocket-Chatbox-Example
12,xix-team/awesome
140,xdtianyu/SourceAnalysis
124,xuqiang521/overwrite
144,xCss/JsonBird
344,x2on/FSImageViewer
111,xcatliu/mazimd
123,x43x61x69/Easy-Card
79,xiangzhihong/zhihu
20,xwm111/wechatminiprogramforbluetooth
31,xbzbing/Yii1-UEditor
82,xmcp/bilibili-ban-list
61,xmartlabs/Ecno
29,xiaket/weixin-exporter
12,xuqingkuang/better-echarts-maps
63,xdebug/xdebug.org
13,xiaolanlianhua/OCR
53,xtgxiso/WebWorker
96,xindong/easy-total
57,xxtea/xxtea-php
73,xieguanglei/code-whiteboard
11,xiaohuilam/LuoCaptcha
139,xujiajun/pattern-guidance
56,xumingming/storm-lib
44,xsren/wx_taobao_fanli
18,xiehe/wechat-coupon-robot
11,xuyuanfang/m3u8_downloader_4_yingke
14,xiyouMc/V2EX_Spider
21,xiejun-net/weixin
53,xtgxiso/WebWorker
130,xl7dev/WebShell
61,xing/hops
456,x3dom/x3dom
26,xh2009cn/GalleryAnimations
50,xueshanf/docker-s3fs
18,xtemplate/xtemplate-on-browser
2185,xmartlabs/XLActionController
20,xxtea/xxtea-html5
57,xxtea/xxtea-php
17,xxtea/xxtea-js
18,xxtea/xxtea-nodejs
48,xxtea/xxtea-java
17,xxtea/xxtea-lua
42,xxtea/xxtea-go
20,xxtea/xxtea-dotnet
32,xxtea/xxtea-pecl
21,xxtea/xxtea-objc
89,xpressengine/xpressengine
42,x-falcon/Virtual-Hosts
379,xyproto/algernon
49,xuender/unidecode
379,xyproto/algernon
25,x1angli/regional-ip-addresses
57,xxtea/xxtea-php
49,xzag/php-pm
456,x3dom/x3dom
26,xh2009cn/GalleryAnimations
19,xiaomingplus/text2pic
107,xiaohanyu/awesome-tikz
17,xuexb/hexo-theme-mip
496,xinghongfei/Hello-RxJava
17,xjflyttp/yii2-ueditor-widget
122,xugy0926/getting-started-with-javascript
93,xfiveco/generator-chisel
53,xtgxiso/WebWorker
76,xiaomaxuetu/douyuTV
111,xcatliu/mazimd
23,xmyqsh/deeplab-v2
162,xenomachina/kotlin-argparser
28,xcarpentier/react-native-linkedin
30,xpac27/LittleWorld
223,xSAVIKx/AndroidScreencast
21,xiaochengfu/yii2-swoole
56,xSke/Pxls
35,xDae/fireQL
349,xssc/awesome-slim
13,xuerong/hqrank
32,xunit/xunit.analyzers
846,xiaoyanger0825/NiceVieoPlayer
79,xiangzhihong/zhihu
73,xinglie/pinyin
334,xamarin/Xamarin.Auth
97,xamarin/Xamarin.Social
219,xamarin/Xamarin.Mobile
56,x3ro/VisualBoyAdvance
57,xccds/chinese_wordseg_keras
13,xuehy/pytorch-maddpg
34,xinmingyao/skynet_web
122,xugy0926/getting-started-with-javascript
746,xuyisheng/ShortcutHelper
140,xushao1990/XTNews
211,xuyisheng/VectorDemo
45,xiaopeng163/docker-k8s-lab
13,xpressengine/xe-core
182,xiaoxiangyeyuHeaven/Android-performance-optimization
13,xuerong/hqrank
83,xcg340122/php300framework1.3.6
349,xssc/awesome-slim
144,xCss/JsonBird
349,xssc/awesome-slim
32,xunit/xunit.analyzers
55,xuanfeng/HTML5-love-you
11,xumingming/crowbar
112,xiaoyu2er/google-mirror-check
124,xuqiang521/overwrite
122,xugy0926/getting-started-with-javascript
83,xcg340122/php300framework1.3.6
21,xsolla/currency-format
456,x3dom/x3dom
21,xiaody/react-lines-ellipsis
46,xushiwei/go-iconv
16,xcltapestry/xclpkg
16,xlsdg/vue-countup-v2
85,xinglie/xinglie.github.io
12,xaniox/HeavySpleef
26,xh2009cn/GalleryAnimations
658,xenith/django-base-template
96,xindong/easy-total
57,xxtea/xxtea-php
53,xtgxiso/WebWorker
93,xjflyttp/yii2-oauth
130,xl7dev/WebShell
14,xiyouMc/V2EX_Spider
113,xitu/system-design-primer
113,xriley/PrettyDocs-Theme
29,xbeark/javaopenrasp
39,xibijj/Bugscan
2185,xmartlabs/XLActionController
12,xiaobeibei26/yisou_spider
96,xindong/easy-total
57,xxtea/xxtea-php
112,xiaoyaoyou1212/BluetoothChat
100,xwmhmily/YOF
49,xzag/php-pm
236,x88/i18nGeoNamesDB
100,xwmhmily/YOF
334,xamarin/Xamarin.Auth
12,xunge0613/ATM
16,xjdrew/daisy
59,xiaoyu2er/awesome-webpack
100,xwmhmily/YOF
236,x88/i18nGeoNamesDB
98,xml4r/libxml-ruby
24,xinuc/ruby_basic
204,xtiankisutsa/MARA_Framework
228,xavi-/node-copy-paste
114,xtremespb/taracotjs
132,xtgo/set
93,xfiveco/generator-chisel
96,xindong/easy-total
101,xPaw/CF-ABetterBrowser
30,xphoniex/Google-Foobar
13,xiaomokk/learn
132,xurxodev/Movies-Kotlin-Kata
157,xdan/flipcountdown
93,xudafeng/autoresponsive_react_native_sample
13,xiaomokk/learn
90,xiaojiaqi/fakewechat
391,xjdrew/gotunnel
90,xiaojiaqi/fakewechat
105,xtongs/vue-recyclist
126,xu-li/cordova-plugin-wechat-example
846,xiaoyanger0825/NiceVieoPlayer
93,xudafeng/autoresponsive_react_native_sample
37,xlsdg/dva-antd-mobile-starter
24,xiewenfeng/statusbartextcolorchange
39,xuchaobei/Fang
20,xiewang/react-native-emoticons
124,xuqiang521/overwrite
49,xyxiao001/bilibili
58,xgfe/react-native-ui-xg
18,xing89qs/TianChi_CaiNiao_Season2
1032,xamarin/ios-samples
217,xflr6/graphviz
76,xiuno/xiunobbs
26,xtg20121013/blog_xtg
349,xssc/awesome-slim
32,xunit/xunit.analyzers
45,xiaopeng163/docker-k8s-lab
620,xlab/android-go
21,xiaochengfu/yii2-swoole
12,xiaohuapunk/WeexEros
620,xlab/android-go
35,xemle/html5-video-php
436,xbsoftware/enjoyhint
16,xiaoyun94/weapp-java-tunnel-demo
19,xiaomingplus/text2pic
42,xiaobeicn/text-similarity-php
113,xriley/PrettyDocs-Theme
102,xournalpp/xournalpp
54,xjbeta/Aria2D
76,xiaojue/report-custom
11,xiezhenye/phpcc
27,xsank/cabbird
37,xidui/algorithm-training
16,xxlabaza/luntic
29,xpepermint/express-vue-builder
29,xpepermint/vue-cli-template
41,x25/luajwt
334,xamarin/Xamarin.Auth
97,xamarin/Xamarin.Social
219,xamarin/Xamarin.Mobile
122,xugy0926/getting-started-with-javascript
52,xushuangqing/XSQLandscapeFullscreenDemo
11,xiaohuilam/LuoCaptcha
23,xhjcehust/LFTPool
633,xeipuuv/gojsonschema
132,xtgo/set
56,xiaobaiyey/dexload
11,xiezhenye/phpcc
57,xxtea/xxtea-php
30,xphoniex/Google-Foobar
55,xedin/disruptor_thrift_server
90,xla/prof
22,xabikos/EfMultitenant
19,xero/blaquemagick.vim
30,xeonx/timeago
105,xiaokaike/vue-clipboard
29,xuguangwen/nodeStation
28,xbzbing/Yii2-UEditor
14,xfleckx/LSL4Unity
57,xbgmsharp/ipxe-buildweb
189,xinax/laravel-gettext
26,xiangshouding/node-images
127,xareelee/XAspect
321,xumeng/XMShareModule
41,xingda920813/HelloCamera2
15,xuehuayous/ImageUpload
554,xiangwangfeng/M80AttributedLabel
1735,xyfeng/XYPieChart
13,xudusheng/XDSReader
25,xiaohange/PooCodeView
61,xiaocong/android-uiautomator-server
168,xiezhongmin/XZMRefresh
15,xiaoshuai0/One
204,xhzengAIB/XHRealTimeBlur
15,xiaoshuai0/One
11,xiaopin/XPCircleMenu
27,xinge1/LXAlertViewDemo
32,xinge1/LXAnimationDemo
61,xieliaing/SAS
49,xm15/iosdev_sample
17,xuwj/ToolbarDemo
130,xjsender/haoide
97,xPaw/mcstatus
13,xuhong1105/objc4-680
55,xianlinbox/iOS7_New
30,xralphack/Stackoverflow-Likes
87,xiaozhuxiong121/PGNetworkHelper
15,xiaohange/WeChatPay
75,xiaosheng0601/RichTextDemo
17,xiaotanit/Tan_UITableViewCellLeftSwipe
11,xumaohuai/-IMDemo
809,xhzengAIB/PopMenu
27,xiepanqi/XPQGifView
365,xujingzhou/VideoBeautify
87,xiaozhuxiong121/PGNetworkHelper
11,xiaohange/JQScan
146,xiekw2010/DXAlertView
54,xiezhongmin/DUKEBlocksKit
87,xiaozhuxiong121/PGNetworkHelper
227,xcarpentier/react-native-country-picker-modal
11,xumaohuai/-IMDemo
57,xjlove/XJAVPlayer
11,xumaohuai/-IMDemo
20,xquezme/WebRTC
87,xiaozhuxiong121/PGNetworkHelper
17,xingchou/picker
41,xujingzhou/CustomVideo
11,xquezme/SPAsyncVideoView
87,xiaozhuxiong121/PGNetworkHelper
87,xiaozhuxiong121/PGNetworkHelper
11,xamarin-automation-service/uitest-pop-example
49,xu-duqing/React-Native-ART-Sample
43,xuwening/textInputLimit
41,xujingzhou/CustomVideo
364,xhzengAIB/iOS8SelfSizingCells
36,xiaolai/git-basics-tutorial
936,xmuSistone/DragRankSquare
25,xinge1/LXNetworking
36,xiayuanquan/BezierCurveLineTest
52,xinxibin/DouBan-iOS-
43,xuwening/textInputLimit
24,xiaohange/IDCardRecognition
241,xamarin/urho-samples
628,xhzengAIB/PinterestAnimator
134,xiecc/game-server-development
43,xuwening/textInputLimit
30,xmy0010/DemoForCSDN
52,xinxibin/DouBan-iOS-
41,xgfe/react-native-label-select
138,xiachufang/BlackCookbook
628,xhzengAIB/PinterestAnimator
365,xujingzhou/VideoBeautify
53,xiaofei86/XFBlogDemo
25,xinge1/LXNetworking
28,xckevin/Android-Download-Component
14,xjdeng/pinterest-image-scraper
41,xujingzhou/CustomVideo
11,xumaohuai/-IMDemo
618,xissburg/XBImageFilters
74,xavierha/localize-with-spreadsheet
128,xaviermerino/XMSegmentedControl
78,xkonni/raspberry-remote
257,xxxAIRINxxx/ARNTransitionAnimator
93,xx-li/iOSAutoPackaging
290,xboxdrv/xboxdrv
23,xaphod/Bluepeer
14,xindizhiyin2014/JKWKWebViewHandler
16,xeieshan/SwiftUserManager
63,xogroup/felicity
28,xnohat/xnohatddosfirewall
49,xxx10101xxx/ThinkPad-X230-macOS
49,xxx10101xxx/ThinkPad-X230-macOS
47,xavi-/node-simple-rate-limiter
336,xenione/tab-digit
146,xiaanming/SlidingFinish
207,xamarin/xamarin-forms-book-preview-2
207,xamarin/xamarin-forms-book-preview-2
700,xhzengAIB/XHRefreshControl
12,xiaozhuxiong121/PGPickerView
85,xaviervia/sketch2json
31,xleon/I18N-Portable
433,xxxAIRINxxx/MusicPlayerTransition
62,xiongxiong/WBSegmentControl
63,xpensia/ImapServer
96,xing/XNGMarkdownParser
71,x2bool/kuery
69,xamarin/GooglePlayServicesComponents
77,xamarin/KinderChat
86,xamarin/VervetaCRM
206,xcenv/xcenv
29,xcodeswift/xctools
336,xenione/tab-digit
23,xStream-Kodi/plugin.video.xstream
206,xcenv/xcenv
29,xcodeswift/xctools
35,xoudini/emojica
49,xenione/loupe
68,xenione/beforeafter-effect
194,xenione/swipe-maker
75,xmartlabs/XLMediaZoom
60,xuanfeng/vector
11,xinge1/LiuXSlider
25,xwu/NumericAnnex
298,xamarin/Sport
124,xxxAIRINxxx/VHUD
124,xxxAIRINxxx/VHUD
11,x2on/expat-ios
25,xmuSistone/AutoWrapLayout
121,xdavidhu/probeSniffer
16,xesscorp/StickIt
97,xujingzhou/BeautyHour
433,xxxAIRINxxx/MusicPlayerTransition
55,xmartlabs/XLSwiftKit
62,xiongxiong/WBSegmentControl
15,xiayuanquan/XYQPlayer
44,xiangchuwang/Wechat_IDE_For_Crack
30,xiongcaihu/vue-power-drag
15,xiayuqingfeng/DPWebViewLocalCache
42,xiongxiong/ActionCell
14,xiao66guo/XGMapRelatedOperations
41,xiayuanquan/FFmpegDemo
75,xmartlabs/XLMediaZoom
63,xiph/vorbis
20,xil3f/podofo_iOS_sample
35,xoudini/emojica
59,xareelee/XLTestLog
15,xiayuqingfeng/DPWebViewLocalCache
37,xixilive/redux-weapp
35,xoudini/emojica
18,xmagicj/Wuhan-Internet-Companies
98,xxxAIRINxxx/GooglePlayTransition
14,xnohat/WebShell
74,xiaokaike/magic-upload-image
25,xuwei-k/ghscala
11,xuwei-k/javadoc-badge
35,xBimTeam/XbimWebUI
40,xBimTeam/XbimWindowsUI
11,xappsdev/boilerplate-koa2
187,xerions/mariaex
111,xanf/vuex-shared-mutations
45,xanf/vuex-redux-saga
108,xbmc/Official-Kodi-Remote-iOS
235,xpirt/sdat2img
42,xpirt/img2sdat
35,xadamy/docker-nginx-hhvm-bedrock
50,xythobuz/OpenRaider
227,xyc/react-inspector
234,xwp/stream
17,xbenjii/Prestan
39,xLs51/Twemoji-Picker
173,xriley/Developer-Theme
11,xombiemp/rds-copy-snapshots-lambda
72,xamarin/mqtt
20,xwidghet/stepmania
113,xivSolutions/biggy
72,xamarin/mqtt
60,xuchunyang/osx-dictionary.el
13,xzion/dota2-gsi
12,xmementoit/gdb-automatic-deadlock-detector
275,xyncro/freya
49,xahlee/xah-fly-keys
23,xsoh/Etar-Calendar
32,xasos/awesome-decentralized-papers
25,xasos/twitch-plays-tinder
11,xbmc/kodi-platform
18,xbmc/repo-scripts
173,xriley/Developer-Theme
56,xriley/AppKit-Landing-Theme
124,xtoolkit/Micon
27,xamarin/FacebookComponents
108,xaviervia/react-dream
32,xieziyu/angular2-draggable
199,xamarin/prebuilt-apps
240,xamarin/app-crm
65,xabikos/aspnet-webpack
32,xieziyu/angular2-draggable
43,xamarin/xamarin-evolve-2014
275,xpepermint/angular-ui-switch
89,xdite/rails-101
125,xamarin/KimonoDesigner
32,xieziyu/angular2-draggable
71,xonotic/xonotic
89,xplsv/orsotheysay
11,xavierjohn/ClientCertificateMiddleware
20,xAPI-vle/moodle-logstore_xapi
19,xackery/l2net
208,xoreaxeaxeax/reductio
59,xmaestro/angular2-recaptcha
37,xibre/FastMD5
59,xmaestro/angular2-recaptcha
57,xpepermint/vue-rawmodel
142,xyu/elasticsearch-whatson
165,xat/react-component-composition-cheatsheet
60,xogeny/aplus
32,xpl/stacktracey
100,xabre/xamarin-forms-tab-badge
49,xgrommx/practical-functional-programming
12,xaviervia/tessellation
47,xfl03/MCCustomSkinLoader
49,xgrommx/practical-functional-programming
49,xgrommx/practical-functional-programming
32,xmaestro/sails-angular2
49,xgrommx/practical-functional-programming
177,xtuple/xtuple
66,xtuple/qt-client
205,xjamundx/eslint-plugin-promise
183,xsokev/Dojo-Bootstrap
812,xmuSistone/AnimRichEditor
36,xamarin/java.interop
407,xtuc/async-reactor
83,xsf/xmpp.org
602,xgc1986/ParallaxPagerTransformer
34,xiidea/EasyAuditBundle
314,xdever/MobilECG-II
18,xmikos/pyxolotl
169,xant/libhl
169,xant/libhl
89,xdrop/fuzzywuzzy
58,xerpi/libvita2d
15,xerpi/SDL-Vita
251,xamarinhq/app-acquaint
454,xelerance/Openswan
117,xtaci/libkcp
140,xyzzy-022/xyzzy
20,xtaci/chat
140,xyzzy-022/xyzzy
44,xavi-/sublime-selectuntil
81,xrash/smetrics
49,xlqstar/WebCopyer
39,xebd/accel-ppp
110,xpinjection/design-patterns
105,xlson/groovycsv
