30,Yorubaname/yorubaname-website
935,YouCanBookMe/react-datetime
98,Yuyz0112/vue-notie
23,Yelp/pyramid_zipkin
2109,Yelp/mrjob
177,Yubico/pam-u2f
192,Yelp/mysql_streamer
5034,Yixiaohan/show-me-the-code
212,YMFE/yapi
1600,Yalantis/Horizon
357,YouXianMing/iOS-Design-Patterns
513,Youshido/GraphQL
598,Yelp/dataset-examples
163,Yukinoshita47/Yuki-Chan-The-Auto-Pentest
163,Yukinoshita47/Yuki-Chan-The-Auto-Pentest
1438,Yalantis/Segmentio
127,YouXianMing/Swift-Animations
6024,Yalantis/uCrop
2408,Yalantis/Side-Menu.iOS
1577,Yalantis/DisplaySwitcher
72,Yalir/sfeMovie
898,Yasic/ParticleTextView
68,YuanLianDu/YLD-with-Php
23,Yeatse/KingfisherWebP
611,Yukong/Deeplearning.ai-Solutions
63,YoungPioneers/mgq
611,Yukong/Deeplearning.ai-Solutions
285,Yonet/Angular-Interview-Questions
20,YieldNull/avmoo
1611,Yggdroot/indentLine
1695,Yalantis/PullToMakeSoup
2457,YouXianMing/YoCelsius
2081,YouXianMing/Animations
163,Yukinoshita47/Yuki-Chan-The-Auto-Pentest
50,YianAndCode/Comment2Wechat
15,YasserGersy/sub6
163,Yukinoshita47/Yuki-Chan-The-Auto-Pentest
1592,YaroslavGaponov/node-jvm
163,Yukinoshita47/Yuki-Chan-The-Auto-Pentest
167,YalcinYolalan/WSSAT
163,Yukinoshita47/Yuki-Chan-The-Auto-Pentest
163,Yukinoshita47/Yuki-Chan-The-Auto-Pentest
6024,Yalantis/uCrop
2305,Yelp/dumb-init
45,Yelp/schematizer
611,Yukong/Deeplearning.ai-Solutions
2189,Yixiaohan/codeparkshare
2081,YouXianMing/Animations
780,Yasic/QQBubbleView
188,YUX-IO/163music-APlayer-you-get-docker
1401,Yelp/osxcollector
1401,Yelp/osxcollector
33,Yuyz0112/vue-examples
611,Yukong/Deeplearning.ai-Solutions
253,Yufeikang/bcloud
961,YuzuJS/setImmediate
3603,Yelp/elastalert
3534,Yalantis/Phoenix
4248,Yalantis/Side-Menu.Android
4248,Yalantis/Side-Menu.Android
102,Yuncun/AbusiveGymReminder
3123,Yalantis/Context-Menu.Android
170,Yabause/yabause
3123,Yalantis/Context-Menu.Android
1091,Yalantis/JellyToolbar
271,YCAMInterlab/ProCamToolkit
506,YousefED/ElasticUI
2973,Yalantis/StarWars.iOS
308,YCAMInterlab/Duration
16,YuriyGuts/snake-ai-reinforcement
20,YknZhu/segDeepM
13,Ydcool/QrModule
3449,Yalantis/Koloda
576,Yam-cn/pyalgotrade-cn
24,YCAMInterlab/cga.js
110,Yelp/yelp-python
308,YCAMInterlab/Duration
87,YCAMInterlab/RAMDanceToolkit
75,YCAMInterlab/MOTIONER
11,Youjingyu/Tabris-Documention
254,Yelp/android-school
433,YoKeyword/ItemTouchHelperDemo
29,YaLTeR/BunnymodXT
13,YunYinORG/YunYinService
16,Yangxulei/ML-DL-Tutorial
29,YahooArchive/messenger-sdk
225,YixuanLi/densenet-tensorflow
12,YuyangZhangFTD/zyy_ML-DL
793,Yinzo/SmartQQBot
1045,Yalantis/SearchFilter
1210,Yalantis/ToDoList
1630,Yalantis/StarWars.Android
1088,Yalantis/Multi-Selection
225,YixuanLi/densenet-tensorflow
254,Yelp/android-school
350,Yelp/service-principles
1138,Yaffle/EventSource
2804,Yalantis/Persei
433,YoKeyword/ItemTouchHelperDemo
1138,Yaffle/EventSource
175,YunoHost/yunohost
352,YABhq/Quarx
766,YABhq/Laracogs
735,YorickPeterse/ruby-lint
825,Yoctol/messaging-apis
161,YueDayu/AsmFlappyBird
425,YahooArchive/samoa
176,YerevaNN/A-Guide-to-Deep-Learning
621,Yorko/mlcourse_open
4287,YoKeyword/Fragmentation
793,Yinzo/SmartQQBot
160,Yelp/yelp.github.io
621,Yorko/mlcourse_open
176,YerevaNN/A-Guide-to-Deep-Learning
576,Yam-cn/pyalgotrade-cn
414,YodasMyDad/mvcforum
2104,Yalantis/Pull-to-Refresh.Rentals-iOS
12,YerkoPalma/choo-tts
35,Yink/Amadeus
352,YABhq/Quarx
2005,YabataDesign/afterglow-theme
621,Yorko/mlcourse_open
1476,Yelp/undebt
244,YePpHa/maia-yt
22,YingzhenLi/Dropout_BBalpha
414,YodasMyDad/mvcforum
190,YearOfProgramming/2017Challenges
432,YongHaoWu/NeteaseCloudMusicFlac
296,YadiraF/GAN
204,Youshido/GraphQLBundle
25,Yangqing/decaf
383,Yomguithereal/talisman
704,YoKeyword/IndexableRecyclerView
33,YerevaNN/Deep-Learning-Papers-Reading-Roadmap
1108,YANGReal/JokeClient-Swift
27,Yifeng-He/Deep-Learning-Time-Series-Prediction-using-LSTM-Recurrent-Neural-Networks
34,Yvictor/TradingGym
15,YueLiXing/IdentifierForReusable
96,Yixiaohan/free-programming-books-zh_CN
269,Yorko/python_intro
269,Yorko/python_intro
134,YihangLou/FasterRCNN-Encapsulation-Cplusplus
269,Yorko/python_intro
27,Youki/statistical-modeling-for-data-analysis-with-python
269,Yorko/python_intro
885,Yara-Rules/rules
551,YuwenXiong/py-R-FCN
24,YeongjinOh/RapidCheck
122,YerevaNN/Spoken-language-identification
25,Ypnose/wswsh
409,Yonaba/Jumper
269,Yorko/python_intro
39,YuKongEr/blog
1132,Yelp/paasta
14,YZHUA/orb_slam2-ElasticFusion
99,YJango/tensorflow
45,Yveaux/NRF24_Sniffer
369,Yawning/obfs4
392,YelpArchive/pyleus
67,Yela528/laravel-5-myblog
12,Yengas/siberkamp-2016-kis
13,Yegair/kotlin-angular
812,YiiGuxing/TranslationPlugin
174,YihangLou/fast-rcnn-train-another-dataset
202,Yfling/shoppingCart
202,Yfling/shoppingCart
3397,YOURLS/YOURLS
2892,YePpHa/YouTubeCenter
67,Yela528/laravel-5-myblog
21,YuanWenHai/IReader
140,Yenthe666/InstallScript
15,YangYus/YYNetWorking
737,YuAo/YUCIHighPassSkinSmoothing
3346,Yalantis/FoldingTabBar.iOS
51,YJManager/SwiftProgressHUD
1772,Yalantis/Context-Menu.iOS
104,YIXUNFE/blog
