15781,zxing/zxing
13258,zeeshanu/learn-regex
942,zeroc-ice/ice
1163,zeromq/netmq
11,zvirja/ReSharperHelpers
31,zodiacon/PEExplorer
45,zzzprojects/Dapper-Plus
683,zyq8709/DexHunter
31,zodiacon/PEExplorer
529,zouxiaohang/TinySTL
355,zzzprojects/Z.ExtensionMethods
19297,zenorocha/clipboard.js
14,zedalaye/Delphi-ZeroMQ
101,zkat/cacache
19338,zeit/hyper
1988,zenorocha/browser-diet
510,zpao/qrcode.react
7772,zeit/pkg
18026,zeit/next.js
2509,zalandoresearch/fashion-mnist
607,zbetcheckin/Security_list
13,zsai001/leaf_cluster
167,zsummer/breeze
16,zero-rp/ZNet
11,zbycz/srtm-hgt-reader
384,zmap/zgrab
58,zhimaochen/SnapHelperDemo
1950,zaphoyd/websocketpp
701,zsk425/SKTagView
13,zaki/mac-hun-keyboard
22,zeekay/executive
21,zx576/proxypool
828,zackthoutt/got-book-6
1633,zhangkaitao/es
1229,zhanglei-workspace/shopping-management-system
1157,zhuangbiaowei/learn-with-open-source
153,zhuli19901106/leetcode-2
393,zhreshold/mxnet-ssd
4137,zsh-users/zsh-syntax-highlighting
248,zhuzhenpeng/CTP-TradeServer
1339,zce/weapp-demo
739,zouhir/lqip-loader
2087,zhuhaow/SpechtLite
2090,zmap/zmap
660,zhongfenglee/IDCardRecognition
18,zrysmt/echarts3
66,zhaodabao/topology
1976,zxh0/jvm.go
416,zstackio/zstack
509,zerosum0x0/koadic
304,ztgrace/changeme
91,zhaoyang21cn/iLiveSDK_iOS_Suixinbo
13,zer0yu/ZEROScan
62,ztgrace/pwn_lab
192,zce/dashboard
3011,zaproxy/zaproxy
1200,zenoamaro/react-quill
2123,zardus/ctf-tools
5244,zealdocs/zeal
112,zhaochenyou/Way-to-Algorithm
205,zblogcn/zblogphp
304,ztgrace/changeme
13,zuihouyigemeng/tpshop
2123,zardus/ctf-tools
1682,zeromq/pyzmq
215,zhangyaowu/CN-Chrome-DevTools
279,zhangfisher/DjangoUeditor
566,zardus/preeny
702,zeit/now-desktop
82,zeit/docs
323,zserge/webview
2826,zolrath/wemux
1167,zhouhuanqiang/LearningIOS
143,zekunyan/TTGBingWallPaper
916,zodern/meteor-up
328,zogvm/zogvm
28,zencodex/csip
29,zhu327/ifwechat
56,zetaops/zengine
219,zake7749/Chatbot
163,zhuanqianfish/ThinkphpHelper
859,ziggear/shadowsocks
1519,zhuhaow/NEKit
427,zwwill/yanxuan-weex-demo
83,zmap/zdns
2123,zardus/ctf-tools
327,zyantific/IDASkins
26442,zurb/foundation-sites
444,zhangxinxu/Tween
2250,z-song/laravel-admin
85,zefoy/ngx-swiper-wrapper
2328,zhangkaitao/shiro-example
14,ztelur/AOSP-analysis
73,zencephalon/Tactful_Tokenizer
104,zhengjianglong915/note-of-interview
1267,zouzg/mybatis-generator-gui
28,zhouande/TLCoreTextMore
1833,zplug/zplug
7723,zyedidia/micro
412,zordius/lightncandy
1648,zagum/Android-SwitchIcon
16820,ziadoz/awesome-php
2328,zhangkaitao/shiro-example
17,zhukunqian/unity_navmesh_for_java
19,zhu327/greentor
68,zhangxd1989/springboot-dubbox-web
44,zseano/InputScanner
47,zjlywjh001/PhrackCTF-Platform-Personal
447,zhengwenming/WMDragView
272,zzyspace/ZYBannerView
1267,zouzg/mybatis-generator-gui
682,zhengguorong/maizuo
111,zhaoml529/SpringMVC-Activiti5.16-Shiro
70,zombieCraig/UDSim
31,zombieCraig/c0f
62,zombieCraig/ICSim
54,zombieCraig/uds-server
4771,zloirock/core-js
32,zseano/JS-Scan
44,zcgonvh/MS16-032
2738,zixun/GodEye
916,zenany/weekly
2097,zythum/mama2
80,zhenyong/notebook
676,zvonicek/ImageSlideshow
31,zsj1992/IJKPlayerDemo
141,zhangsuya/SYStickHeaderWaterFall
251,zhanghe06/python
371,zeromq/cppzmq
1040,zackchase/mxnet-the-straight-dope
5250,zhihu/Matisse
396,zccrs/QQStars
3022,zh-google-styleguide/zh-google-styleguide
169,zaproxy/zap-extensions
145,zecure/shadowd
16820,ziadoz/awesome-php
282,zhihu/zhihu-rxjava-meetup
17,zxiaofan/JDK
12,zhchbin/KM
588,zhangdaiscott/jeecg
987,zalando/SwiftMonkey
1418,zedapp/zed
7982,zenorocha/alfred-workflows
857,zhiwehu/Python-programming-exercises
16,zsdonghao/Imitation-Learning-Dagger-Torcs
1368,zoofIO/flexx
160,zhengmin1989/ROP_STEP_BY_STEP
456,zachacole/Simple-Grid
81,zaproxy/zap-core-help
4771,zloirock/core-js
25,zopefoundation/BTrees
13,zupzup/smart-contracts-with-go
11,zupzup/solidity-example-crowdfunding
328,zurb/inky
1647,zdhxiong/mdui
4771,zloirock/core-js
161,zcoinofficial/zcoin
2240,zzzeek/sqlalchemy
83,zakkak/workspace-grid
2880,zcash/zcash
406,zhu327/rss
964,zmrenwu/django-blog-tutorial
964,zmrenwu/django-blog-tutorial
72,z00nx/reversemap
18,zhoutk/Tetris
31,zombieCraig/c0f
70,zombieCraig/UDSim
54,zombieCraig/uds-server
62,zombieCraig/ICSim
2452,zTree/zTree_v3
28,zzxboy1/leetcode
682,zhengguorong/maizuo
49,zhugejunwei/100-Days-of-Swift
534,zotonic/zotonic
25,zerosum0x0/ThreadContinue
540,zalando/restful-api-guidelines
11,zendframework/zend-problem-details
1489,zircote/swagger-php
28,zlorb/scapy
502,zalando/zalenium
228,zhongxintech/generator-web
2310,zuiidea/antd-admin
2310,zuiidea/antd-admin
71,zhangzhenfeng/AnyScan
333,zzzprojects/html-agility-pack
6524,zurb/foundation-emails
30,zhaoyang21cn/CallSDK_Android_Demo
179,zhaoyang21cn/Android_Suixinbo
352,zoubin/streamify-your-node-program
782,zhubangbang/zhubangbang-javascript-notes
286,zhangxinxu/zxx.lib.css
2738,zixun/GodEye
2460,zsdonghao/tensorlayer
37,zccodere/study-imooc
7982,zenorocha/alfred-workflows
37,zhaozhiyong19890102/Python-Machine-Learning-Algorithm
90,zthxxx/hexo-theme-Wikitten
272,zhuinfo/Django-ERP
34,zhangyuang/doubanbyvuessr
15,zxsecurity/glugger
28,zerothoughts/spring-jndi
126,zkat/make-fetch-happen
1524,zeit/serve
862,zhengmin1989/iOS_ICE_AND_FIRE
588,zhangdaiscott/jeecg
53,zrlram/afterglow
88,zx2c4/password-store
527,zalando/zalando-howto-open-source
622,zeffy/wufuc
109,zsxsoft/danmu-server
122,zznate/cassandra-tutorial
217,zzmhot/vue-admin
35,zopefoundation/bobo
242,zpng/spring-cloud-microservice-examples
17,zxiaofan/JDK
634,zekunyan/TTGTagCollectionView
53,zalando-incubator/docker-locust
74,zalando-incubator/postgres-operator
70,zalando-incubator/kube-ingress-aws-controller
1647,zdhxiong/mdui
986,zhengxiaopeng/android-dev-bookmarks
24,zrosenbauer/You-Dont-Know-JS-review
38,zoltx23/3DNUS
6336,zeroclipboard/zeroclipboard
445,zalando/tailor
693,zkat/npx
17,zonquan/PyMT4
560,zhufengketang/app
297,zhangmengxue/React-Learning
833,zhaohaodang/vue-WeChat
25,zhuxiuwei/CLRS
782,zhubangbang/zhubangbang-javascript-notes
84,zeromq/exzmq
1356,zeromq/jeromq
83,zhangchunyu2016/CYTabbar
873,zmywly8866/Worth-Reading-the-Android-technical-articles
153,zxfnicholas/CameraSDK
771,zhou-you/RxEasyHttp
15,zx576/recruitment
24,zodiacon/DllInjectionWithThreadContext
15,zx576/recruitment
107,zer0h/httpscan
170,zhedahht/ChineseCodingInterviewAppendix
358,zwczou/weixin-python
156,zehome/MLVPN
107,zhou1178539345/lvyou
113,zhoulijie/react-redux-support-ie8
60,zhengxiaowai/weapp-github
887,zdfs/toscani
28,zstackio/zstack-utility
20,zstackio/zstack-dashboard
616,zhangxinxu/ieBetter.js
65,zhangyd-c/springboot
712,zhegexiaohuozi/SeimiCrawler
1334,zhongsp/TypeScript
493,zxlie/FeHelper
3598,zsh-users/zsh-autosuggestions
122,zzzeek/mako
112,zakaziko99/agnosterzak-ohmyzsh-theme
1709,zerotier/ZeroTierOne
11,zhanjiashu/ZhihuDemo
160,zachmayer/caretEnsemble
3466,zsh-users/antigen
362,zyearn/zaver
2086,zhangqianhui/AdversarialNetsPapers
17,zuoxinian/CCS
311,zalando/zappr
11,zalando-stups/ssh-tunnels
66,zalando/tokens
12,zalando-nakadi/fahrschein
19,zendframework/zend-dom
12,zaratsian/network_topology_analysis
5548,zendframework/zendframework
95,zhixuhao/unet
46,zhisheng17/mybatis
38,zhengxiawu/scrap-cvpr2016
55,zwxxx/LeetCode
55,zwxxx/LeetCode
1148,zzzprojects/EntityFramework.Extended
5360,zulip/zulip
18,zouwei/onela
33,zzqboy/static_study
26,zyphlar/Open-Source-Access-Control-Web-Interface
94,zen-audio-player/zen-audio-player.github.io
927,zcreativelabs/react-simple-maps
155,zhangxin840/tomato5
47,zeit/art
323,zhengmin1989/MyArticles
106,zlynn1990/SpaceSim
205,zeekay/flask-uwsgi-websocket
129,zhangzibin/char-rnn-chinese
778,zhedongzheng/finch
1397,zeit/now-cli
1680,zzw922cn/Automatic_Speech_Recognition
240,zhourunlai/deep-learning-demo
117,zouhongzhao/Programming-Collective-Intelligence-Source-Code
197,zygmuntz/phraug
393,zephyrproject-rtos/zephyr
60,zxbodya/angular-webpack-seed
210,zoltan-dulac/cssSandpaper
133,zyra/ngx-facebook
95,zopefoundation/zope.interface
1548,zdevito/terra
4322,zhukov/webogram
11,zafartahirov/fingerpi
16,zchee/cuda-sample
31,zhuangyin8/carrots-admin-ajax
684,zcweng/SwitchButton
1867,zcweng/ToggleButton
80,zaiste/huncwot
171,zhangqianhui/CnnForAndroid
409,znxlwm/pytorch-generative-model-collections
142,zuoxingdong/VIN_PyTorch_Visdom
19,zmagdum/zama
1130,zaach/jsonlint
76,zhangkaixu/minitools
1612,zensh/jsgen
12,zsyandjyhouse/TencentAD_contest
33,zwily/iphototogallery
25,zhisheng17/Python-Projects
20,zhisheng17/CoderBlog
21,zynga/loadScript
216,zalando/spilo
267,zhoumengkang/netty-restful-server
470,zeit/awesome-zeit
261,zeit/async-retry
17,zkan/tictactoe
195,zenorocha/diveintohtml5
2773,zfsonlinux/zfs
279,zhiyu/epub
433,zhanggyb/nndl
409,znxlwm/pytorch-generative-model-collections
222,zhonglinlin1305/Spring
271,zzw922cn/awesome-speech-recognition-speech-synthesis-papers
1680,zzw922cn/Automatic_Speech_Recognition
45,zqmath1994/Note
1136,zhihu/kids
348,zonination/perceptions
96,zhezhaoa/ngram2vec
58,zhangzibin/PairCNN-Ranking
12,zsyandjyhouse/TencentAD_contest
395,zenkay/bigdata-ecosystem
304,zsdonghao/SRGAN
25,zhanghang1989/MXNet-Gluon-Style-Transfer
1219,zalando/patroni
4322,zhukov/webogram
12,zhchbin/xxxx
49,zhengjunbase/codehelper.generator
985,zacyu/bilibili-helper
36,zihaolucky/Undergraduate-Innovation-Program
160,zhongkaifu/RNNSharp
87,zhanghan1990/zipline-chinese
55,zynaddsubfx/zynaddsubfx
12,zhouhao27/ChatDemo
715,zeeshanu/opus
27,zemirco/ng-form-shake
275,zchee/Seti_JetBrains
58,zeke/all-the-cities
58,zeke/all-the-cities
161,zsdonghao/seq2seq-chatbot
1988,zer0n/deepframeworks
257,zk-phi/sublimity
18,zntfdr/Compass
11,zamar/spsa
335,zhihu/RxLifecycle
51,zemirco/sf-city-lots-json
198,zserge/partcl
198,zolrath/marky_markov
186,zerotier/toss
73,zenozeng/p5.js-svg
361,zhouxc/Stanford-Machine-Learning-Course
210,zedshaw/liblcthw
35,zuojj/fedlab
2623,zhxnlai/ZLSwipeableView
25,zhangxiaoshan618/iOSPlayerVerticalAndHorizontalScreenDemo
1962,zhengwenming/WMPlayer
127,zyw113/ZYWStock
62,zhongwuzw/ZhihuDaily
891,zquestz/omniauth-google-oauth2
532,zzzprojects/EntityFramework-Plus
31,zhongxintech/zx-quartz
15,zhaopeiym/Hi-Blogs
95,zhonglimh/Gulp
579,zyyoona7/EasyPopup
2742,zetbaitsu/Compressor
2375,zzz40500/GsonFormat
46,zjutkz/CountdownView
14,zbetcheckin/IPv6
94,zetaops/ulakbus
134,zachflower/awesome-open-source-supporters
1597,zendframework/ZendSkeletonApplication
144,zplizzi/tensorflow-fast-rcnn
214,zlotus/notes-LSJU-machine-learning
133,zhangliliang/RPN_BF
49,zcodes/IMESupport
171,zhangqianhui/CnnForAndroid
46,zimenglan-sysu-512/Focal-Loss
148,zixia/node-facenet
21,zjuchenlong/sca-cnn
161,zsdonghao/seq2seq-chatbot
96,zhezhaoa/ngram2vec
47,zedshaw/learn-python3-thw-code
27,zedshaw/learn-more-python-the-hard-way-solutions
16,zsai001/radix.v3
21,zjuchenlong/sca-cnn
374,zenogantner/MyMediaLite
146,zygmuntz/hyperband
55,zhangqianhui/Conditional-Gans
409,znxlwm/pytorch-generative-model-collections
1988,zer0n/deepframeworks
36,zhuli1230/GooFlow
33,ziscloud/angular-adminlte
2945,zachfitz/Ionic-Material
401,zheludkovm/LinuxJavaFixes
3719,zeromq/libzmq
16,zchee/cuda-sample
85,zzarcon/default-passive-events
51,zagortenay333/timepp__gnome
2773,zfsonlinux/zfs
271,zzw922cn/awesome-speech-recognition-speech-synthesis-papers
319,zedshaw/learn-c-the-hard-way-lectures
130,ztratar/followr
4928,zalmoxisus/redux-devtools-extension
97,zurb/foundation-icon-fonts
4928,zalmoxisus/redux-devtools-extension
119,ztellman/dirigiste
196,zestyping/openpixelcontrol
37,zyfworks/SteamHosts
14,zvuc/thinking_face
328,zeta0134/LuaGB
2742,zetbaitsu/Compressor
2298,zoonooz/ZFDragableModalTransition
50,zachsnow/ng-elif
3787,zeman/perfmap
261,zeit/async-retry
348,zalando/gulp-check-unused-css
2945,zachfitz/Ionic-Material
619,zeromq/czmq
3719,zeromq/libzmq
1525,zingchart/zingtouch
80,zseymour/phrase2vec
210,zedshaw/liblcthw
414,zhangao0086/iOS-CoreImage-Swift
476,zetavm/zetavm
1988,zer0n/deepframeworks
35,zjcboy/ionic2-jpush-demo
35,zxj963577494/cn.zxj.cordova.UmengAnalyticsPlugin
205,ziem/android-architecture-resources
13,z4kn4fein/stashbox
1774,zsh-users/zsh-completions
280,zj-wukewei/Hot
717,zingchart/awesome-charting
2742,zetbaitsu/Compressor
21,zrrrzzt/docker-unoconv-webservice
1091,zalmoxisus/remote-redux-devtools
50,zxbodya/reactive-widgets
5159,zeit/micro
318,zipfian/data-science-primer
55,zz85/threejs-term
430,zbtang/React-Native-ViewPager
40,zetter/voronoi-maps
301,zios/unity-themes
177,zyro/elixir-uuid
1571,zerodb/zerodb
318,zipfian/data-science-primer
50,zeruniverse/fast-artistic-videos
433,zhanggyb/nndl
245,zhaoweicai/mscnn
20,zhicwu/cassandra-jdbc-driver
435,zack-bitcoin/basiccoin
62,zwily/sqs-to-lambda-via-lambda
175,zygmuntz/goodbooks-10k
161,zsdonghao/seq2seq-chatbot
27,zhangqichuan/CheungSSH
237,zsiciarz/aquila
681,zhblue/hustoj
397,zone117x/node-open-mining-portal
161,zsdonghao/seq2seq-chatbot
3719,zeromq/libzmq
465,zlotus/notes-linear-algebra
456,zeruniverse/QQRobot
165,zaxlct/imooc-django
241,zokis/Python--Faster-Way
548,zensh/AngularjsTutorial_cn
58,zhangzibin/PairCNN-Ranking
1774,zsh-users/zsh-completions
12,zpppy/seq2seq-chinese-textsum
161,zsdonghao/seq2seq-chatbot
75,zsdonghao/Image-Captioning
1988,zer0n/deepframeworks
27,zuazo/node-jmx
58,zeke/all-the-cities
12,zhxx1987/PPPM_VORTEX_Bouyant_Flow_sample
161,zsdonghao/seq2seq-chatbot
102,zapier/zapier-platform-cli
209,zhangjikai/gitbook-use
304,zsdonghao/SRGAN
824,zestyping/q
57,zachgibson/react-native-parallax-swiper
16,zachgibson/ParallaxCardsDemo
283,zkessin/testing-erlang-book
2051,zo0r/react-native-push-notification
131,zachscrivena/simple-resume-cv
433,zhanggyb/nndl
304,zsdonghao/SRGAN
771,zeapo/Android-Password-Store
283,zen-kernel/zen-kernel
175,zygmuntz/goodbooks-10k
175,zygmuntz/goodbooks-10k
20,zhanglab/psamm
96,zhezhaoa/ngram2vec
31,zc8424/LazzyQuant
131,zachscrivena/simple-resume-cv
252,zzhi/Java_Books
786,zrm/snow
37,zzsza/bigquery-tutorial
793,zig-lang/zig
2051,zo0r/react-native-push-notification
40,zeusees/HyperLPR
22,zackdevine/setup-strongswan-vpn-account
1248,zombodb/zombodb
65,z-classic/z-nomp
928,zalando/connexion
11,zekyll/OMPEval
5159,zeit/micro
262,zgldh/qiniu-laravel-storage
193,zhaotoday/iview
1525,zingchart/zingtouch
211,zkavtaskin/Domain-Driven-Design-Example
52,zhangshuiyong/nodequant
1110,zserge/anvil
220,zalmoxisus/redux-remotedev
1612,zeit/hazel
1612,zeit/hazel
2051,zo0r/react-native-push-notification
37,ziscloud/angular-bootstrap-toggle
65,zhaojh329/wifi-portal
106,zhaojh329/evmongoose
34,zferentz/maproxy
163,zenodo/zenodo
111,zhovner/zaborona_help
16,ztombol/bats-file
28,zendframework/zend-stdlib
695,zellwk/typi
114,zdharma/fast-syntax-highlighting
18,zbicin/angular-webpack-typescript-karma-coverage
178,zyra/ionic-image-loader
39,zyra/cordova-plugin-stripe
175,zygmuntz/goodbooks-10k
30,zhirongw/3DShapeNets
304,zsdonghao/SRGAN
205,zimbatm/ffmpeg-static
40,zgabievi/sass-bem
104,zerokol/JoystickView
77,zzamboni/enwrite
109,zenorocha/browser-calories
278,zafree/pilpil
4928,zalmoxisus/redux-devtools-extension
32,zackpollard/JavaTelegramBot-API
1091,zalmoxisus/remote-redux-devtools
88,zalando/dress-code
1719,zeit/release
1612,zeit/hazel
23,zhugejunwei/Algorithms-in-Java-Swift-CPP
46,zeno/mobile-detect-demo
252,zzhi/Java_Books
86,zalando/problem-spring-web
1141,zeit/ms
43,zalun/jsFiddleGithubDemo
25,zag2me/script.hello.world
46,zyao89/ZLoading
77,zipline-live/zipline
364,zoujingli/Think.Admin
746,zzz40500/Tinker_imitator
472,zhengmin1989/TheSevenWeapons
917,zemirco/json2csv
161,zuoge85/OpenMajiang
113,zsong/SqlBeautifier
393,zulip/zulip-android
3785,ziahamza/webui-aria2
31,zerebubuth/openstreetmap-cgimap
115,zifangsky/WeatherSpider
113,zsong/SqlBeautifier
1988,zer0n/deepframeworks
55,zz85/threejs-term
490,zedtux/brewformulas.org
78,zeruniverse/QBotWebWrap
1942,z3t0/Arduino-IRremote
318,zipfian/data-science-primer
728,zurb/motion-ui
27,zijianhuang/webapiclientgen
258,zadvorsky/three.bas
105,zats/github_bus_factor
159,zimplexing/vue-nReader
431,zrispo/wick
12,zehfernandes/react-native-3dcube-navigation
567,ziyasal/scientist.js
40,zielmicha/fc00.org
72,zcash-hackworks/babyzoe
129,zembutsu/docs.docker.jp
145,zdevito/ATen
145,zeke/color-namer
239,zck119/3dgan-release
237,zhu410289616/RHSocketKit
265,zyra/ionic2-super-tabs
24,zync/zync-python
47,zeit/async-sema
31,zensqlmonitor/influxdb-sqlserver
84,zgrossbart/jdd
81,ziwon/falcon-rest-api
18,zhentaoshi/econ5170
97,zakki/Ray
70,zoohanyoo/node-ctp
41,zzz24512653/CommunityDetection
282,zikes/circle-menu
721,zhangxiangxiao/Crepe
179,zetachang/react-native-dotenv
735,ztellman/lamina
363,ztellman/potemkin
93,zeebe-io/zeebe
54,zhunzhong07/IDE-baseline-Market-1501
76,zhunzhong07/person-re-ranking
84,zamansky/using-emacs
1927,zk00006/OpenTLD
157,zhuzhichao/bank-card-info
16,zedyang/vn.datayes
558,zapier/django-drip
81,zhreshold/mxnet-yolo
175,zopefoundation/ZODB
101,zhiguowang/BiMPM
29,zieckey/golang.org
72,zksailor534/react-adminlte-dash
141,zhbhun/WebpackStudyDemo
101,zhiguowang/BiMPM
89,zaytoun/scihub.py
155,zjy-ucas/ChineseNER
95,zacwest/ZSWTappableLabel
91,zhangmhao/Life-Time-Tracker
405,ztellman/gloss
479,ztellman/automat
358,ztane/python-Levenshtein
22,zxth93/CIKM_AnalytiCup_2017
35,zhoudayang/get_recommend_stock
290,znort987/blockparser
182,zhixuanziben/gouyan-movie-vue
56,zipfian/building-spark-applications-live-lessons
1129,zeux/pugixml
15,zt14362/douban
155,zjy-ucas/ChineseNER
42,zlotus/Coursera_Machine_Learning_Exercises
19,zagortenay333/zukitwo-cinnamon
18,zszyellow/WER-in-python
207,zhangxd1989/spring-boot-cloud
11,zhwhong/lidc_nodule_detection
58,zhongwen/RAM
13,zhangqixun/mini-weather-zqx
154,zlmzju/fusenet
25,zhangwang1990/blogs
11,zenoss/zenoss.toolbox
17,zenoss/ZenPacks.zenoss.ZenPackLib
16,zenoss/zenoss-prodbin
54,zergylord/oneshot
15,ziwang-com/zwPytonh
140,zatosource/zato-apitest
61,zdata-inc/SparkSampleProject
128,zl19861124/codeFactory
82,zhhlmr/ZHPopupView
119,zelandiya/RAKE-tutorial
2179,zeit/styled-jsx
30,zipfian/Opinion-Mining-Project
101,zhw2590582/Teahouse-Wordpress-Theme
27,zgq354/weibo-rss
129,zhanghang1989/PyTorch-Style-Transfer
24,zacstewart/kaggle_seeclickfix
711,zurb/reveal
68,zzarbi/synology
670,zz85/space-radar
12,ziyanfeng/udacity-ml-nanodegree
11,zh-explorer/Project-Damocles
1045,zootreeves/Objective-C-HMTL-Parser
51,zhengyunfei/springboot
14,zhaoshuxue/springBoot
139,zhemao/ez8
111,zake7749/word2vec-tutorial
233,zzzprojects/GraphDiff
246,zhubinchen/MarkLite
382,zagortenay333/Harmattan
74,zenzire/conkyrc
58,zhongwen/RAM
11,zunama/MA-FSA
11,zunama/MA-FSA
15,zixaphir/AppChan
138,zixaphir/appchan-x
87,zhblue/crud
23,zhaoshiyu/SEANLP
64,zimv/WebSocketHeartBeat
73,zonyitoo/sysuh3c
59,zerojay/RetroPie-Extra
88,zfdang/asm-android-client-for-newsmth
22,zinka/arraytool
22,zhouningyi/us_selection_crack
620,zencoder/html5-boilerplate-for-wordpress
194,zapmaker/GrblHoming
722,zofe/rapyd-laravel
22,zhegan27/Semantic_Compositional_Nets
73,zenecture/neuroflow
105,zafarella/OSX-RAMDisk
16,zsctju/triplets-extraction
111,zake7749/word2vec-tutorial
855,zserge/jsmn
633,zsh-users/zsh-history-substring-search
13,zekunyan/TTGNotificationGuard
617,zedshaw/lamson
62,zhongnanxiaoqin/get_coupon
1143,zachlatta/sshtron
20,zmb4973992/2
15,zaxlct/baike-spider
62,zhongnanxiaoqin/get_coupon
50,zhangkai3110/JD_AutoSubmit
21,zxszcaijin/datapumper
62,zhangzhao4444/Fastmonkey
87,ziyasal/pyley
901,zenozeng/fonts.css
65,zyfworks/ssr-backup
29,zqjflash/tcp-ip-protocal
57,zhentaoo/puppeteer-deep
13,zoln/baidu-hosts
14,zeyiwen/mascot
798,zerqu/qingcheng
156,zhoushengmufc/es6
145,zTrix/webpage2html
673,zbackup/zbackup
13,zhongzh323/FudanBBS
12,zenboss/filekv
102,zhangfei19841004/zson
27,zhangfei19841004/zmock
27,zhangfei19841004/zmock
102,zhangfei19841004/zson
219,zhaomenghuan/mui-demo
139,zhangfangtaozft/ZFTPlayer
570,zhoushengmufc/iosselect
139,zhangfangtaozft/ZFTPlayer
570,zhoushengmufc/iosselect
139,zhangfangtaozft/ZFTPlayer
15,zoidbergwill/docker-compose-kafka
24,zneak/units-cxx14
63,zalando-incubator/zally
114,zalando/tech-radar
35,zalando/spring-cloud-config-aws-kms
417,zirafa/bootstrap-grid-only
92,zachwill/cracking-the-coding-interview
91,zhaokaiyuan99/PullRefresh
51,zyl1314/forum
533,zedshaw/python-lust
117,zueve/neurolab
417,zhengjinghua/StitchingImage
103,zhengwenming/swiftDemo
826,zhuchaowe/EasyIOS
1052,zhengwenming/WeChat
85,zangqilong198812/InitializeAppShell
13,zhonggaorong/weixinLoginDemo
106,zhifenx/JFCitySelector
43,zkfpk6/YGGrivityImageView
17,zssr/GifBackgroundView
13,zhanghaa/XLBasePage
25,zhwayne/WLButtonCountingDownDemo
55,zhangsuoyong/Database.js
173,ziwenxie/netease-dl
779,zhujun2730/Android-Learning-Resources
133,zhanziyang/vue-croppa
141,zsxwing/leetcode-java
16,zhufengzhufeng/angularjs
24,zzqfsy/spring-cloud-demo
86,zhangdaiscott/jeewx
53,zhaohaihao/CodeGenerator
17,zoonooz/Android-Beam-NFC-NDEF-Push-to-Reader
157,zer0Black/zer0MQTTServer
486,zendesk/maxwell
235,zkoss/zk
39,zhangdiwaa/anGrid
104,zouabimourad/angular2-spring
157,zhongxig/dubbo-d-monitor
157,zhongxig/dubbo-d-monitor
32,zhishutech/awesome-tools-cn
157,zhongxig/dubbo-d-monitor
291,zhangkaitao/spring4-showcase
157,zhongxig/dubbo-d-monitor
21,zhangkaitao/openresty-helloworld
24,z505/goDLL
157,zhongxig/dubbo-d-monitor
157,zhongxig/dubbo-d-monitor
37,zjutkz/ASnowflake
21,zhangpeihao/gop2p
97,zcbenz/chromium-source-tarball
14,zhangsi/CisRec
51,zalo/MathUtilities
76,zhoumengkang/netty-websocket
16,zxcpro/zing
192,zhu327/forum
28,zr777/life-journey
250,zhiyuncloud/aixuexiao
246,zengzhan/qqzeng-ip
177,zaidka/genieacs
91,zhwj184/shell-work
216,zpeters/speedtest
112,zerosum0x0/defcon-25-workshop
36,zhujunxxxxx/rpc
69,zyzsdy/biliroku
63,zhutaorun/Hearth-Stone
49,zevarito/Licode-ErizoClientIOS
246,zengzhan/qqzeng-ip
69,zhonglinlin1305/spring-boot-sample
49,zmap/celerybeat-mongo
123,zythum/weibotuchuang
18,zhuchuangang/k8s-install-scripts
821,zhangao0086/DKImagePickerController
121,zalando/logbook
174,zhangchenchen/proxyspider
18,zensqlmonitor/influxdb-zabbix
21,zhuomingliang/mmseg4j
13,zhang-rf/airy
191,ziwenxie/leafer
61,zxj963577494/IonicClub
459,zhangkaitao/servlet3-showcase
94,zhongl/config-annotation
12,zhougaojun618/restful-api
284,zhaozepeng/FloatWindowPermission
571,zhongjie-chen/rn_rank
20,zhujinxian/longio
14,zeromax007/gpdb-roaringbitmap
27,zhangjianhao/BBS
1633,zjw-swun/AppMethodOrder
25,zkske121/daily
25,zhouwenbin/css-modules-vue-demo
41,zhanghaj00/netty-chat-parent
73,zyantific/REtypedef
75,ziyan/javascript-rsa
430,zhuowei/MCPELauncher
23,zhishutech/mysqldba
20,zach-m/jonix
185,zengfantian/zftlive
237,zhangkaitao/websocket-protocol
28,zhisheng17/blog
15,zengfantian/MyLive
126,zhangpeihao/LearningDocker
45,zhangxin23/spring-boot-example
161,zhangxiaoyang/WechatImageDecoder
19,zhaoshiling1017/ThreadProject
21,zone-eu/zone-mta-template
571,zakjan/cert-chain-resolver
300,zen-js-code/react-universal-web-apps
31,zhangjikai/CodeSamples
459,zhangkaitao/servlet3-showcase
12,zhougaojun618/restful-api
60,zhaopei8948/springboot
20,zhishutech/mysqlha-keepalived-3node
21,zxh0/vscode-proto3
18,zhuchuangang/k8s-install-scripts
459,zhangkaitao/servlet3-showcase
1120,zavoloklom/material-design-iconic-font
101,zituocn/22v
39,zhengshuxin/acl
459,zhangkaitao/servlet3-showcase
87,zry656565/heaven-blog
261,zargony/rust-fuse
186,zhangn1985/ykdl
18,zhuchuangang/k8s-install-scripts
104,zhangdaiscott/MiniDao
553,zzhoujay/Markdown
1736,zzhoujay/RichText
50,zzhoujay/RichEditor
296,zzhoujay/MaterialDesignColor
3314,zenazn/goji
20,zhishutech/mysqlha-keepalived-3node
31,zyw/sqladvisor-web
247,zmbacker/enum_help
326,zybieku/SoftKeyboardUtil
24,zq99299/gitbook-plugin-anchor-navigation-ex
87,zhuhaow/tun2socks
44,zhxnlai/react-webgl-globe-basic-example
43,zhengfc/redis-cluster-monitor
186,zhedahht/CodingInterviewChinese2
38,zrlio/crail
39,zrlio/disni
29,zhaoshiling1017/voyage
430,zhuowei/MCPELauncher
31,zoopaper/rpc4j
197,zkweb-framework/ZKWeb
31,zoopaper/rpc4j
12,zhudongya123/WechatChatroomHelper
191,zgldh/vuejs-laravel
201,zhangxuyang321/StepView
637,zhuhuihuihui/EChart
22,zabbix/zabbix-bash-completion
191,ziwenxie/leafer
93,zhangkaitao/spring4-1-showcase
28,zhoumengkang/notes
2020,zxlie/WeixinApi
26,zhuyeqing/ComETL
102,zpng/spring-cloud-7simple
121,zalando/logbook
62,zalando/tracer
23,zhishutech/mysqldba
89,zeroclipboard/jquery.zeroclipboard
43,zemirco/json2csv-stream
80,zolyfarkas/spf4j
47,ziplet/ziplet
25,zhoumengkang/svn-hook-to-remote-server
28,zhongmiao0706/NumberOne-MM
1633,zjw-swun/AppMethodOrder
662,zhaoqp2010/andbase
50,zegervdv/homebrew-zathura
310,zalando/intellij-swagger
323,zhengxiaopeng/Rocko-Android-Demos
49,zhengjunxin/wx-promise-request
21,zanon-io/serverless-multiplayer-game
20,zachhuff386/dashcam
25,zenmoney/i.zenmoney
11,zaporylie/php-vipps
52,zzxadi/Snowflake-IdWorker
11,zhuzhong/gateway
26,zhangzhenfei/vue2.0-tutorial
61,zhisheng17/springmvc
60,zhaopei8948/springboot
112,zenus/ThinkStorm
414,zhongxia245/weiqunkong
42,zhihaozhang/qingmang-for-mac
19,zjucx/DistributedCrawler
143,zhegexiaohuozi/SeimiAgent
34,zheller/flake8-quotes
22,zhaotoday/react.js
21,zhisheng17/zhisheng17.github.io
56,zs9024/quick_psd2ugui
18,zhuchuangang/k8s-install-scripts
102,zpng/spring-cloud-7simple
31,zoopaper/rpc4j
1127,zendesk/cross-storage
14,zdying/jquery.jscrollbar
12,zhimingluo/MovingObjectSegmentation
11,zhangtasdq/range-picker
20,zhiaixuexi/machine_learning
17,zhangxianwu/light-netty-client
13,zbeboy/Jsonviewer2
73,zilongshanren/dotfiles
11,zjcboy/mit-city-select
12,zhengshuheng/PatatiumAppUi
20,zhangguixu/sourcecode
12,zhonglimh/Grunt-LiveReload
14,zxiaofan/OpenSource_Study
146,zoeminghong/go-library
61,zapperbot/Weixin
34,zgs225/alfred-youdao
120,zhuanghongji/MPAndroidChart
41,zlsq/Servlet
25,zyw/v5cmsjava
621,zaiste/vimified
73,zhengguorong/h5maker
11,zhangwei5095/TomcatRedisClusterEnabledSessionManager
274,zxh0/jvmgo-book
1436,zpz1237/NirZhihuDaily2.0
11,zhuzhong/idleaf
61,zapperbot/Weixin
24,zhoutony/html5
262,zhangyuChen1991/OverWatchLoading
28,zhaotoday/webpack-multi-page
16,zrk1000/oauthclient
59,zmrenwu/django-blog-tutorial-templates
21,zrk1000/spring-boot-mvc-ueditor-qiniu
73,zhengguorong/h5maker
13,zenany/zenany.github.io
70,zsl131/spring-boot-test
162,zhongzhong0505/CodeBe
197,zeeshanu/emoji-awesome
38,zhaopei8948/maintain
70,ziaochina/mk-docs
165,zabbix/zabbix-docker
110,zhaozg/lua-openssl
22,zhuang0/BoYaDDZ
11,zhanguangao/react-native-ble-manager-demo
20,zeen101/issuem
38,zJiaJun/zJiaJun.github.io
162,zhongzhong0505/CodeBe
81,zyro23/grails-spring-websocket
25,zrysmt/react-demo
11,zhangwei5095/TomcatRedisClusterEnabledSessionManager
70,zsl131/spring-boot-test
629,zchee/docker-machine-driver-xhyve
11,zcyzcy88/SelfColle
22,zalando/faux-pas
546,z3APA3A/3proxy
40,zhoujingjie/xiaoyaoji
17,zhmu/ananas
105,zyfworks/steam-key
15,z32556601/book
16,zrk1000/oauthclient
78,zxj963577494/Ionic2-CNodeClub
97,zhongbiaodev/py-mysql-elasticsearch-sync
68,zengwenfu/h5-creator
73,zhengguorong/h5maker
222,zacao/php-developer-prepares
28,zytx121/justice_eternal
506,zeromq/jzmq
97,zhongbiaodev/py-mysql-elasticsearch-sync
113,zencart/zencart
70,zsl131/spring-boot-test
629,zchee/docker-machine-driver-xhyve
20,zyzsdy/Blodh
38,zhaopei8948/maintain
20,zdliuccit/vue-webpack-config
127,zyedidia/Literate
25,ziyasal/Httwrap
148,ziman/lightyear
214,zaki/irrlicht
141,zcaudate/spirit
142,zxh0/classpy
15,z32556601/book
48,zscorpio/web-wechat
14,zhangwei5095/utmost
14,ztemt/NX531J_M_kernel
66,zhongkouwei/Dot-matrix-font-Build
272,zdhxiong/Material-Design-Chinese
24,zhongmc1995/blog
1791,zzz40500/AndroidSweetSheet
42,zachm/tscached
13,zhengyong100/ji
265,zhiqiang21/blog
844,zhaoda/webpack-handbook
809,zeroturnaround/zt-zip
222,zaqqaz/ng2-rest-api
22,zyra/ionic-tooltips
77,z2-dev/android_device_zuk_z2_plus
66,zeroturnaround/sql-formatter
31,zhangtianle/WebSocketChat
38,zhaopei8948/maintain
13,zakx/openvpn-mgmt-webinterface
83,zhanjunxiong/luapb
20,zhangweiwei0326/api-doc
26,zhaozhenzuo/projectDubbo
62,zzboy/lucene
47,zizohassan/laraflat
203,zepang/Imitation-DIDI-project
86,zhouxiongking/vue2.0-vuex2.0-demo-jianshu
30,zjccsg/permo
659,zhaozhentao/InboxLayout
65,zhoumengkang/yar-java-client
27,zjucx/SearchEngine
30,zserge/hid
42,zhengHongwei/springmvc
517,ztellman/manifold
28,zjpjohn/ReliableMeageSystem
28,zjpjohn/ReliableMeageSystem
51,zhangguosen3033/Wonderful
28,zjpjohn/ReliableMeageSystem
18,zhouguangwu/LanScan
26,zhaozhenzuo/projectDubbo
29,zhaofucheng1129/KuailewoAppServer
32,zhangsr/Feeder2
24,zenoss/ZenPacks.zenoss.CloudStack
358,zeroturnaround/zt-exec
12,zeromake/my-vue-hackernews
1088,zhangxinxu/mobilebone
66,zhangxigithub/AutomaticCoder
13,zhangjh/chromeExt
331,zilongshanren/spacemacs-private
75,zefoy/ngx-color-picker
145,zefoy/ngx-perfect-scrollbar
30,zepinos/ChatServer
19,zhangbz/FragmentTabHost
60,zuiwuyuan/ImgDots
292,zmywly8866/Android-Develop-Resources
12,zhouyuan24/zhouyuanyaf
606,zhonghanwen/AndroidProguardPlugin
28,zjpjohn/ReliableMeageSystem
160,zdj/themes
174,zzz40500/AnimatorCompat
39,zimoguo/TimeLineDemo
263,zendtech/php-src
19,zhaohehe/z-blog
265,zhiqiang21/blog
15,zrysmt/leaflet-viz
774,zaihuishou/ExpandableRecyclerview
18,zp-j/binarizewolfjolion
14,zezewoo/mqtt
606,zhonghanwen/AndroidProguardPlugin
20,zikzakmedia/openerp-magento
14,zhangslob/Python-General-Spider-
12,zhouyuan24/zhouyuanyaf
21,zhouyuexie/learn-graphql
89,zenorocha/wormz
60,zoltan-nz/product-app
15,zoltan-nz/bookstore-client
13,zouyx/agollo
13,zhaiyz/activemq
65,zhoumengkang/yar-java-client
73,zhaoqian/init-spring
43,zalando-incubator/remora
844,zhaoda/webpack-handbook
686,zixun/CocoaChinaPlus
134,zhushunqing/FaustCplus
121,zycgit/hasor
11,zoliu/ecmos
74,zeromq/lzmq
1130,zaaach/CityPicker
67,zjpjohn/ActiveMQ
403,zzz40500/HeadsUp
24,zhongmc1995/blog
18,zhwj184/springdemo
121,zycgit/hasor
270,zoujingli/wechat-php-sdk
149,zhouzhihu/webapp
38,zhuming3834/HBuildTest
118,zakhttp/Mongostead7
47,zhengyunfei/springboot-hadmin
42,zhengHongwei/springmvc
21,zhengzhiyuan/redisUtil
154,zhlucky/SaleProgressView
265,zhiqiang21/blog
110,zhangtao07/fis-vuejs-seed
134,zhushunqing/FaustCplus
389,zachwill/flask_heroku
113,zencart/zencart
42,zhansingsong/iShare.js
98,ziaochina/reactMonkey
32,zenoamaro/ansible-supervisord
45,zzuu666/antue
270,zoujingli/wechat-php-sdk
43,zhangchen2397/calendar
14,zhangwei5095/utmost
13,zaoying/EChartsAnnotation
21,zhouhuabin/logMonitor
42,zhengHongwei/springmvc
27,zaxlct/python-django-learning
231,zinserjan/mocha-webpack
81,zxlie/website-ssl.sh
62,zbum/netty-spring-example
112,zhangyachen/zhangyachen.github.io
30,zhaopeiym/BlogDemoCode
43,zsl131/school-blog
249,zhaopuming/awesome-d
1581,zhouchaoyuan/excelPanel
249,zhaopuming/awesome-d
105,zce/music-player
46,zerosum0x0/puppetstrings
249,zhaopuming/awesome-d
12,zsl131/thymeleaf-study
19,zhenyun/JavaGCworkload
82,zx1262111739/Chat
256,zhihu/mirror
278,zce/weapp-boilerplate
149,zhouzhihu/webapp
26,zengwenfu/freedom-api
358,zeroturnaround/zt-exec
206,zammitjames/JZStackedView
105,zyfworks/steam-key
650,zddhub/opensse
155,ztellman/virgil
67,zhaopengme/ndpediter
16,zenria/Weed-FS-Java-Client
278,zce/weapp-boilerplate
568,zk/clojuredocs
955,zurb/foundation-rails
141,zcaudate/spirit
33,zh-h/spring-abc
117,zhengruifeng/spark-libFM
28,zholos/qml
164,zellux/resume
378,zsoltk/RxAndroidLibs
85,zestedesavoir/django-cors-middleware
31,zhangtianle/WebSocketChat
15,zhangjikai/project-list-template
67,zjpjohn/ActiveMQ
28,zjpjohn/ReliableMeageSystem
78,zxj963577494/Ionic2-CNodeClub
199,zk-phi/indent-guide
11,zoeDylan/z_img
106,zcaudate-me/jai
27,zonotope/zanmi
22,zhanjindong/protobuf-tool
20,zuozishi/KuGouMusic-UWP
15,zykhbl/zFM
26,zengwenfu/freedom-api
30,zilongshanren/cocos2d-x-shader-gallery
315,zhimengzhe/iBarn
26,zyqwst/bootstrap-closable-tab
42,zhengHongwei/springmvc
265,zhiqiang21/blog
26,zachrey/react-dp
33,zhuzhumouse/ScanUnusedResouce
15,zacharee/SystemUITunerRedesign
124,zhaoyang21cn/iLiveSDK_Android_Suixinbo
68,zengwenfu/h5-creator
13,zhangsuya/ZZRouter
686,zixun/CocoaChinaPlus
29,znyang/library-analysis
26,zyqwst/bootstrap-closable-tab
14,zengzm163/web-tongji
809,zeroturnaround/zt-zip
43,zsl131/school-blog
14,zezewoo/mqtt
47,zulu-openjdk/zulu-openjdk
13,zaoying/EChartsAnnotation
183,zhangqi-ulua/XlsxToLua
104,zhaohehe/swoole-tadpole
25,zhihaozhang/mouseSync
36,zhouyongtao/homeinns-web
44,zhaoqp2010/andbase2x
378,zsoltk/RxAndroidLibs
43,zsl131/school-blog
14,zezewoo/mqtt
1088,zhangxinxu/mobilebone
84,zhangxinxu/simpScroller
1088,zhangxinxu/mobilebone
26,zhoushengmufc/realmock
844,zhaoda/webpack-handbook
512,zorkian/nagios-api
354,zscorpio/weChat
16,zyx0814/dzzoffice
87,zpatrick/go-config
30,zhengwh/captcha-svm
40,zhoujiping/build-your-own-php-framework
95,zsxsoft/danmu-client
117,zgq354/typecho-theme-next
56,zegodev/ZegoLiveDemo
108,zgs225/easy-tree
108,zgs225/easy-tree
48,zhufengyi01/ZFYTabbarController
771,zualex/devmap
462,zfcampus/zf-apigility-skeleton
592,zendframework/zend-expressive
52,zuocheng-liu/pni
33,zoujingli/ip2region
108,zgs225/easy-tree
725,zzak/sdoc
238,zhuzhichao/ip-location-zh
452,zonyitoo/doubanfm-qt
94,ztwo/Auto_Analysis
14,zeiss-microscopy/libCZI
108,zgs225/easy-tree
11,zhangolve/hexo-theme-olive
43,zhyoulun/yii2-cookbook-chinese
232,zdennis/ar-extensions
28,za2016/pythoncode
55,zvovov/whatsapp-web
25,zackchase/icu_rnn
56,zcgonvh/cve-2017-7269
780,zhoubowen-sky/LingDong
462,zfcampus/zf-apigility-skeleton
18,zhujun24/chinese-to-pinyin
905,zendtech/ZendOptimizerPlus
71,zhuowenli/vue-clipboards
93,zgq354/APlayer-Typecho-Plugin
40,zackdreaver/ROenglishRE
18,zhujun24/chinese-to-pinyin
71,zhuowenli/vue-clipboards
101,zh-wang/YWeatherGetter4a
55,zogvm/zogcm
16,zishuaiz/ChineseWord2Vec
71,zhuowenli/vue-clipboards
16,zxombie/freebsd
108,zhaoky/flqin
84,zengming00/node-gd-bmp
30,zealdocs/zeal-packaging
965,z56402344/BaseAnimation
29,zrafa/30pin-simm-ram-arduino
15,zmughal/gmail-imap-label
257,zendesk/zendesk_api_client_rb
32,zhanghe06/phalcon
35,zhaohehe/z-repository
285,zats/AdjustFontSize-Xcode-Plugin
42,zgldh/workerboy
59,zxz054321/aurora
28,zxz054321/lightning
82,zippy1978/jquery.scrollz
268,zqqian/baidulixiandown
23,zkaip/fanfou-chatbot
46,zoubin/engineering
79,zuopf769/notebook
112,zorgiepoo/Komet
52,zonghongyan/EVNTouchIDDemo
79,zonghongyan/EVNEstorePlatform
60,zgldh/laravel-upload-manager
61,zgabievi/awesome-adonisjs
32,zuiyu/superdaxue
71,zhuowenli/vue-clipboards
58,zamgo/PHPCoinAddress
23,zkaip/fanfou-chatbot
46,zoro-web/blog
155,zswang/h5psd
95,zeruniverse/CryptoStego
40,zouxiang0639/thinkcms-auth
33,zacyu/ABPlayerHTML5-bilibili-ver
30,zball/FOSREST-User-OAuth-Skeleton
21,zhuzhengquan/pc5s
19,zrysmt/PHPSpider
308,zhaoda/spa
240,zverok/worldize
22,zymseo/VueNode
16,zhanglanqing/Tiny-search-engine
315,zutrinken/bleak
184,zhanlangsir/Qtqq
25,zesicus/WeLSee
85,zchen9/hexo-theme-hollow
200,zhiqiang21/WebComponent
21,zengqiu/bittorrent
655,zammad/zammad
19,zrysmt/PHPSpider
268,zqqian/baidulixiandown
61,zooniverse/scribeAPI
84,zengming00/node-gd-bmp
26,zheng-ji/goCuckoo
66,zhaohaihao/tourist-lovers-sns
518,zenovich/runkit
13,zmitton/eth-proof
173,zeroshine/ComicsScroller
77,zhoou/vue-cli-multipage-bootstrap
423,zhaocai/alfred2-top-workflow
24,zihangdai/CFO
12,zwy1135/ChineseNumberIdentify
34,zach-klippenstein/goadb
113,zKillboard/zKillboard
183,zendesk/zendesk_api_client_php
61,zooniverse/scribeAPI
165,zfcampus/zendcon-design-patterns
21,zhengjinghua/est-image-demo
86,zhongjie-chen/wx-alphabetical-listview
159,zhongjie-chen/wx-scrollable-tab-view
85,zhongjie-chen/wx-drawer
17,zebpalmer/WeatherAlerts
13,zhoumengkang/tipi
62,ziaochina/mk-demo
79,zuopf769/notebook
418,zhiyul/switch
89,zapier/Zapier-for-Alfred
23,zswang/gallery.animate.css
518,zenovich/runkit
246,zabuto/calendar
41,zendframework/zend-permissions-acl
173,zrashwani/arachnid
30,zephyrzoom/pandatv
15,zephyrzoom/douyu
33,zacyu/ABPlayerHTML5-bilibili-ver
518,zenovich/runkit
24,zchen9/code
16,zxcvdavid/phpbook
16,zhanghuicuc/WebRTC-VideoEngine-Demo
41,zendframework/zend-permissions-acl
518,zenovich/runkit
40,zstaring/wms
1886,ztellman/aleph
12,zguillez/slim-mobile-detect
24,zchen9/code
46,zoro-web/blog
24,zchen9/code
64,zalando/gin-oauth2
41,zhanglaplace/Faster_rcnn_Cplusplus_vs2013
531,zxytim/neural-painter
11,zhuzhenpeng/PdfKit
856,zhiyu/chartee
193,zhaolei/WiringOP
32,zhanghe06/phalcon
412,ziyasal/FireSharp
31,zarknight/wx-falls-layout
15,zhanghuiguoanlige/MoAspEnginer
29,zts1993/GreenCMS
186,zheng-ji/goSnowFlake
79,zaynali53/Zeus-Theme
45,zhuhaow/libnekit
27,zmrenwu/django-zmrenwu-blog
246,zabuto/calendar
41,zendframework/zend-permissions-acl
1428,zzz40500/android-shapeLoadingView
33,zhangzhaopds/OCR_OpenCV_Tesseract_demo
34,zyqwst/DayBookApp
56,zacg/simplelib
15,zhangsoledad/alchemic_pinyin
243,zotero/translators
12,zguillez/slim-mobile-detect
196,zneak/x86doc
62,zinserjan/wdio-screenshot
1357,zurb/joyride
88,znck/vue-keynote
71,zephraph/vue-theme-loader
69,zouchunyi/EmojiText
246,zabuto/calendar
41,zendframework/zend-permissions-acl
78,zeuxisoo/php-slim-whoops
25,zthxxx/python-Speech_Recognition
2041,zdennis/activerecord-import
329,zhangshine/MdCharm
95,zhiqing-lee/js-printer
132,zack24q/vue-navigation
240,zenwalker/golang-book
35,zhaohehe/z-repository
61,zsxsoft/php-useragent
20,zhelyabuzhsky/yii2-sitemap
85,zeke8402/booking-app
114,zhegexiaohuozi/JsoupXpath
91,zhaohehe/real-time-pad
31,zzjin/php-ext-trie-filter
19,zrysmt/PHPSpider
97,zheng-ji/ngx_lua_reqstatus
51,zxbodya/yii2-gallery-manager
50,zhenbianshu/websocket
12,zwjiang111/ChatDemo
22,zwjlpeng/Redis_Deep_Read
33,zsenliao/shellMonitor
27,zhuguohui/VideoDemo
873,zmmbreeze/lining.js
296,zfsonlinux/zfs-auto-snapshot
67,zmb3/gogetdoc
15,zhwei/lego-demo
977,zilverline/react-tap-event-plugin
72,zenwalker/opencart-webapi
78,zhaotoday/free-apis
216,zurb/foundation-zurb-template
38,zhangmengxue/generator-reactpack
154,zmywly8866/Programer-s-tools-list
35,zhaohehe/z-repository
17,zmrnet/yodphp
23,zxj963577494/vue-example
287,zmmbreeze/Entry.css
15,zhwei/lego-demo
51,zxbodya/yii2-gallery-manager
216,zurb/foundation-zurb-template
637,zulip/zulip-ios-legacy
63,z-dev/react-native-checkout
2944,zmoazeni/csscss
25,zjhmale/intellij-rainbow
50,zaininnari/html-minifier
375,zurb/panini
28,zenparsing/es6-node-modules
1011,zendesk/samson
348,zendframework/ZendDeveloperTools
31,zfcampus/zf-development-mode
54,zacharycarter/zengine
78,zeuxisoo/php-slim-whoops
193,zhaolei/WiringOP
13,zhimeilee/sso
316,zurb/foundation-emails-template
59,zxz054321/aurora
518,zenovich/runkit
75,zhaocai/alfred2-sourcetree-workflow
518,zenovich/runkit
44,zzfly256/RyShop
23,zaaack/koa-joi-swagger
13,zsky/sslstrip
19,zwxhenu/coreseek
62,ziaochina/mk-demo
14,zj1926/vp
1422,znc/znc
2491,zzmp/juliusjs
296,zone117x/node-cryptonote-pool
39,zyyoona7/KExtensions
19,zwxhenu/coreseek
60,zhaoyang21cn/SuiXinBoPHPServer
26,zmecust/Vue-WebRTC2.0
62,ziaochina/mk-demo
44,zenozeng/font-detect.js
190,zeruniverse/QQParking
655,zammad/zammad
961,zipmark/rspec_api_documentation
29,zverok/yard-junk
196,zneak/x86doc
488,zendesk/ruby-kafka
40,zendesk/active_record_shards
97,zendesk/racecar
258,zzzprojects/EntityFramework.DynamicFilters
518,zenovich/runkit
421,zenozeng/Free-Chinese-Fonts
19,zhipeng-jia/project-lemon
23,zeroasterisk/CakePHP-ElasticSearchIndex
246,zabuto/calendar
402,zilongshanren/opengl-tutorials
23,zhouyuexie/vue-input-code
46,zoro-web/blog
702,zhangyuanwei/node-images
214,zutrinken/attila
11,zhangshanhai/readthis-api
35,zmdstr/learning_git_from_liao
23,zendobk/RealmS
91,zhaohehe/real-time-pad
39,zellwk/gulp-susy-starter
977,zilverline/react-tap-event-plugin
49,znarf/bouncer
41,zhaiyuhao/YHImageCarousel
856,zhiyu/chartee
31,zzjin/php-ext-trie-filter
104,zendframework/zend-expressive-skeleton
25,zthxxx/python-Speech_Recognition
95,zhaozhichen/rpi
40,zouxiang0639/thinkcms-auth
873,zmmbreeze/lining.js
14,zhuwei05/crawl-neteasemusic
78,zeuxisoo/php-slim-whoops
35,zalazdi/laravel-imap
28,z-song/laravel-admin.org
421,zenozeng/Free-Chinese-Fonts
25,zthxxx/python-Speech_Recognition
12,zguillez/slim-mobile-detect
84,zurb/inky-rb
2041,zdennis/activerecord-import
107,zeit/uid-promise
19,zrysmt/PHPSpider
48,zostera/django-bootstrap4
1468,zquestz/s
40,zstaring/wms
518,zenovich/runkit
518,zenovich/runkit
132,zack24q/vue-navigation
26,zheng-ji/goCuckoo
94,zelenin/yii2-semantic-ui
33,zelenin/yii2-rss
28,zxbodya/yii2-image-attachment
13,zhuravljov/yii2-logreader
51,zxbodya/yii2-gallery-manager
16,zyfei/workerman_web_ape
246,zabuto/calendar
11,zhoumeitong/react-native-amap
16,zhaojh329/eqos
40,zstaring/wms
44,zzfly256/RyShop
25,zettabithf/LiteHTTP
12,zguillez/slim-mobile-detect
33,zelenin/yii2-rss
21,zhaotoday/mini-program
130,zupet/LuaTinker
494,zyantific/zydis
111,zw963/asuswrt-merlin-transparent-proxy
40,zstaring/wms
227,zhangxinxu/powerSwitch
38,zohararad/wysihtml5n
94,zelenin/yii2-semantic-ui
874,zmxv/react-native-sound
39,z4r4tu5tr4/python-funcional
113,zKillboard/zKillboard
23,zKillboard/RedisQ
378,zendframework/zend-diactoros
12,zachgenius/SimpleTunnel
17,zhuhaoHappig/BaiduMapTrace
296,zone117x/node-cryptonote-pool
221,zond/gotomic
34,zyqwst/DayBookApp
187,zeit/micro-dev
702,zhangyuanwei/node-images
260,zengabor/zenscroll
22,zhuanxuhit/distributed-system
186,zheng-ji/goSnowFlake
412,ziyasal/FireSharp
246,zabuto/calendar
41,zendframework/zend-permissions-acl
39,zessx/sass-flexbox
94,zelenin/yii2-semantic-ui
246,zabuto/calendar
15,zhaohehe/laravel-echo-server
16,zhsj/nqueen
977,zilverline/react-tap-event-plugin
134,zheng-ji/goTcpProxy
35,zhaocai/alfred2-keylue-workflow
13,zcred/zser
13,zcred/zser
378,zendframework/zend-diactoros
113,zKillboard/zKillboard
23,zKillboard/RedisQ
12,zquancai/tetris
67,zielmicha/reactor.nim
40,zhuhaow/Soca-iOS
30,zephyrzoom/pandatv
46,zombieleet/testify
39,zy4kamu/Coda
15,zeppu/music-bubbles
421,zenozeng/Free-Chinese-Fonts
13,zsky/sslstrip
518,zenovich/runkit
13,zongwu233/Summer
21,zeit/err-sh
29,ztbcms/ztbcms
16,zimingwz/macos_command
1688,zurb/foundation-apps
26,zce/angular-boilerplate
216,zendframework/ZendSkeletonModule
198,zendframework/modules.zendframework.com
16,zazoomauro/node-dependency-injection
12,zp1996/A-simple-MVVM
12,zgldh/scaffold
18,zabbix-jp/plugins
36,zwh8800/xware
342,zont/gulp-usemin
20,zhevron/gulp-deploy-git
244,zachfeldman/alexa-home
22,zuing/dhtmlxgantt
107,znck/belongs-to-through
38,zeanwork/Watermark
350,zhengjinghua/MQRCodeReaderViewController
65,zkweb-framework/ZKWeb.MVVMDemo
101,zellwk/adaptive-placeholders
182,zach-adams/cutlass-wp-theme
78,zachleigh/laravel-vue-generators
24,zhangmazi/laravel-ueditor
840,zurb/twentytwenty
25,zlokomatic/phpLoL
27,zensh/slides
79,znck/vue-plugin-simple
22,zschuessler/laravel-route-to-class
11,zidaneno5/Reveal2Loader
16,zenny-chen/-Swift-4.0
68,zhangfeidev/ZFNavigationController
348,zhengwenming/ScreenShotBack
78,zhongwuzw/WebBrowser
348,zhengwenming/ScreenShotBack
318,zpz1237/NirKxMenu
1681,zipme/RQShineLabel
922,zyprosoft/ZYChat
17,zyprosoft/ZYChat-Source-Origin
165,zhengwenming/RongCloud-SDK-description
28,zj19881208/HangzhouBlacklistCompany
39,zhangbozhb/WebViewBridge.Swift
74,zjqzy/zjqzyEpub
95,zhangjiahuan8888/mvvmDemo
95,zhangjiahuan8888/mvvmDemo
276,zhengmin1989/GreatiOSJailbreakMaterial
14,zhaoName/ProgressView
14,zhuyunfeng1224/XHSegmentController
286,zyphs21/HSStockChart
33,zimoguo/DrawerMode
169,zwaldowski/AdvancedCollectionView
45,zsy78191/DeviceAccessViewController
15,zonghongyan/EVNCamera
558,zekunyan/AutolayoutExampleWithMasonry
212,zhengwenming/RCIM
212,zhengwenming/RCIM
163,zhouhuanqiang/AdvertisingPageDemo
17,zhuochenming/CTUnlimitedView
11,zixun/LeakEye
54,zhang28602/ZZYQRCodeSwift
260,zekunyan/TTGPuzzleVerify
22,zhangguosen3033/SomeTools-Demo
88,zhouxing5311/ZZCircleProgress
286,zyphs21/HSStockChart
223,zzyspace/ZYDraggableView
14,zhuyunfeng1224/XHSegmentController
43,zhangfurun/TT
316,zhxnlai/ZLBalancedFlowLayout
35,zhangyuchang1/ScatterAnimate
162,zhxnlai/ZLHistogramAudioPlot
168,zhengwenming/CountDown
97,zhengwenming/ExpandTableView
135,zekunyan/UITextViewDIYEmojiExample
182,zenangst/Versions
14,zhangchunyu2016/CYNavigation
88,zhouxing5311/ZZCircleProgress
155,zhaoxiaobao/inke-ios
129,zangqilong198812/BanTangAnimation
32,zhangao0086/DKCamera
26,ziyasal/Autofac.Extras.NLog
36,zhangxianhongx/ZYRewritePushPop_Swift
157,zziking/KIZBehavior
223,zzyspace/ZYDraggableView
115,zhuozhuo/ZHChat
168,zhengwenming/CountDown
18,zhuochenming/ImageCropper
369,zys456465111/CustomPopAnimation
43,zhangfurun/TT
1631,zhxnlai/ZLSwipeableViewSwift
135,zekunyan/UITextViewDIYEmojiExample
1631,zhxnlai/ZLSwipeableViewSwift
558,zekunyan/AutolayoutExampleWithMasonry
41,zhnnnnn/bantang
168,zhengwenming/CountDown
75,zhenlintie/STEmojiKeyboard
49,zacwest/ZSWSuffixTextView
39,zce/weapp-todos
499,zemirco/swift-linechart
1631,zhxnlai/ZLSwipeableViewSwift
1284,zoonooz/ZFRippleButton
41,zhnnnnn/bantang
369,zys456465111/CustomPopAnimation
1284,zoonooz/ZFRippleButton
120,zfdang/chinese-lunar-calendar-for-mac
88,zhouxing5311/ZZCircleProgress
14,zevwings/ZVRefreshing
121,zadr/j2s
88,zhouxing5311/ZZCircleProgress
174,zhoushiwei/EasyPR-iOS
369,zys456465111/CustomPopAnimation
35,zhangyuchang1/ScatterAnimate
22,zhangguosen3033/SomeTools-Demo
97,zhengwenming/ExpandTableView
369,zys456465111/CustomPopAnimation
223,zzyspace/ZYDraggableView
39,zce/weapp-todos
50,zhengwenming/OpenFile
120,zfdang/chinese-lunar-calendar-for-mac
88,zhouxing5311/ZZCircleProgress
165,zats/SpeechRecognition
25,zhwayne/WLUnitField
14,zonble/cocoaascii
243,zenangst/Tailor
1284,zoonooz/ZFRippleButton
43,zhangfurun/TT
53,zhuozhuo/ZHBLE
25,z695101385/FaceRecognitionSystem
101,zhao0/ipapk-server
35,zhangyuchang1/ScatterAnimate
46,zaneCC/AndroidUPnPDemo
75,zhenlintie/STEmojiKeyboard
369,zys456465111/CustomPopAnimation
43,zhangfurun/TT
118,zeas2/Kirikiroid2
35,zhangyuchang1/ScatterAnimate
17,zfx5130/CircleAnimationDemo
65,zencodex/hack-android
75,zhubinchen/DropDownMenu
73,zhifenx/JFQDaily
291,zsy78191/XXXRoundMenuButton
168,zhengwenming/CountDown
1284,zoonooz/ZFRippleButton
139,zed-0xff/zsteg
82,zhangli4659507/NSURLSession-NSURLProtocol-webviewCache
78,zhnnnnn/zhnbilibili
33,zouxiaohang/TinyCompiler
28,zeromake/zreact
75,zshannon/high-output-management
25,zendesk/zendesk_sdk_chat_ios
60,zroger/jekyll-less
150,zeit-archive/async-throttle
11,zackiles/bluebird-queue
42,z1lt0id/2016-dots
29,zadr/iTunesLibraryExample
41,zouxiaohang/TheArtOFMultiprocessorProgramming
337,zekunyan/TTGSnackbar
43,zigbeer/zigbee-shepherd
251,zweigraf/face-landmarking-ios
337,zekunyan/TTGSnackbar
123,zrzka/LigatureXcodePlugin
17,zhangxiang958/underscore-analysis
26,zoppo/zoppo
173,zk-phi/symon
28,zhovner/airport-sniffer
312,zedoul/ZDStickerView
21,zahlz/SwiftPasscodeLock
121,zntfdr/Selenops
105,ztgrace/sticky_keys_hunter
302,zoonooz/ZFTokenField
221,zekunyan/TTGEmojiRate
123,zcoding/amazeui-vue
109,zxj963577494/Ionic2-IonicClub
251,zweigraf/face-landmarking-ios
12,zhangbozhb/Carousel
89,zikosichi/hierarchy-view
43,zalando/riptide
22,zznn/futu-openAPI
22,zendobk/RealmMapper
28,zeroKilo/MEAExplorerWV
233,zetachang/IPSqueezableViewController
302,zoonooz/ZFTokenField
187,zfdang/android-multiple-images-selector
57,ziyang0621/ZTDropDownTextField
178,zeromq/zmqpp
30,zhangao0086/DKCarouselView
84,zhangao0086/DrawingBoard
57,ziyang0621/ZTDropDownTextField
126,zelic91/ZAlertView
221,zekunyan/TTGEmojiRate
420,zoul/Finch
221,zekunyan/TTGEmojiRate
126,zelic91/ZAlertView
79,zdenop/qt-box-editor
88,zattoo/TvOSPinKeyboard
576,zendesk/curly
12,zsqio/wechat-pinkDiary
207,zhxnlai/ZLMusicFlowWaveView
105,zyearn/zhihuCrawler
87,zoomhub/zoomhub
39,zendesk/Suas-iOS
45,zjmdp/GoAutoSlideView
14,zhwe130205/LoadGIF
11,zhuozhuo/AroundInfomation
12,zhangbozhb/Carousel
76,zarocknz/javascript-winwheel
191,zerosum0x0/WinREPL
14,zhanghaa/EmptyDataHandle
80,zachsnow/ng-multi-transclude
125,zhengmin1989/OS-X-10.11.6-Exp-via-PEGASUS
57,zats/Tribute
128,zhanming0601/ZMLive
37,zangqilong198812/VideoPushDemo
128,zhanming0601/ZMLive
177,zdne/spacegray-xcode
26,zhifenx/JFFanYi
22,zznn/futu-openAPI
146,zhoujunjiang/DoubanMovie
26,zhifenx/JFFanYi
177,zdne/spacegray-xcode
13,zdharma/zconvey
126,zelic91/ZAlertView
88,zattoo/TvOSPinKeyboard
111,zulip/zulip-mobile
30,zhangao0086/DKCarouselView
84,zhangao0086/DrawingBoard
26,zhifenx/JFFanYi
48,zhm/icu-ios
14,zupzup/react-native-ethereum
380,zhangke3016/ViewSpreadTranslationController
126,zelic91/ZAlertView
19,zhaoyang21cn/CallSDK_iOS_Demo
155,zenorocha/atom-javascript-snippets
43,zgabievi/laravel-promocodes
508,zeusdeux/isInViewport
76,zurb/foundation-sites-template
61,zmrenwu/toutiao
184,zytzagoo/smtp-validate-email
160,zeux/meshoptimizer
438,zertosh/invariant
384,zackkitzmiller/tiny-php
17,zhangnq/sspanel
23,zhongDZ/zhongdz.github.com
78,zimt28/laravel-jquery-file-upload
395,zeit/hpm
401,zevv/bucklespring
156,zxcpoiu/react-native-incall-manager
13,zachwhalen/ssbot
67,zslabs/basey-theme
104,zencoder/zencoder-php
70,zachlatta/fastprint
16,zafree/salt
27,zafree/shapes
31,zeliard/GameLift
53,zeliard/GSP
35,zachleigh/laravel-property-bag
243,zalando/PGObserver
311,zalando/pg_view
103,zaach/reflect.js
133,ztizzlegaming/CSGOWinBig
57,zellwk/zl-fetch
307,zapier/django-rest-hooks
19,zdimension/SharpBoot
102,zabirauf/icsharp
90,zgw21cn/FeedlyClient
23,zendframework/zend-config-aggregator
33,zachflower/resume-server
103,zpnk/stage-ci
12,zackpollard/SkypeToTelegramBot
146,zavoloklom/material-design-color-palette
38,zackthoutt/vue-trello
209,zentralopensource/zentral
15,zingaburga/XThreads-MyBB-Plugin
60,zeroasterisk/meteor-cordova-geolocation-background
78,zsdonghao/dcgan
61,zhenxuan00/triple-gan
60,zwacky/codeigniter_form_builder
21,zachgrayio/nest-typeorm-example
14,zhipenglin/candy_mobile
21,zachgrayio/nest-typeorm-example
632,zertrin/duplicity-backup.sh
28,zeljkoX/react-native-loading-placeholder
93,zalando/oauth2-client-js
14,zhouhao27/ParseLoginDemo
15,zhouhao27/WOWCheckbox
26,zhouhao27/WOWRibbonView
269,zenparsing/zen-observable
94,ziyasal/InfluxDB.Net
50,zefoy/ngx-dropzone-wrapper
43,zurb/building-blocks
452,zalando/skipper
89,zalando/innkeeper
110,zavoloklom/material-design-hierarchical-display
52,zorro-del-caribe/ship-hold
22,zoff99/ToxAndroidRefImpl
50,zefoy/ngx-dropzone-wrapper
452,zalando/skipper
89,zalando/innkeeper
42,zaiste/kulfon
430,zanker/github-trello
2849,zaach/jison
97,zoxon/gulp-front
165,zv/SICP-guile
13,zz85/hlslparser
438,zalmoxisus/crossbuilder
67,zakandrewking/escher
67,zakandrewking/escher
37,zawadz88/material-activity-chooser
85,zhansliu/writemdict
24,zhanjindong/SimpleSendToKindle
567,zertosh/jquery-audit
494,zonak/grunt-ftp-deploy
301,zamoose/themehookalliance
61,zhovner/mfdread
90,zzarcon/psaux
231,zverok/time_math2
80,zhaocai/alfred2-google-workflow
75,zellwk/crud-express-mongo
189,zbal/zabbix
71,zyra/ionic2-super-tabs-example
37,zawadz88/material-activity-chooser
15,zeyangl/UnityAppNameLocalizationForIOS
151,zeromq/zproto
50,zats/TouchBarLauncher
270,ziem/android-development-blogs
20,ziyasal-archive/socket.io-csharp-emitter
222,zeh/usfxr
25,zeit/load-licenses
95,zrho/purescript-optic-ui
11,zrysmt/Blog
281,zellwk/mappy-breakpoints
147,zerobias/telegram-mtproto
12,zurb/foundation-code-standards
147,zerobias/telegram-mtproto
105,zack-bitcoin/amoveo
147,zerobias/telegram-mtproto
323,zapret-info/z-i
144,zavg/linux-0.01
430,zurb/tribute
11,zorec/angular-libraries
274,zzzeek/alembic
766,zotero/zotero
163,zeit/micro-cluster
438,zalmoxisus/crossbuilder
22,zenmoney/ZenPlugins
36,zeke/npm-collection-language-tools
161,zmb3/spotify
249,zentyal/zentyal
53,zutherb/AppStash
119,zone117x/Jackett
142,zone117x/node-stratum-pool
56,zhuangsirui/binpacker
109,ziutek/emgo
85,zalando-stups/senza
280,zabawaba99/firego
197,zhuker/lamejs
64,zhe/hugo-theme-slim
23,zsqio/vue-meitu
280,zabawaba99/firego
280,zabawaba99/firego
271,zhuowei/Xenologer
39,zetagraph/formata
26,zumoshi/BrowserSelect
56,zcaudate-me/gyr
48,zjh-neverstop/microblog
48,zjh-neverstop/microblog
178,zhangliangming/HappyPlayer5
221,zafarkhaja/jsemver
